===== SLURM JOB STARTED =====
Date      = Thu Jul  3 09:46:14 PM EDT 2025
Host      = c0602a-s11
Start Dir = /home/xingjianxu/TurbulentFEX/src/slurm
Using cuda:0

============================================================

[INFO] Setting up the path...
[INFO] Right now we use hipergator workspace path.
[INFO] The save directory is /home/xingjianxu/TurbulentFEX/src/Example/MC_triad/Results/Results/equipart/case_5000
============================================================

============================================================
SECOND STAGE: STOCHASTIC OPTIONS
============================================================
1. Train everything in second stage
2. Skip to calculate the measurements
3. Skip all and plot the results
============================================================

[INFO] Training everything in second stage...
SAMPLE size for each time step is 5000
[SUCCESS] data has already been generated in this folder,you just need to train the following.
Processing time step 0/1000
Processing time step 100/1000
Processing time step 200/1000
Processing time step 300/1000
Processing time step 400/1000
Processing time step 500/1000
Processing time step 600/1000
Processing time step 700/1000
Processing time step 800/1000
Processing time step 900/1000
Time 0: 1.571696, 1.103089, 1.119534
Time 100: 1.604119, 1.119057, 1.112249
Time 200: 1.599548, 1.119605, 1.125627
Time 300: 1.559145, 1.111905, 1.121068
Time 400: 1.579656, 1.115583, 1.128431
Time 500: 1.615223, 1.115502, 1.127315
Time 600: 1.569658, 1.127394, 1.120359
Time 700: 1.591819, 1.112464, 1.126832
Time 800: 1.550327, 1.135558, 1.114852
Time 900: 1.598901, 1.114492, 1.115450
Residual covariance shape: (1000, 3)
First time step covariance: [1.57169567 1.10308937 1.11953447]
[INFO] the residual shape is (5000, 3, 1000),the state of dyamics is (5000, 3, 1000)
Processing 101 time points out of 1000 total
Time range: 0.00s to 10.00s
Scaler values: [20. 20. 20.]
Original residual std at t=0: [0.15716957 0.11030894 0.11195345]
Using train_size: 5000 out of total size: 5000
----------------------------------------------------------------------------------------------------
this is 1 times / overall 101 times (time step 0, t=0.00s)
1.5716956662129073 1.103089365005934 1.119534467132706
----------------------------------------------------------------------------------------------------
find index iteration: 0 5000
short indx is [[   0 3833  188 ... 1463 4634 1978]
 [   1 3359 1423 ... 4508  477 1420]
 [   2 2127 2662 ... 3969 4607 2657]
 ...
 [4997 2907 3604 ...  903 1133 1841]
 [4998 3666 1339 ... 1259  617 4339]
 [4999  813 2778 ... 1739 1562  655]]
Scaled residual std at t=0: [3.14339133 2.20617873 2.23906893]
start_idx is 0; end_idx is 5000
this is 0 times / overall 2000 times
this is 100 times / overall 2000 times
this is 200 times / overall 2000 times
this is 300 times / overall 2000 times
this is 400 times / overall 2000 times
this is 500 times / overall 2000 times
this is 600 times / overall 2000 times
this is 700 times / overall 2000 times
this is 800 times / overall 2000 times
this is 900 times / overall 2000 times
this is 1000 times / overall 2000 times
this is 1100 times / overall 2000 times
this is 1200 times / overall 2000 times
this is 1300 times / overall 2000 times
this is 1400 times / overall 2000 times
this is 1500 times / overall 2000 times
this is 1600 times / overall 2000 times
this is 1700 times / overall 2000 times
this is 1800 times / overall 2000 times
this is 1900 times / overall 2000 times
this is 1 times which has already done.
----------------------------------------------------------------------------------------------------
this is 2 times / overall 101 times (time step 10, t=0.10s)
1.603254009981081 1.1122381533117638 1.116624485544261
----------------------------------------------------------------------------------------------------
find index iteration: 0 5000
short indx is [[   0 2984  241 ...  943  736 2124]
 [   1 1949 3790 ...  138 3246  117]
 [   2 2623 1509 ... 1281 4241 3547]
 ...
 [4997 1369  780 ... 4038 2462 1449]
 [4998 3971 1012 ... 4043 1660 1537]
 [4999 1100 2404 ... 2466 1855  455]]
Scaled residual std at t=10: [3.20650802 2.22447631 2.23324897]
start_idx is 0; end_idx is 5000
this is 0 times / overall 2000 times
this is 100 times / overall 2000 times
this is 200 times / overall 2000 times
this is 300 times / overall 2000 times
this is 400 times / overall 2000 times
this is 500 times / overall 2000 times
this is 600 times / overall 2000 times
this is 700 times / overall 2000 times
this is 800 times / overall 2000 times
this is 900 times / overall 2000 times
this is 1000 times / overall 2000 times
this is 1100 times / overall 2000 times
this is 1200 times / overall 2000 times
this is 1300 times / overall 2000 times
this is 1400 times / overall 2000 times
this is 1500 times / overall 2000 times
this is 1600 times / overall 2000 times
this is 1700 times / overall 2000 times
this is 1800 times / overall 2000 times
this is 1900 times / overall 2000 times
this is 2 times which has already done.
----------------------------------------------------------------------------------------------------
this is 3 times / overall 101 times (time step 20, t=0.20s)
1.589022329167833 1.129384799750937 1.1200005955126913
----------------------------------------------------------------------------------------------------
find index iteration: 0 5000
short indx is [[   0  486  315 ... 2982 2676 4502]
 [   1 1925  118 ... 4600 2409 4471]
 [   2 3743 4079 ... 1551 4472 4880]
 ...
 [4997 3048 2318 ... 3186 2675 3744]
 [4998 1341 3436 ...  320 2960 3250]
 [4999 4477 2802 ... 4366 3663 3735]]
Scaled residual std at t=20: [3.17804466 2.2587696  2.24000119]
start_idx is 0; end_idx is 5000
this is 0 times / overall 2000 times
this is 100 times / overall 2000 times
this is 200 times / overall 2000 times
this is 300 times / overall 2000 times
this is 400 times / overall 2000 times
this is 500 times / overall 2000 times
this is 600 times / overall 2000 times
this is 700 times / overall 2000 times
this is 800 times / overall 2000 times
this is 900 times / overall 2000 times
this is 1000 times / overall 2000 times
this is 1100 times / overall 2000 times
this is 1200 times / overall 2000 times
this is 1300 times / overall 2000 times
this is 1400 times / overall 2000 times
this is 1500 times / overall 2000 times
this is 1600 times / overall 2000 times
this is 1700 times / overall 2000 times
this is 1800 times / overall 2000 times
this is 1900 times / overall 2000 times
this is 3 times which has already done.
----------------------------------------------------------------------------------------------------
this is 4 times / overall 101 times (time step 30, t=0.30s)
1.6020021209189734 1.0951874592631725 1.108509483482453
----------------------------------------------------------------------------------------------------
find index iteration: 0 5000
short indx is [[   0 2217 2354 ... 4802  697 3827]
 [   1 4729 1479 ... 3948 3049 2760]
 [   2 2580  151 ...  589   62 1449]
 ...
 [4997 2323 1686 ... 1387 4297 3963]
 [4998  448  567 ... 1763 1725 3910]
 [4999 1814   37 ...  373 2920 2758]]
Scaled residual std at t=30: [3.20400424 2.19037492 2.21701897]
start_idx is 0; end_idx is 5000
this is 0 times / overall 2000 times
this is 100 times / overall 2000 times
this is 200 times / overall 2000 times
this is 300 times / overall 2000 times
this is 400 times / overall 2000 times
this is 500 times / overall 2000 times
this is 600 times / overall 2000 times
this is 700 times / overall 2000 times
this is 800 times / overall 2000 times
this is 900 times / overall 2000 times
this is 1000 times / overall 2000 times
this is 1100 times / overall 2000 times
this is 1200 times / overall 2000 times
this is 1300 times / overall 2000 times
this is 1400 times / overall 2000 times
this is 1500 times / overall 2000 times
this is 1600 times / overall 2000 times
this is 1700 times / overall 2000 times
this is 1800 times / overall 2000 times
this is 1900 times / overall 2000 times
this is 4 times which has already done.
----------------------------------------------------------------------------------------------------
this is 5 times / overall 101 times (time step 40, t=0.40s)
1.6043732033514957 1.1204138448666094 1.1290456020664201
----------------------------------------------------------------------------------------------------
find index iteration: 0 5000
short indx is [[   0 4230  772 ... 2650 4244 1608]
 [   1 1195 3244 ... 1464 3168 2848]
 [   2 4069 1840 ... 2113 4487 4662]
 ...
 [4997  596   44 ... 4815 4086 4870]
 [4998 3817 2423 ... 4335  477 1458]
 [4999 4825 1618 ...  528 4875 1932]]
Scaled residual std at t=40: [3.20874641 2.24082769 2.2580912 ]
start_idx is 0; end_idx is 5000
this is 0 times / overall 2000 times
this is 100 times / overall 2000 times
this is 200 times / overall 2000 times
this is 300 times / overall 2000 times
this is 400 times / overall 2000 times
this is 500 times / overall 2000 times
this is 600 times / overall 2000 times
this is 700 times / overall 2000 times
this is 800 times / overall 2000 times
this is 900 times / overall 2000 times
this is 1000 times / overall 2000 times
this is 1100 times / overall 2000 times
this is 1200 times / overall 2000 times
this is 1300 times / overall 2000 times
this is 1400 times / overall 2000 times
this is 1500 times / overall 2000 times
this is 1600 times / overall 2000 times
this is 1700 times / overall 2000 times
this is 1800 times / overall 2000 times
this is 1900 times / overall 2000 times
this is 5 times which has already done.
----------------------------------------------------------------------------------------------------
this is 6 times / overall 101 times (time step 50, t=0.50s)
1.5685949846644178 1.110478688031236 1.1198980024397613
----------------------------------------------------------------------------------------------------
find index iteration: 0 5000
short indx is [[   0 4309 2142 ... 4984 2170 3681]
 [   1 2608 3655 ...  336 2158 3797]
 [   2 1175  453 ... 4388 4347 3696]
 ...
 [4997  786 1386 ... 1518 3010 1402]
 [4998  519 1240 ... 3740 4308 2518]
 [4999 2806 3750 ... 1155 2307   93]]
Scaled residual std at t=50: [3.13718997 2.22095738 2.239796  ]
start_idx is 0; end_idx is 5000
this is 0 times / overall 2000 times
this is 100 times / overall 2000 times
this is 200 times / overall 2000 times
this is 300 times / overall 2000 times
this is 400 times / overall 2000 times
this is 500 times / overall 2000 times
this is 600 times / overall 2000 times
this is 700 times / overall 2000 times
this is 800 times / overall 2000 times
this is 900 times / overall 2000 times
this is 1000 times / overall 2000 times
this is 1100 times / overall 2000 times
this is 1200 times / overall 2000 times
this is 1300 times / overall 2000 times
this is 1400 times / overall 2000 times
this is 1500 times / overall 2000 times
this is 1600 times / overall 2000 times
this is 1700 times / overall 2000 times
this is 1800 times / overall 2000 times
this is 1900 times / overall 2000 times
this is 6 times which has already done.
----------------------------------------------------------------------------------------------------
this is 7 times / overall 101 times (time step 60, t=0.60s)
1.573403487297233 1.1033389111819472 1.1096986123977777
----------------------------------------------------------------------------------------------------
find index iteration: 0 5000
short indx is [[   0 1050 3849 ... 1331  252  873]
 [   1 4304 3655 ...  500 1036 2362]
 [   2 3334  664 ... 4515 4869 1333]
 ...
 [4997 2009 2276 ... 2679 1443 2441]
 [4998 3710 3531 ...  223 4415  163]
 [4999 4891  193 ... 4858 2912 4939]]
Scaled residual std at t=60: [3.14680697 2.20667782 2.21939722]
start_idx is 0; end_idx is 5000
this is 0 times / overall 2000 times
this is 100 times / overall 2000 times
this is 200 times / overall 2000 times
this is 300 times / overall 2000 times
this is 400 times / overall 2000 times
this is 500 times / overall 2000 times
this is 600 times / overall 2000 times
this is 700 times / overall 2000 times
this is 800 times / overall 2000 times
this is 900 times / overall 2000 times
this is 1000 times / overall 2000 times
this is 1100 times / overall 2000 times
this is 1200 times / overall 2000 times
this is 1300 times / overall 2000 times
this is 1400 times / overall 2000 times
this is 1500 times / overall 2000 times
this is 1600 times / overall 2000 times
this is 1700 times / overall 2000 times
this is 1800 times / overall 2000 times
this is 1900 times / overall 2000 times
this is 7 times which has already done.
----------------------------------------------------------------------------------------------------
this is 8 times / overall 101 times (time step 70, t=0.70s)
1.572063039046729 1.14301680408472 1.1194021417574953
----------------------------------------------------------------------------------------------------
find index iteration: 0 5000
short indx is [[   0 4434 4718 ... 4547 1948 3843]
 [   1 4808 4033 ...  713 1365   59]
 [   2  480 4069 ... 1572  289 3858]
 ...
 [4997  835 2598 ... 2690 4776 1295]
 [4998  884 4795 ... 3070  829 3199]
 [4999 3183 2088 ... 3434 1743 2954]]
Scaled residual std at t=70: [3.14412608 2.28603361 2.23880428]
start_idx is 0; end_idx is 5000
this is 0 times / overall 2000 times
this is 100 times / overall 2000 times
this is 200 times / overall 2000 times
this is 300 times / overall 2000 times
this is 400 times / overall 2000 times
this is 500 times / overall 2000 times
this is 600 times / overall 2000 times
this is 700 times / overall 2000 times
this is 800 times / overall 2000 times
this is 900 times / overall 2000 times
this is 1000 times / overall 2000 times
this is 1100 times / overall 2000 times
this is 1200 times / overall 2000 times
this is 1300 times / overall 2000 times
this is 1400 times / overall 2000 times
this is 1500 times / overall 2000 times
this is 1600 times / overall 2000 times
this is 1700 times / overall 2000 times
this is 1800 times / overall 2000 times
this is 1900 times / overall 2000 times
this is 8 times which has already done.
----------------------------------------------------------------------------------------------------
this is 9 times / overall 101 times (time step 80, t=0.80s)
1.5903434784664727 1.118258622762101 1.140760067839218
----------------------------------------------------------------------------------------------------
find index iteration: 0 5000
short indx is [[   0 2476 3433 ... 1110 4747  248]
 [   1 1053 4509 ...  245  509  511]
 [   2 2069 3334 ... 3432  272 3035]
 ...
 [4997 4605 1913 ... 2414 2314 2765]
 [4998 1568  121 ... 1755 1580  470]
 [4999  122  877 ... 1131  532  392]]
Scaled residual std at t=80: [3.18068696 2.23651725 2.28152014]
start_idx is 0; end_idx is 5000
this is 0 times / overall 2000 times
this is 100 times / overall 2000 times
this is 200 times / overall 2000 times
this is 300 times / overall 2000 times
this is 400 times / overall 2000 times
this is 500 times / overall 2000 times
this is 600 times / overall 2000 times
this is 700 times / overall 2000 times
this is 800 times / overall 2000 times
this is 900 times / overall 2000 times
this is 1000 times / overall 2000 times
this is 1100 times / overall 2000 times
this is 1200 times / overall 2000 times
this is 1300 times / overall 2000 times
this is 1400 times / overall 2000 times
this is 1500 times / overall 2000 times
this is 1600 times / overall 2000 times
this is 1700 times / overall 2000 times
this is 1800 times / overall 2000 times
this is 1900 times / overall 2000 times
this is 9 times which has already done.
----------------------------------------------------------------------------------------------------
this is 10 times / overall 101 times (time step 90, t=0.90s)
1.581823701140322 1.1309517128882243 1.1107956686504512
----------------------------------------------------------------------------------------------------
find index iteration: 0 5000
short indx is [[   0 3043 4829 ... 2914 3041 4747]
 [   1 2017 1053 ... 4723  332 1255]
 [   2 1151 3436 ... 4571 1224 3814]
 ...
 [4997 2563 1380 ... 2502 3389 3520]
 [4998 2839 1083 ... 2023 2598  520]
 [4999 3207 3109 ...  812 4152 1020]]
Scaled residual std at t=90: [3.1636474  2.26190343 2.22159134]
start_idx is 0; end_idx is 5000
this is 0 times / overall 2000 times
this is 100 times / overall 2000 times
this is 200 times / overall 2000 times
this is 300 times / overall 2000 times
this is 400 times / overall 2000 times
this is 500 times / overall 2000 times
this is 600 times / overall 2000 times
this is 700 times / overall 2000 times
this is 800 times / overall 2000 times
this is 900 times / overall 2000 times
this is 1000 times / overall 2000 times
this is 1100 times / overall 2000 times
this is 1200 times / overall 2000 times
this is 1300 times / overall 2000 times
this is 1400 times / overall 2000 times
this is 1500 times / overall 2000 times
this is 1600 times / overall 2000 times
this is 1700 times / overall 2000 times
this is 1800 times / overall 2000 times
this is 1900 times / overall 2000 times
this is 10 times which has already done.
----------------------------------------------------------------------------------------------------
this is 11 times / overall 101 times (time step 100, t=1.00s)
1.604119393719911 1.1190567828450604 1.1122488235725
----------------------------------------------------------------------------------------------------
find index iteration: 0 5000
short indx is [[   0 3750 3226 ... 4573 3893  905]
 [   1 2244  429 ...  785  587 3162]
 [   2 3799  286 ... 4813 4256 3964]
 ...
 [4997 1248 1736 ... 3525 3728 3629]
 [4998 1417 4991 ... 3331 1239 3917]
 [4999 4629 4153 ... 1617 3913  434]]
Scaled residual std at t=100: [3.20823879 2.23811357 2.22449765]
start_idx is 0; end_idx is 5000
this is 0 times / overall 2000 times
this is 100 times / overall 2000 times
this is 200 times / overall 2000 times
this is 300 times / overall 2000 times
this is 400 times / overall 2000 times
this is 500 times / overall 2000 times
this is 600 times / overall 2000 times
this is 700 times / overall 2000 times
this is 800 times / overall 2000 times
this is 900 times / overall 2000 times
this is 1000 times / overall 2000 times
this is 1100 times / overall 2000 times
this is 1200 times / overall 2000 times
this is 1300 times / overall 2000 times
this is 1400 times / overall 2000 times
this is 1500 times / overall 2000 times
this is 1600 times / overall 2000 times
this is 1700 times / overall 2000 times
this is 1800 times / overall 2000 times
this is 1900 times / overall 2000 times
this is 11 times which has already done.
----------------------------------------------------------------------------------------------------
this is 12 times / overall 101 times (time step 110, t=1.10s)
1.6007512248110316 1.1372438212993132 1.1370596032794313
----------------------------------------------------------------------------------------------------
find index iteration: 0 5000
short indx is [[   0 2158  336 ...  987  325 2137]
 [   1 4895 2252 ... 3255 1223 4568]
 [   2 1254 3089 ... 1276 4653 4998]
 ...
 [4997 3686  475 ... 4121  738 2013]
 [4998 2111 2010 ... 1712 1078 4918]
 [4999  701 2968 ... 2527  610 2794]]
Scaled residual std at t=110: [3.20150245 2.27448764 2.27411921]
start_idx is 0; end_idx is 5000
this is 0 times / overall 2000 times
this is 100 times / overall 2000 times
this is 200 times / overall 2000 times
this is 300 times / overall 2000 times
this is 400 times / overall 2000 times
this is 500 times / overall 2000 times
this is 600 times / overall 2000 times
this is 700 times / overall 2000 times
this is 800 times / overall 2000 times
this is 900 times / overall 2000 times
this is 1000 times / overall 2000 times
this is 1100 times / overall 2000 times
this is 1200 times / overall 2000 times
this is 1300 times / overall 2000 times
this is 1400 times / overall 2000 times
this is 1500 times / overall 2000 times
this is 1600 times / overall 2000 times
this is 1700 times / overall 2000 times
this is 1800 times / overall 2000 times
this is 1900 times / overall 2000 times
this is 12 times which has already done.
----------------------------------------------------------------------------------------------------
this is 13 times / overall 101 times (time step 120, t=1.20s)
1.5788672900777267 1.1192369786711687 1.1360404856885267
----------------------------------------------------------------------------------------------------
find index iteration: 0 5000
short indx is [[   0 3628  819 ... 4032 2046 2491]
 [   1 4895 2244 ... 1503 1783 4522]
 [   2  408 2460 ... 3130    4 1541]
 ...
 [4997 2540 4675 ... 1359 2082  138]
 [4998 2643 2306 ... 3627 1536 4364]
 [4999 4187  840 ... 3434 2695 2331]]
Scaled residual std at t=120: [3.15773458 2.23847396 2.27208097]
start_idx is 0; end_idx is 5000
this is 0 times / overall 2000 times
this is 100 times / overall 2000 times
this is 200 times / overall 2000 times
this is 300 times / overall 2000 times
this is 400 times / overall 2000 times
this is 500 times / overall 2000 times
this is 600 times / overall 2000 times
this is 700 times / overall 2000 times
this is 800 times / overall 2000 times
this is 900 times / overall 2000 times
this is 1000 times / overall 2000 times
this is 1100 times / overall 2000 times
this is 1200 times / overall 2000 times
this is 1300 times / overall 2000 times
this is 1400 times / overall 2000 times
this is 1500 times / overall 2000 times
this is 1600 times / overall 2000 times
this is 1700 times / overall 2000 times
this is 1800 times / overall 2000 times
this is 1900 times / overall 2000 times
this is 13 times which has already done.
----------------------------------------------------------------------------------------------------
this is 14 times / overall 101 times (time step 130, t=1.30s)
1.5771139052864143 1.1190577084382645 1.0886469126333609
----------------------------------------------------------------------------------------------------
find index iteration: 0 5000
short indx is [[   0 1200 1782 ... 2624 4222  305]
 [   1 4895 4687 ... 1933 4423 1921]
 [   2 3799 1401 ... 3735  363 4416]
 ...
 [4997 2212 1593 ... 4316  469 3449]
 [4998 1602 1984 ... 1864 3046 1940]
 [4999 4847 1764 ... 3428 3906 3542]]
Scaled residual std at t=130: [3.15422781 2.23811542 2.17729383]
start_idx is 0; end_idx is 5000
this is 0 times / overall 2000 times
this is 100 times / overall 2000 times
this is 200 times / overall 2000 times
this is 300 times / overall 2000 times
this is 400 times / overall 2000 times
this is 500 times / overall 2000 times
this is 600 times / overall 2000 times
this is 700 times / overall 2000 times
this is 800 times / overall 2000 times
this is 900 times / overall 2000 times
this is 1000 times / overall 2000 times
this is 1100 times / overall 2000 times
this is 1200 times / overall 2000 times
this is 1300 times / overall 2000 times
this is 1400 times / overall 2000 times
this is 1500 times / overall 2000 times
this is 1600 times / overall 2000 times
this is 1700 times / overall 2000 times
this is 1800 times / overall 2000 times
this is 1900 times / overall 2000 times
this is 14 times which has already done.
----------------------------------------------------------------------------------------------------
this is 15 times / overall 101 times (time step 140, t=1.40s)
1.5936449738605447 1.1125152651880916 1.115188601516064
----------------------------------------------------------------------------------------------------
find index iteration: 0 5000
short indx is [[   0  945 2764 ...  183  549 4667]
 [   1 4895 2992 ... 2855 1097 1646]
 [   2  714 1298 ...  582  764 3026]
 ...
 [4997 1663  204 ...  114 4057  458]
 [4998  741 3348 ... 3814 3088 1950]
 [4999 3912 1644 ...   91 2082 1408]]
Scaled residual std at t=140: [3.18728995 2.22503053 2.2303772 ]
start_idx is 0; end_idx is 5000
this is 0 times / overall 2000 times
this is 100 times / overall 2000 times
this is 200 times / overall 2000 times
this is 300 times / overall 2000 times
this is 400 times / overall 2000 times
this is 500 times / overall 2000 times
this is 600 times / overall 2000 times
this is 700 times / overall 2000 times
this is 800 times / overall 2000 times
this is 900 times / overall 2000 times
this is 1000 times / overall 2000 times
this is 1100 times / overall 2000 times
this is 1200 times / overall 2000 times
this is 1300 times / overall 2000 times
this is 1400 times / overall 2000 times
this is 1500 times / overall 2000 times
this is 1600 times / overall 2000 times
this is 1700 times / overall 2000 times
this is 1800 times / overall 2000 times
this is 1900 times / overall 2000 times
this is 15 times which has already done.
----------------------------------------------------------------------------------------------------
this is 16 times / overall 101 times (time step 150, t=1.50s)
1.5882457508438326 1.1399109789548851 1.1033023346544553
----------------------------------------------------------------------------------------------------
find index iteration: 0 5000
short indx is [[   0 4026 4928 ... 1825 4203 2565]
 [   1 2992 4895 ... 1602 4899 4849]
 [   2 2846 4689 ...  521 4706 3732]
 ...
 [4997 4371 1530 ... 1164 1525   63]
 [4998  171 1648 ... 3769 1676 2181]
 [4999 3645 4231 ... 2871 1849 1222]]
Scaled residual std at t=150: [3.1764915  2.27982196 2.20660467]
start_idx is 0; end_idx is 5000
this is 0 times / overall 2000 times
this is 100 times / overall 2000 times
this is 200 times / overall 2000 times
this is 300 times / overall 2000 times
this is 400 times / overall 2000 times
this is 500 times / overall 2000 times
this is 600 times / overall 2000 times
this is 700 times / overall 2000 times
this is 800 times / overall 2000 times
this is 900 times / overall 2000 times
this is 1000 times / overall 2000 times
this is 1100 times / overall 2000 times
this is 1200 times / overall 2000 times
this is 1300 times / overall 2000 times
this is 1400 times / overall 2000 times
this is 1500 times / overall 2000 times
this is 1600 times / overall 2000 times
this is 1700 times / overall 2000 times
this is 1800 times / overall 2000 times
this is 1900 times / overall 2000 times
this is 16 times which has already done.
----------------------------------------------------------------------------------------------------
this is 17 times / overall 101 times (time step 160, t=1.60s)
1.5948062892435448 1.13815266069376 1.1249923301103295
----------------------------------------------------------------------------------------------------
find index iteration: 0 5000
short indx is [[   0 4918 2783 ... 4719 4689 2291]
 [   1 4895  327 ... 4106  741 3258]
 [   2 2846 3591 ...  114 2699 2589]
 ...
 [4997 2139 2671 ... 4505 1299 3089]
 [4998  463 1861 ... 1956 4273 1262]
 [4999  632 3308 ... 1423 1831 3361]]
Scaled residual std at t=160: [3.18961258 2.27630532 2.24998466]
start_idx is 0; end_idx is 5000
this is 0 times / overall 2000 times
this is 100 times / overall 2000 times
this is 200 times / overall 2000 times
this is 300 times / overall 2000 times
this is 400 times / overall 2000 times
this is 500 times / overall 2000 times
this is 600 times / overall 2000 times
this is 700 times / overall 2000 times
this is 800 times / overall 2000 times
this is 900 times / overall 2000 times
this is 1000 times / overall 2000 times
this is 1100 times / overall 2000 times
this is 1200 times / overall 2000 times
this is 1300 times / overall 2000 times
this is 1400 times / overall 2000 times
this is 1500 times / overall 2000 times
this is 1600 times / overall 2000 times
this is 1700 times / overall 2000 times
this is 1800 times / overall 2000 times
this is 1900 times / overall 2000 times
this is 17 times which has already done.
----------------------------------------------------------------------------------------------------
this is 18 times / overall 101 times (time step 170, t=1.70s)
1.5825495956302065 1.1453377695861438 1.1302709653375482
----------------------------------------------------------------------------------------------------
find index iteration: 0 5000
short indx is [[   0  949   14 ... 4267  871  754]
 [   1 4687 2006 ... 4515 1876  798]
 [   2  448  734 ... 3636 4688 3246]
 ...
 [4997 3538 2798 ... 2816 1993 1271]
 [4998  577  845 ... 2478  841 1187]
 [4999 3911 1774 ...  163 2188  931]]
Scaled residual std at t=170: [3.16509919 2.29067554 2.26054193]
start_idx is 0; end_idx is 5000
this is 0 times / overall 2000 times
this is 100 times / overall 2000 times
this is 200 times / overall 2000 times
this is 300 times / overall 2000 times
this is 400 times / overall 2000 times
this is 500 times / overall 2000 times
this is 600 times / overall 2000 times
this is 700 times / overall 2000 times
this is 800 times / overall 2000 times
this is 900 times / overall 2000 times
this is 1000 times / overall 2000 times
this is 1100 times / overall 2000 times
this is 1200 times / overall 2000 times
this is 1300 times / overall 2000 times
this is 1400 times / overall 2000 times
this is 1500 times / overall 2000 times
this is 1600 times / overall 2000 times
this is 1700 times / overall 2000 times
this is 1800 times / overall 2000 times
this is 1900 times / overall 2000 times
this is 18 times which has already done.
----------------------------------------------------------------------------------------------------
this is 19 times / overall 101 times (time step 180, t=1.80s)
1.5413085441694332 1.1225718617302103 1.1364136293518303
----------------------------------------------------------------------------------------------------
find index iteration: 0 5000
short indx is [[   0  554 4481 ... 4382  808 2978]
 [   1 1471  327 ...  739 2338 2262]
 [   2 4511  426 ...  385 1174  363]
 ...
 [4997 2829 3643 ... 3028 3148 3861]
 [4998  711 4941 ... 2587 4420 3032]
 [4999 1448 4133 ...  101 2904 4909]]
Scaled residual std at t=180: [3.08261709 2.24514372 2.27282726]
start_idx is 0; end_idx is 5000
this is 0 times / overall 2000 times
this is 100 times / overall 2000 times
this is 200 times / overall 2000 times
this is 300 times / overall 2000 times
this is 400 times / overall 2000 times
this is 500 times / overall 2000 times
this is 600 times / overall 2000 times
this is 700 times / overall 2000 times
this is 800 times / overall 2000 times
this is 900 times / overall 2000 times
this is 1000 times / overall 2000 times
this is 1100 times / overall 2000 times
this is 1200 times / overall 2000 times
this is 1300 times / overall 2000 times
this is 1400 times / overall 2000 times
this is 1500 times / overall 2000 times
this is 1600 times / overall 2000 times
this is 1700 times / overall 2000 times
this is 1800 times / overall 2000 times
this is 1900 times / overall 2000 times
this is 19 times which has already done.
----------------------------------------------------------------------------------------------------
this is 20 times / overall 101 times (time step 190, t=1.90s)
1.5863473769354233 1.1269573957167784 1.116734373605312
----------------------------------------------------------------------------------------------------
find index iteration: 0 5000
short indx is [[   0 1637 3190 ... 1112 4030 2136]
 [   1 2006 4687 ... 3241 1829 4833]
 [   2 3210 4452 ... 4572 2422 3544]
 ...
 [4997 1434  137 ... 4990 1820 1347]
 [4998 4537 2699 ... 3692   85 2116]
 [4999 1365 4338 ...  820 1489 4846]]
Scaled residual std at t=190: [3.17269475 2.25391479 2.23346875]
start_idx is 0; end_idx is 5000
this is 0 times / overall 2000 times
this is 100 times / overall 2000 times
this is 200 times / overall 2000 times
this is 300 times / overall 2000 times
this is 400 times / overall 2000 times
this is 500 times / overall 2000 times
this is 600 times / overall 2000 times
this is 700 times / overall 2000 times
this is 800 times / overall 2000 times
this is 900 times / overall 2000 times
this is 1000 times / overall 2000 times
this is 1100 times / overall 2000 times
this is 1200 times / overall 2000 times
this is 1300 times / overall 2000 times
this is 1400 times / overall 2000 times
this is 1500 times / overall 2000 times
this is 1600 times / overall 2000 times
this is 1700 times / overall 2000 times
this is 1800 times / overall 2000 times
this is 1900 times / overall 2000 times
this is 20 times which has already done.
----------------------------------------------------------------------------------------------------
this is 21 times / overall 101 times (time step 200, t=2.00s)
1.5995479862488342 1.119605026972594 1.1256272561696918
----------------------------------------------------------------------------------------------------
find index iteration: 0 5000
short indx is [[   0 3228  365 ... 1179 2092 1180]
 [   1 4687 3375 ... 2250 4057 1218]
 [   2 3350 3267 ...  358 3710 1874]
 ...
 [4997  658 1434 ...  960 3644 1219]
 [4998 3311 1338 ... 3898 4121 2169]
 [4999 1359 3614 ...  976 4018 4775]]
Scaled residual std at t=200: [3.19909597 2.23921005 2.25125451]
start_idx is 0; end_idx is 5000
this is 0 times / overall 2000 times
this is 100 times / overall 2000 times
this is 200 times / overall 2000 times
this is 300 times / overall 2000 times
this is 400 times / overall 2000 times
this is 500 times / overall 2000 times
this is 600 times / overall 2000 times
this is 700 times / overall 2000 times
this is 800 times / overall 2000 times
this is 900 times / overall 2000 times
this is 1000 times / overall 2000 times
this is 1100 times / overall 2000 times
this is 1200 times / overall 2000 times
this is 1300 times / overall 2000 times
this is 1400 times / overall 2000 times
this is 1500 times / overall 2000 times
this is 1600 times / overall 2000 times
this is 1700 times / overall 2000 times
this is 1800 times / overall 2000 times
this is 1900 times / overall 2000 times
this is 21 times which has already done.
----------------------------------------------------------------------------------------------------
this is 22 times / overall 101 times (time step 210, t=2.10s)
1.5971612868639864 1.1151170607726721 1.1042993307654592
----------------------------------------------------------------------------------------------------
find index iteration: 0 5000
short indx is [[   0  365   14 ... 1520  542 3115]
 [   1 1471 3375 ... 2570 3645 3463]
 [   2  700 2478 ...  443 3204  328]
 ...
 [4997  112 2552 ... 2702 3956 2435]
 [4998 1445 3286 ... 4442 3134 4065]
 [4999 3233 4232 ... 4574 1443 2446]]
Scaled residual std at t=210: [3.19432257 2.23023412 2.20859866]
start_idx is 0; end_idx is 5000
this is 0 times / overall 2000 times
this is 100 times / overall 2000 times
this is 200 times / overall 2000 times
this is 300 times / overall 2000 times
this is 400 times / overall 2000 times
this is 500 times / overall 2000 times
this is 600 times / overall 2000 times
this is 700 times / overall 2000 times
this is 800 times / overall 2000 times
this is 900 times / overall 2000 times
this is 1000 times / overall 2000 times
this is 1100 times / overall 2000 times
this is 1200 times / overall 2000 times
this is 1300 times / overall 2000 times
this is 1400 times / overall 2000 times
this is 1500 times / overall 2000 times
this is 1600 times / overall 2000 times
this is 1700 times / overall 2000 times
this is 1800 times / overall 2000 times
this is 1900 times / overall 2000 times
this is 22 times which has already done.
----------------------------------------------------------------------------------------------------
this is 23 times / overall 101 times (time step 220, t=2.20s)
1.5677413817440347 1.1051172343922808 1.113284694119985
----------------------------------------------------------------------------------------------------
find index iteration: 0 5000
short indx is [[   0 2971 3190 ... 1859 3515 4453]
 [   1 1471  772 ... 3933 4020 3979]
 [   2 4840 1706 ... 2337  345  893]
 ...
 [4997 2781 2671 ... 4434 4424 4299]
 [4998 2328 1934 ... 3592  625 2079]
 [4999 1714 4648 ... 3608 2756 1538]]
Scaled residual std at t=220: [3.13548276 2.21023447 2.22656939]
start_idx is 0; end_idx is 5000
this is 0 times / overall 2000 times
this is 100 times / overall 2000 times
this is 200 times / overall 2000 times
this is 300 times / overall 2000 times
this is 400 times / overall 2000 times
this is 500 times / overall 2000 times
this is 600 times / overall 2000 times
this is 700 times / overall 2000 times
this is 800 times / overall 2000 times
this is 900 times / overall 2000 times
this is 1000 times / overall 2000 times
this is 1100 times / overall 2000 times
this is 1200 times / overall 2000 times
this is 1300 times / overall 2000 times
this is 1400 times / overall 2000 times
this is 1500 times / overall 2000 times
this is 1600 times / overall 2000 times
this is 1700 times / overall 2000 times
this is 1800 times / overall 2000 times
this is 1900 times / overall 2000 times
this is 23 times which has already done.
----------------------------------------------------------------------------------------------------
this is 24 times / overall 101 times (time step 230, t=2.30s)
1.5839477334322363 1.1373690343826022 1.0997647194903548
----------------------------------------------------------------------------------------------------
find index iteration: 0 5000
short indx is [[   0 2301 2971 ... 4368 1744 2323]
 [   1 3372  771 ...  673 3218  308]
 [   2  209 3838 ...  854 2329 1712]
 ...
 [4997 3177 1522 ... 3196 2143 1390]
 [4998 2721 2770 ... 3493 1573 3636]
 [4999 1089 3124 ... 4590 2642 1318]]
Scaled residual std at t=230: [3.16789547 2.27473807 2.19952944]
start_idx is 0; end_idx is 5000
this is 0 times / overall 2000 times
this is 100 times / overall 2000 times
this is 200 times / overall 2000 times
this is 300 times / overall 2000 times
this is 400 times / overall 2000 times
this is 500 times / overall 2000 times
this is 600 times / overall 2000 times
this is 700 times / overall 2000 times
this is 800 times / overall 2000 times
this is 900 times / overall 2000 times
this is 1000 times / overall 2000 times
this is 1100 times / overall 2000 times
this is 1200 times / overall 2000 times
this is 1300 times / overall 2000 times
this is 1400 times / overall 2000 times
this is 1500 times / overall 2000 times
this is 1600 times / overall 2000 times
this is 1700 times / overall 2000 times
this is 1800 times / overall 2000 times
this is 1900 times / overall 2000 times
this is 24 times which has already done.
----------------------------------------------------------------------------------------------------
this is 25 times / overall 101 times (time step 240, t=2.40s)
1.578271357299913 1.1214849293321711 1.1126038302309904
----------------------------------------------------------------------------------------------------
find index iteration: 0 5000
short indx is [[   0 2301 3906 ... 3988 4423 4579]
 [   1  771 3372 ... 3025 4270 1244]
 [   2 4552 4991 ... 2140 3579 3348]
 ...
 [4997 2274 3177 ... 3694 3948  262]
 [4998 2963 1105 ... 1037  472 4966]
 [4999  616 3996 ... 3164  442 1317]]
Scaled residual std at t=240: [3.15654271 2.24296986 2.22520766]
start_idx is 0; end_idx is 5000
this is 0 times / overall 2000 times
this is 100 times / overall 2000 times
this is 200 times / overall 2000 times
this is 300 times / overall 2000 times
this is 400 times / overall 2000 times
this is 500 times / overall 2000 times
this is 600 times / overall 2000 times
this is 700 times / overall 2000 times
this is 800 times / overall 2000 times
this is 900 times / overall 2000 times
this is 1000 times / overall 2000 times
this is 1100 times / overall 2000 times
this is 1200 times / overall 2000 times
this is 1300 times / overall 2000 times
this is 1400 times / overall 2000 times
this is 1500 times / overall 2000 times
this is 1600 times / overall 2000 times
this is 1700 times / overall 2000 times
this is 1800 times / overall 2000 times
this is 1900 times / overall 2000 times
this is 25 times which has already done.
----------------------------------------------------------------------------------------------------
this is 26 times / overall 101 times (time step 250, t=2.50s)
1.594264364532795 1.1279697326997074 1.131584524778958
----------------------------------------------------------------------------------------------------
find index iteration: 0 5000
short indx is [[   0 3190 4300 ... 2297 2799 2811]
 [   1  771 4925 ... 1117 1643 2605]
 [   2 1869 4730 ... 3257 3779 2966]
 ...
 [4997 3385  340 ... 4699 2799 3302]
 [4998 3970  941 ... 4500 1310 4984]
 [4999 1525  273 ... 4834 1104 3114]]
Scaled residual std at t=250: [3.18852873 2.25593947 2.26316905]
start_idx is 0; end_idx is 5000
this is 0 times / overall 2000 times
this is 100 times / overall 2000 times
this is 200 times / overall 2000 times
this is 300 times / overall 2000 times
this is 400 times / overall 2000 times
this is 500 times / overall 2000 times
this is 600 times / overall 2000 times
this is 700 times / overall 2000 times
this is 800 times / overall 2000 times
this is 900 times / overall 2000 times
this is 1000 times / overall 2000 times
this is 1100 times / overall 2000 times
this is 1200 times / overall 2000 times
this is 1300 times / overall 2000 times
this is 1400 times / overall 2000 times
this is 1500 times / overall 2000 times
this is 1600 times / overall 2000 times
this is 1700 times / overall 2000 times
this is 1800 times / overall 2000 times
this is 1900 times / overall 2000 times
this is 26 times which has already done.
----------------------------------------------------------------------------------------------------
this is 27 times / overall 101 times (time step 260, t=2.60s)
1.5597264934705475 1.134594262242555 1.1370193295353572
----------------------------------------------------------------------------------------------------
find index iteration: 0 5000
short indx is [[   0 3622 4815 ... 4255 2643 4234]
 [   1  771 3746 ...  374 3220 2704]
 [   2 1065 2402 ... 1644 2308 2098]
 ...
 [4997  299 1250 ...  267  907  121]
 [4998 2420 4706 ... 3553 4120  661]
 [4999  660  191 ... 1748 2161 3660]]
Scaled residual std at t=260: [3.11945299 2.26918852 2.27403866]
start_idx is 0; end_idx is 5000
this is 0 times / overall 2000 times
this is 100 times / overall 2000 times
this is 200 times / overall 2000 times
this is 300 times / overall 2000 times
this is 400 times / overall 2000 times
this is 500 times / overall 2000 times
this is 600 times / overall 2000 times
this is 700 times / overall 2000 times
this is 800 times / overall 2000 times
this is 900 times / overall 2000 times
this is 1000 times / overall 2000 times
this is 1100 times / overall 2000 times
this is 1200 times / overall 2000 times
this is 1300 times / overall 2000 times
this is 1400 times / overall 2000 times
this is 1500 times / overall 2000 times
this is 1600 times / overall 2000 times
this is 1700 times / overall 2000 times
this is 1800 times / overall 2000 times
this is 1900 times / overall 2000 times
this is 27 times which has already done.
----------------------------------------------------------------------------------------------------
this is 28 times / overall 101 times (time step 270, t=2.70s)
1.5694051355596632 1.1141666556725645 1.1261661717599896
----------------------------------------------------------------------------------------------------
find index iteration: 0 5000
short indx is [[   0 2301 4815 ... 3825  288  291]
 [   1  771 4925 ...  711 2804 2744]
 [   2 4763 3258 ... 3281 3823 2886]
 ...
 [4997 3047 3240 ... 3908 4037  513]
 [4998 3998 3303 ... 1341 4908 2482]
 [4999 4536 3733 ... 2553 3414 4905]]
Scaled residual std at t=270: [3.13881027 2.22833331 2.25233234]
start_idx is 0; end_idx is 5000
this is 0 times / overall 2000 times
this is 100 times / overall 2000 times
this is 200 times / overall 2000 times
this is 300 times / overall 2000 times
this is 400 times / overall 2000 times
this is 500 times / overall 2000 times
this is 600 times / overall 2000 times
this is 700 times / overall 2000 times
this is 800 times / overall 2000 times
this is 900 times / overall 2000 times
this is 1000 times / overall 2000 times
this is 1100 times / overall 2000 times
this is 1200 times / overall 2000 times
this is 1300 times / overall 2000 times
this is 1400 times / overall 2000 times
this is 1500 times / overall 2000 times
this is 1600 times / overall 2000 times
this is 1700 times / overall 2000 times
this is 1800 times / overall 2000 times
this is 1900 times / overall 2000 times
this is 28 times which has already done.
----------------------------------------------------------------------------------------------------
this is 29 times / overall 101 times (time step 280, t=2.80s)
1.5840441548122035 1.1187549904508456 1.0990161079126681
----------------------------------------------------------------------------------------------------
find index iteration: 0 5000
short indx is [[   0 4815 3834 ...  793  267 2212]
 [   1  771 2533 ... 3820 4923 4258]
 [   2 4387 2440 ... 2092   18 4471]
 ...
 [4997  465  779 ...  956 3515 1180]
 [4998 4830 1664 ... 1371 2510 1233]
 [4999 3719 3534 ...  970 2432 3132]]
Scaled residual std at t=280: [3.16808831 2.23750998 2.19803222]
start_idx is 0; end_idx is 5000
this is 0 times / overall 2000 times
this is 100 times / overall 2000 times
this is 200 times / overall 2000 times
this is 300 times / overall 2000 times
this is 400 times / overall 2000 times
this is 500 times / overall 2000 times
this is 600 times / overall 2000 times
this is 700 times / overall 2000 times
this is 800 times / overall 2000 times
this is 900 times / overall 2000 times
this is 1000 times / overall 2000 times
this is 1100 times / overall 2000 times
this is 1200 times / overall 2000 times
this is 1300 times / overall 2000 times
this is 1400 times / overall 2000 times
this is 1500 times / overall 2000 times
this is 1600 times / overall 2000 times
this is 1700 times / overall 2000 times
this is 1800 times / overall 2000 times
this is 1900 times / overall 2000 times
this is 29 times which has already done.
----------------------------------------------------------------------------------------------------
this is 30 times / overall 101 times (time step 290, t=2.90s)
1.579100748598858 1.121561733674789 1.1043947169334862
----------------------------------------------------------------------------------------------------
find index iteration: 0 5000
short indx is [[   0  936 2434 ... 2417 2722 2667]
 [   1  771  847 ... 2100 1502 1632]
 [   2 1869 1107 ... 2298  260 1671]
 ...
 [4997 1250 4089 ... 3342 1600  899]
 [4998 2125   36 ... 3082 4948 1883]
 [4999 2758 2113 ...  312 2181 1453]]
Scaled residual std at t=290: [3.1582015  2.24312347 2.20878943]
start_idx is 0; end_idx is 5000
this is 0 times / overall 2000 times
this is 100 times / overall 2000 times
this is 200 times / overall 2000 times
this is 300 times / overall 2000 times
this is 400 times / overall 2000 times
this is 500 times / overall 2000 times
this is 600 times / overall 2000 times
this is 700 times / overall 2000 times
this is 800 times / overall 2000 times
this is 900 times / overall 2000 times
this is 1000 times / overall 2000 times
this is 1100 times / overall 2000 times
this is 1200 times / overall 2000 times
this is 1300 times / overall 2000 times
this is 1400 times / overall 2000 times
this is 1500 times / overall 2000 times
this is 1600 times / overall 2000 times
this is 1700 times / overall 2000 times
this is 1800 times / overall 2000 times
this is 1900 times / overall 2000 times
this is 30 times which has already done.
----------------------------------------------------------------------------------------------------
this is 31 times / overall 101 times (time step 300, t=3.00s)
1.5591445570917697 1.1119045103450915 1.1210681561977809
----------------------------------------------------------------------------------------------------
find index iteration: 0 5000
short indx is [[   0 2779  573 ...  275 4567 1441]
 [   1  771  685 ... 1235 2704 1394]
 [   2 2696  576 ...  812 2302 1772]
 ...
 [4997  340 4089 ... 4446 2398 1311]
 [4998 3806  325 ... 4352 1955 2346]
 [4999 1918 2908 ... 2127 1140 1687]]
Scaled residual std at t=300: [3.11828911 2.22380902 2.24213631]
start_idx is 0; end_idx is 5000
this is 0 times / overall 2000 times
this is 100 times / overall 2000 times
this is 200 times / overall 2000 times
this is 300 times / overall 2000 times
this is 400 times / overall 2000 times
this is 500 times / overall 2000 times
this is 600 times / overall 2000 times
this is 700 times / overall 2000 times
this is 800 times / overall 2000 times
this is 900 times / overall 2000 times
this is 1000 times / overall 2000 times
this is 1100 times / overall 2000 times
this is 1200 times / overall 2000 times
this is 1300 times / overall 2000 times
this is 1400 times / overall 2000 times
this is 1500 times / overall 2000 times
this is 1600 times / overall 2000 times
this is 1700 times / overall 2000 times
this is 1800 times / overall 2000 times
this is 1900 times / overall 2000 times
this is 31 times which has already done.
----------------------------------------------------------------------------------------------------
this is 32 times / overall 101 times (time step 310, t=3.10s)
1.5926518398718887 1.1029982364225228 1.1172281802616002
----------------------------------------------------------------------------------------------------
find index iteration: 0 5000
short indx is [[   0 3834 2333 ... 2319 4350 1675]
 [   1  771  772 ... 2632 3629  802]
 [   2  576 2692 ... 1206 2086 1761]
 ...
 [4997 4089  340 ... 1323 4437 1861]
 [4998 1435 1038 ... 2865 1421 3540]
 [4999 2908 2264 ... 4995 1687 3162]]
Scaled residual std at t=310: [3.18530368 2.20599647 2.23445636]
start_idx is 0; end_idx is 5000
this is 0 times / overall 2000 times
this is 100 times / overall 2000 times
this is 200 times / overall 2000 times
this is 300 times / overall 2000 times
this is 400 times / overall 2000 times
this is 500 times / overall 2000 times
this is 600 times / overall 2000 times
this is 700 times / overall 2000 times
this is 800 times / overall 2000 times
this is 900 times / overall 2000 times
this is 1000 times / overall 2000 times
this is 1100 times / overall 2000 times
this is 1200 times / overall 2000 times
this is 1300 times / overall 2000 times
this is 1400 times / overall 2000 times
this is 1500 times / overall 2000 times
this is 1600 times / overall 2000 times
this is 1700 times / overall 2000 times
this is 1800 times / overall 2000 times
this is 1900 times / overall 2000 times
this is 32 times which has already done.
----------------------------------------------------------------------------------------------------
this is 33 times / overall 101 times (time step 320, t=3.20s)
1.586066895204972 1.1163472524386715 1.1141912393992202
----------------------------------------------------------------------------------------------------
find index iteration: 0 5000
short indx is [[   0 4577 2333 ... 3381  379 2416]
 [   1  771  772 ... 4602  759 2636]
 [   2 2517 1672 ... 3065 2822 2460]
 ...
 [4997 3112 4089 ... 2677 4240 1075]
 [4998 2064 1038 ... 1961 4274 2561]
 [4999 4981 1025 ... 2702 4450 4441]]
Scaled residual std at t=320: [3.17213379 2.2326945  2.22838248]
start_idx is 0; end_idx is 5000
this is 0 times / overall 2000 times
this is 100 times / overall 2000 times
this is 200 times / overall 2000 times
this is 300 times / overall 2000 times
this is 400 times / overall 2000 times
this is 500 times / overall 2000 times
this is 600 times / overall 2000 times
this is 700 times / overall 2000 times
this is 800 times / overall 2000 times
this is 900 times / overall 2000 times
this is 1000 times / overall 2000 times
this is 1100 times / overall 2000 times
this is 1200 times / overall 2000 times
this is 1300 times / overall 2000 times
this is 1400 times / overall 2000 times
this is 1500 times / overall 2000 times
this is 1600 times / overall 2000 times
this is 1700 times / overall 2000 times
this is 1800 times / overall 2000 times
this is 1900 times / overall 2000 times
this is 33 times which has already done.
----------------------------------------------------------------------------------------------------
this is 34 times / overall 101 times (time step 330, t=3.30s)
1.5679256918244613 1.1050234940332575 1.1212327607134391
----------------------------------------------------------------------------------------------------
find index iteration: 0 5000
short indx is [[   0 3834 1566 ... 4570  545  762]
 [   1  963  771 ... 3585 2471  523]
 [   2 4027 4904 ... 2398 4834 4396]
 ...
 [4997 4089 4744 ... 3546 4529 4666]
 [4998 1038 2620 ... 1798 1377  108]
 [4999 3529 4063 ... 1600 3629  569]]
Scaled residual std at t=330: [3.13585138 2.21004699 2.24246552]
start_idx is 0; end_idx is 5000
this is 0 times / overall 2000 times
this is 100 times / overall 2000 times
this is 200 times / overall 2000 times
this is 300 times / overall 2000 times
this is 400 times / overall 2000 times
this is 500 times / overall 2000 times
this is 600 times / overall 2000 times
this is 700 times / overall 2000 times
this is 800 times / overall 2000 times
this is 900 times / overall 2000 times
this is 1000 times / overall 2000 times
this is 1100 times / overall 2000 times
this is 1200 times / overall 2000 times
this is 1300 times / overall 2000 times
this is 1400 times / overall 2000 times
this is 1500 times / overall 2000 times
this is 1600 times / overall 2000 times
this is 1700 times / overall 2000 times
this is 1800 times / overall 2000 times
this is 1900 times / overall 2000 times
this is 34 times which has already done.
----------------------------------------------------------------------------------------------------
this is 35 times / overall 101 times (time step 340, t=3.40s)
1.5855425796867884 1.1215821615859982 1.1163665590298624
----------------------------------------------------------------------------------------------------
find index iteration: 0 5000
short indx is [[   0 4397 2815 ...  538 1949 2466]
 [   1 3410  963 ... 1666 4216 3184]
 [   2 4761 4809 ... 4008 1809 1080]
 ...
 [4997 3112 3836 ... 1684 4105 4111]
 [4998 3758 4876 ...  524 1977 4983]
 [4999 3537 3288 ... 4018 1484 3861]]
Scaled residual std at t=340: [3.17108516 2.24316432 2.23273312]
start_idx is 0; end_idx is 5000
this is 0 times / overall 2000 times
this is 100 times / overall 2000 times
this is 200 times / overall 2000 times
this is 300 times / overall 2000 times
this is 400 times / overall 2000 times
this is 500 times / overall 2000 times
this is 600 times / overall 2000 times
this is 700 times / overall 2000 times
this is 800 times / overall 2000 times
this is 900 times / overall 2000 times
this is 1000 times / overall 2000 times
this is 1100 times / overall 2000 times
this is 1200 times / overall 2000 times
this is 1300 times / overall 2000 times
this is 1400 times / overall 2000 times
this is 1500 times / overall 2000 times
this is 1600 times / overall 2000 times
this is 1700 times / overall 2000 times
this is 1800 times / overall 2000 times
this is 1900 times / overall 2000 times
this is 35 times which has already done.
----------------------------------------------------------------------------------------------------
this is 36 times / overall 101 times (time step 350, t=3.50s)
1.5765769790759423 1.1255532352598858 1.103172766942267
----------------------------------------------------------------------------------------------------
find index iteration: 0 5000
short indx is [[   0  936  399 ... 2938 4705 1419]
 [   1  963 4081 ... 2182 3991 4763]
 [   2 1098 1994 ... 4098 3498  470]
 ...
 [4997 3112 1873 ... 2562   64 4147]
 [4998 3998 1379 ... 4070 1964   30]
 [4999  411 2267 ... 2952 3065 2515]]
Scaled residual std at t=350: [3.15315396 2.25110647 2.20634553]
start_idx is 0; end_idx is 5000
this is 0 times / overall 2000 times
this is 100 times / overall 2000 times
this is 200 times / overall 2000 times
this is 300 times / overall 2000 times
this is 400 times / overall 2000 times
this is 500 times / overall 2000 times
this is 600 times / overall 2000 times
this is 700 times / overall 2000 times
this is 800 times / overall 2000 times
this is 900 times / overall 2000 times
this is 1000 times / overall 2000 times
this is 1100 times / overall 2000 times
this is 1200 times / overall 2000 times
this is 1300 times / overall 2000 times
this is 1400 times / overall 2000 times
this is 1500 times / overall 2000 times
this is 1600 times / overall 2000 times
this is 1700 times / overall 2000 times
this is 1800 times / overall 2000 times
this is 1900 times / overall 2000 times
this is 36 times which has already done.
----------------------------------------------------------------------------------------------------
this is 37 times / overall 101 times (time step 360, t=3.60s)
1.5812257580829598 1.115226334037445 1.103032842097063
----------------------------------------------------------------------------------------------------
find index iteration: 0 5000
short indx is [[   0 4397  936 ... 3446 4877 3148]
 [   1  696  963 ... 4150 2142 3873]
 [   2 2087 4095 ... 3103 1164  755]
 ...
 [4997 2339  613 ... 2087 1239 4373]
 [4998  927  473 ... 3092 4318 2282]
 [4999  181 2267 ... 4906 3753  104]]
Scaled residual std at t=360: [3.16245152 2.23045267 2.20606568]
start_idx is 0; end_idx is 5000
this is 0 times / overall 2000 times
this is 100 times / overall 2000 times
this is 200 times / overall 2000 times
this is 300 times / overall 2000 times
this is 400 times / overall 2000 times
this is 500 times / overall 2000 times
this is 600 times / overall 2000 times
this is 700 times / overall 2000 times
this is 800 times / overall 2000 times
this is 900 times / overall 2000 times
this is 1000 times / overall 2000 times
this is 1100 times / overall 2000 times
this is 1200 times / overall 2000 times
this is 1300 times / overall 2000 times
this is 1400 times / overall 2000 times
this is 1500 times / overall 2000 times
this is 1600 times / overall 2000 times
this is 1700 times / overall 2000 times
this is 1800 times / overall 2000 times
this is 1900 times / overall 2000 times
this is 37 times which has already done.
----------------------------------------------------------------------------------------------------
this is 38 times / overall 101 times (time step 370, t=3.70s)
1.5669387452279417 1.1227545285562213 1.1384408318402324
----------------------------------------------------------------------------------------------------
find index iteration: 0 5000
short indx is [[   0  573 2150 ... 2020 2936 1148]
 [   1  696 4594 ... 1835 3560 4904]
 [   2 4652  422 ... 1346   62 2015]
 ...
 [4997 2339 3262 ...  502 1490 4629]
 [4998 4334 3757 ... 2689 3496 1074]
 [4999 1813 1336 ... 1962 1369  511]]
Scaled residual std at t=370: [3.13387749 2.24550906 2.27688166]
start_idx is 0; end_idx is 5000
this is 0 times / overall 2000 times
this is 100 times / overall 2000 times
this is 200 times / overall 2000 times
this is 300 times / overall 2000 times
this is 400 times / overall 2000 times
this is 500 times / overall 2000 times
this is 600 times / overall 2000 times
this is 700 times / overall 2000 times
this is 800 times / overall 2000 times
this is 900 times / overall 2000 times
this is 1000 times / overall 2000 times
this is 1100 times / overall 2000 times
this is 1200 times / overall 2000 times
this is 1300 times / overall 2000 times
this is 1400 times / overall 2000 times
this is 1500 times / overall 2000 times
this is 1600 times / overall 2000 times
this is 1700 times / overall 2000 times
this is 1800 times / overall 2000 times
this is 1900 times / overall 2000 times
this is 38 times which has already done.
----------------------------------------------------------------------------------------------------
this is 39 times / overall 101 times (time step 380, t=3.80s)
1.556338127049264 1.0942945526316379 1.1051478963341521
----------------------------------------------------------------------------------------------------
find index iteration: 0 5000
short indx is [[   0  817 2150 ... 3294 2603 2836]
 [   1  535  696 ... 2865 1995 3912]
 [   2 2087 4139 ... 4690  136 4804]
 ...
 [4997 2547 4890 ... 1983 2773 2171]
 [4998 2534 2607 ... 2185 4274  131]
 [4999 2955 1763 ... 1817 4484  342]]
Scaled residual std at t=380: [3.11267625 2.18858911 2.21029579]
start_idx is 0; end_idx is 5000
this is 0 times / overall 2000 times
this is 100 times / overall 2000 times
this is 200 times / overall 2000 times
this is 300 times / overall 2000 times
this is 400 times / overall 2000 times
this is 500 times / overall 2000 times
this is 600 times / overall 2000 times
this is 700 times / overall 2000 times
this is 800 times / overall 2000 times
this is 900 times / overall 2000 times
this is 1000 times / overall 2000 times
this is 1100 times / overall 2000 times
this is 1200 times / overall 2000 times
this is 1300 times / overall 2000 times
this is 1400 times / overall 2000 times
this is 1500 times / overall 2000 times
this is 1600 times / overall 2000 times
this is 1700 times / overall 2000 times
this is 1800 times / overall 2000 times
this is 1900 times / overall 2000 times
this is 39 times which has already done.
----------------------------------------------------------------------------------------------------
this is 40 times / overall 101 times (time step 390, t=3.90s)
1.609240877816132 1.1096885326417867 1.117405583328861
----------------------------------------------------------------------------------------------------
find index iteration: 0 5000
short indx is [[   0 3834  991 ... 3204  939 3655]
 [   1 1425 4985 ...  640 4722  250]
 [   2 4901 2825 ...  322  452 3653]
 ...
 [4997 2339 1399 ... 1299  716 1532]
 [4998 1666 1140 ... 2709 1099 1466]
 [4999  210 2130 ... 3002 4672 2487]]
Scaled residual std at t=390: [3.21848176 2.21937707 2.23481117]
start_idx is 0; end_idx is 5000
this is 0 times / overall 2000 times
this is 100 times / overall 2000 times
this is 200 times / overall 2000 times
this is 300 times / overall 2000 times
this is 400 times / overall 2000 times
this is 500 times / overall 2000 times
this is 600 times / overall 2000 times
this is 700 times / overall 2000 times
this is 800 times / overall 2000 times
this is 900 times / overall 2000 times
this is 1000 times / overall 2000 times
this is 1100 times / overall 2000 times
this is 1200 times / overall 2000 times
this is 1300 times / overall 2000 times
this is 1400 times / overall 2000 times
this is 1500 times / overall 2000 times
this is 1600 times / overall 2000 times
this is 1700 times / overall 2000 times
this is 1800 times / overall 2000 times
this is 1900 times / overall 2000 times
this is 40 times which has already done.
----------------------------------------------------------------------------------------------------
this is 41 times / overall 101 times (time step 400, t=4.00s)
1.579655596971944 1.1155827958858457 1.1284305914701254
----------------------------------------------------------------------------------------------------
find index iteration: 0 5000
short indx is [[   0 3834  991 ... 2238 1865 4007]
 [   1 4160 4427 ... 3684 2386 4155]
 [   2 1531  198 ... 3527 2053 1209]
 ...
 [4997 1399 2339 ... 2546 3110 2243]
 [4998 2529  537 ... 4441 4135 1213]
 [4999  285 2818 ... 3827 1602 3920]]
Scaled residual std at t=400: [3.15931119 2.23116559 2.25686118]
start_idx is 0; end_idx is 5000
this is 0 times / overall 2000 times
this is 100 times / overall 2000 times
this is 200 times / overall 2000 times
this is 300 times / overall 2000 times
this is 400 times / overall 2000 times
this is 500 times / overall 2000 times
this is 600 times / overall 2000 times
this is 700 times / overall 2000 times
this is 800 times / overall 2000 times
this is 900 times / overall 2000 times
this is 1000 times / overall 2000 times
this is 1100 times / overall 2000 times
this is 1200 times / overall 2000 times
this is 1300 times / overall 2000 times
this is 1400 times / overall 2000 times
this is 1500 times / overall 2000 times
this is 1600 times / overall 2000 times
this is 1700 times / overall 2000 times
this is 1800 times / overall 2000 times
this is 1900 times / overall 2000 times
this is 41 times which has already done.
----------------------------------------------------------------------------------------------------
this is 42 times / overall 101 times (time step 410, t=4.10s)
1.5732090392447298 1.1153904192228203 1.1307548261139455
----------------------------------------------------------------------------------------------------
find index iteration: 0 5000
short indx is [[   0  991 4612 ... 3542 3421 1119]
 [   1 4065  535 ... 4007  750 1486]
 [   2 3635 4100 ... 3519 2945  449]
 ...
 [4997 1399 3191 ... 1885 1662 3158]
 [4998 2735 3485 ... 1734 3322 1836]
 [4999 1953 2630 ...  974 1375 3617]]
Scaled residual std at t=410: [3.14641808 2.23078084 2.26150965]
start_idx is 0; end_idx is 5000
this is 0 times / overall 2000 times
this is 100 times / overall 2000 times
this is 200 times / overall 2000 times
this is 300 times / overall 2000 times
this is 400 times / overall 2000 times
this is 500 times / overall 2000 times
this is 600 times / overall 2000 times
this is 700 times / overall 2000 times
this is 800 times / overall 2000 times
this is 900 times / overall 2000 times
this is 1000 times / overall 2000 times
this is 1100 times / overall 2000 times
this is 1200 times / overall 2000 times
this is 1300 times / overall 2000 times
this is 1400 times / overall 2000 times
this is 1500 times / overall 2000 times
this is 1600 times / overall 2000 times
this is 1700 times / overall 2000 times
this is 1800 times / overall 2000 times
this is 1900 times / overall 2000 times
this is 42 times which has already done.
----------------------------------------------------------------------------------------------------
this is 43 times / overall 101 times (time step 420, t=4.20s)
1.6006069740926248 1.104808865167471 1.1173746239365625
----------------------------------------------------------------------------------------------------
find index iteration: 0 5000
short indx is [[   0 3562 4612 ... 1658 2234 4979]
 [   1  256 1686 ... 1998 3838 4242]
 [   2 4730 1423 ... 1493 2152 2071]
 ...
 [4997 2219 1756 ... 3428 2381 4639]
 [4998 3158   97 ... 1178 3103 3407]
 [4999 3209 3190 ... 3254 2254 2355]]
Scaled residual std at t=420: [3.20121395 2.20961773 2.23474925]
start_idx is 0; end_idx is 5000
this is 0 times / overall 2000 times
this is 100 times / overall 2000 times
this is 200 times / overall 2000 times
this is 300 times / overall 2000 times
this is 400 times / overall 2000 times
this is 500 times / overall 2000 times
this is 600 times / overall 2000 times
this is 700 times / overall 2000 times
this is 800 times / overall 2000 times
this is 900 times / overall 2000 times
this is 1000 times / overall 2000 times
this is 1100 times / overall 2000 times
this is 1200 times / overall 2000 times
this is 1300 times / overall 2000 times
this is 1400 times / overall 2000 times
this is 1500 times / overall 2000 times
this is 1600 times / overall 2000 times
this is 1700 times / overall 2000 times
this is 1800 times / overall 2000 times
this is 1900 times / overall 2000 times
this is 43 times which has already done.
----------------------------------------------------------------------------------------------------
this is 44 times / overall 101 times (time step 430, t=4.30s)
1.5869193233495007 1.1404058873450025 1.1068622251740101
----------------------------------------------------------------------------------------------------
find index iteration: 0 5000
short indx is [[   0  991 2075 ... 3337 2182 4733]
 [   1  256 2964 ...  502 2875  691]
 [   2 1048 4760 ... 3574 1419 1081]
 ...
 [4997  717 2361 ... 2669 4791  353]
 [4998 2542 1511 ... 3042  145 2821]
 [4999  844 4930 ... 2873 2765 4228]]
Scaled residual std at t=430: [3.17383865 2.28081177 2.21372445]
start_idx is 0; end_idx is 5000
this is 0 times / overall 2000 times
this is 100 times / overall 2000 times
this is 200 times / overall 2000 times
this is 300 times / overall 2000 times
this is 400 times / overall 2000 times
this is 500 times / overall 2000 times
this is 600 times / overall 2000 times
this is 700 times / overall 2000 times
this is 800 times / overall 2000 times
this is 900 times / overall 2000 times
this is 1000 times / overall 2000 times
this is 1100 times / overall 2000 times
this is 1200 times / overall 2000 times
this is 1300 times / overall 2000 times
this is 1400 times / overall 2000 times
this is 1500 times / overall 2000 times
this is 1600 times / overall 2000 times
this is 1700 times / overall 2000 times
this is 1800 times / overall 2000 times
this is 1900 times / overall 2000 times
this is 44 times which has already done.
----------------------------------------------------------------------------------------------------
this is 45 times / overall 101 times (time step 440, t=4.40s)
1.5712879850688233 1.11671879235345 1.1181629094935575
----------------------------------------------------------------------------------------------------
find index iteration: 0 5000
short indx is [[   0 1678 2150 ... 2026 4022 4985]
 [   1  256 3907 ...  800  395 1789]
 [   2 4939  189 ... 4637  645  821]
 ...
 [4997 4631  263 ... 2124 4531 2623]
 [4998 4592  572 ...  598  697 2132]
 [4999 1232 4161 ... 2689  202 2212]]
Scaled residual std at t=440: [3.14257597 2.23343758 2.23632582]
start_idx is 0; end_idx is 5000
this is 0 times / overall 2000 times
this is 100 times / overall 2000 times
this is 200 times / overall 2000 times
this is 300 times / overall 2000 times
this is 400 times / overall 2000 times
this is 500 times / overall 2000 times
this is 600 times / overall 2000 times
this is 700 times / overall 2000 times
this is 800 times / overall 2000 times
this is 900 times / overall 2000 times
this is 1000 times / overall 2000 times
this is 1100 times / overall 2000 times
this is 1200 times / overall 2000 times
this is 1300 times / overall 2000 times
this is 1400 times / overall 2000 times
this is 1500 times / overall 2000 times
this is 1600 times / overall 2000 times
this is 1700 times / overall 2000 times
this is 1800 times / overall 2000 times
this is 1900 times / overall 2000 times
this is 45 times which has already done.
----------------------------------------------------------------------------------------------------
this is 46 times / overall 101 times (time step 450, t=4.50s)
1.580017774967492 1.137792206317771 1.130672327585293
----------------------------------------------------------------------------------------------------
find index iteration: 0 5000
short indx is [[   0 3562 3677 ... 4594 2867 2329]
 [   1 2443 2286 ... 2341  953 3413]
 [   2 4812  198 ... 1931 4918 2929]
 ...
 [4997  754 4631 ... 3838 3560 4344]
 [4998   91 2005 ... 2958 1318 3751]
 [4999 4346 2939 ... 3109 3897  470]]
Scaled residual std at t=450: [3.16003555 2.27558441 2.26134466]
start_idx is 0; end_idx is 5000
this is 0 times / overall 2000 times
this is 100 times / overall 2000 times
this is 200 times / overall 2000 times
this is 300 times / overall 2000 times
this is 400 times / overall 2000 times
this is 500 times / overall 2000 times
this is 600 times / overall 2000 times
this is 700 times / overall 2000 times
this is 800 times / overall 2000 times
this is 900 times / overall 2000 times
this is 1000 times / overall 2000 times
this is 1100 times / overall 2000 times
this is 1200 times / overall 2000 times
this is 1300 times / overall 2000 times
this is 1400 times / overall 2000 times
this is 1500 times / overall 2000 times
this is 1600 times / overall 2000 times
this is 1700 times / overall 2000 times
this is 1800 times / overall 2000 times
this is 1900 times / overall 2000 times
this is 46 times which has already done.
----------------------------------------------------------------------------------------------------
this is 47 times / overall 101 times (time step 460, t=4.60s)
1.598764598849603 1.127912889022492 1.1135446159444662
----------------------------------------------------------------------------------------------------
find index iteration: 0 5000
short indx is [[   0 3562  604 ...   96  320 3785]
 [   1  268 2286 ... 1970  472 4283]
 [   2  391 4812 ...  328 2658 2700]
 ...
 [4997 4618 4825 ... 1387 2383 2951]
 [4998 2399 3956 ... 1294 1615 3959]
 [4999 2138 1420 ...  815 2127  342]]
Scaled residual std at t=460: [3.1975292  2.25582578 2.22708923]
start_idx is 0; end_idx is 5000
this is 0 times / overall 2000 times
this is 100 times / overall 2000 times
this is 200 times / overall 2000 times
this is 300 times / overall 2000 times
this is 400 times / overall 2000 times
this is 500 times / overall 2000 times
this is 600 times / overall 2000 times
this is 700 times / overall 2000 times
this is 800 times / overall 2000 times
this is 900 times / overall 2000 times
this is 1000 times / overall 2000 times
this is 1100 times / overall 2000 times
this is 1200 times / overall 2000 times
this is 1300 times / overall 2000 times
this is 1400 times / overall 2000 times
this is 1500 times / overall 2000 times
this is 1600 times / overall 2000 times
this is 1700 times / overall 2000 times
this is 1800 times / overall 2000 times
this is 1900 times / overall 2000 times
this is 47 times which has already done.
----------------------------------------------------------------------------------------------------
this is 48 times / overall 101 times (time step 470, t=4.70s)
1.6039309754686937 1.1204985724475807 1.1067599951222307
----------------------------------------------------------------------------------------------------
find index iteration: 0 5000
short indx is [[   0 3677 3906 ... 1481 3641 2708]
 [   1 1541 2787 ... 1325 1090 3020]
 [   2 3504 2376 ... 4671 4342 1107]
 ...
 [4997 2219  686 ... 3927 1532 4898]
 [4998 3791 1295 ... 3411  603 4935]
 [4999 2138 3737 ... 3846 4309  592]]
Scaled residual std at t=470: [3.20786195 2.24099714 2.21351999]
start_idx is 0; end_idx is 5000
this is 0 times / overall 2000 times
this is 100 times / overall 2000 times
this is 200 times / overall 2000 times
this is 300 times / overall 2000 times
this is 400 times / overall 2000 times
this is 500 times / overall 2000 times
this is 600 times / overall 2000 times
this is 700 times / overall 2000 times
this is 800 times / overall 2000 times
this is 900 times / overall 2000 times
this is 1000 times / overall 2000 times
this is 1100 times / overall 2000 times
this is 1200 times / overall 2000 times
this is 1300 times / overall 2000 times
this is 1400 times / overall 2000 times
this is 1500 times / overall 2000 times
this is 1600 times / overall 2000 times
this is 1700 times / overall 2000 times
this is 1800 times / overall 2000 times
this is 1900 times / overall 2000 times
this is 48 times which has already done.
----------------------------------------------------------------------------------------------------
this is 49 times / overall 101 times (time step 480, t=4.80s)
1.5957755433851672 1.1425195103404455 1.0908833083549314
----------------------------------------------------------------------------------------------------
find index iteration: 0 5000
short indx is [[   0 4278 3082 ... 2709 4264 4818]
 [   1 3502 1258 ... 1212  347 3018]
 [   2 2907 4812 ...  633  538 1075]
 ...
 [4997  211 3204 ... 4460 1640  223]
 [4998 3252 4790 ... 1022 4253 2033]
 [4999 1843 2591 ... 2402  496 1807]]
Scaled residual std at t=480: [3.19155109 2.28503902 2.18176662]
start_idx is 0; end_idx is 5000
this is 0 times / overall 2000 times
this is 100 times / overall 2000 times
this is 200 times / overall 2000 times
this is 300 times / overall 2000 times
this is 400 times / overall 2000 times
this is 500 times / overall 2000 times
this is 600 times / overall 2000 times
this is 700 times / overall 2000 times
this is 800 times / overall 2000 times
this is 900 times / overall 2000 times
this is 1000 times / overall 2000 times
this is 1100 times / overall 2000 times
this is 1200 times / overall 2000 times
this is 1300 times / overall 2000 times
this is 1400 times / overall 2000 times
this is 1500 times / overall 2000 times
this is 1600 times / overall 2000 times
this is 1700 times / overall 2000 times
this is 1800 times / overall 2000 times
this is 1900 times / overall 2000 times
this is 49 times which has already done.
----------------------------------------------------------------------------------------------------
this is 50 times / overall 101 times (time step 490, t=4.90s)
1.601038934574236 1.1179761994837971 1.104504487626259
----------------------------------------------------------------------------------------------------
find index iteration: 0 5000
short indx is [[   0 4788 4187 ...  698 4919 1555]
 [   1 4462 4654 ... 2711 1783 1782]
 [   2 2907 1184 ... 3130 2268 2052]
 ...
 [4997  211  883 ...  881 2812 2033]
 [4998   91 3791 ... 1067  511 4297]
 [4999 4634 4811 ... 3005  455 1697]]
Scaled residual std at t=490: [3.20207787 2.2359524  2.20900898]
start_idx is 0; end_idx is 5000
this is 0 times / overall 2000 times
this is 100 times / overall 2000 times
this is 200 times / overall 2000 times
this is 300 times / overall 2000 times
this is 400 times / overall 2000 times
this is 500 times / overall 2000 times
this is 600 times / overall 2000 times
this is 700 times / overall 2000 times
this is 800 times / overall 2000 times
this is 900 times / overall 2000 times
this is 1000 times / overall 2000 times
this is 1100 times / overall 2000 times
this is 1200 times / overall 2000 times
this is 1300 times / overall 2000 times
this is 1400 times / overall 2000 times
this is 1500 times / overall 2000 times
this is 1600 times / overall 2000 times
this is 1700 times / overall 2000 times
this is 1800 times / overall 2000 times
this is 1900 times / overall 2000 times
this is 50 times which has already done.
----------------------------------------------------------------------------------------------------
this is 51 times / overall 101 times (time step 500, t=5.00s)
1.6152226721612752 1.115502431296422 1.1273151535949533
----------------------------------------------------------------------------------------------------
find index iteration: 0 5000
short indx is [[   0 3859 3427 ... 4089 4213  164]
 [   1 2347  145 ... 1721 1983 4385]
 [   2 4314 2376 ... 3503 2075 4201]
 ...
 [4997  211  883 ... 4440 3915 2077]
 [4998 3634 3423 ... 1322 2500 2995]
 [4999 2166 1686 ... 3164 2385 2350]]
Scaled residual std at t=500: [3.23044534 2.23100486 2.25463031]
start_idx is 0; end_idx is 5000
this is 0 times / overall 2000 times
this is 100 times / overall 2000 times
this is 200 times / overall 2000 times
this is 300 times / overall 2000 times
this is 400 times / overall 2000 times
this is 500 times / overall 2000 times
this is 600 times / overall 2000 times
this is 700 times / overall 2000 times
this is 800 times / overall 2000 times
this is 900 times / overall 2000 times
this is 1000 times / overall 2000 times
this is 1100 times / overall 2000 times
this is 1200 times / overall 2000 times
this is 1300 times / overall 2000 times
this is 1400 times / overall 2000 times
this is 1500 times / overall 2000 times
this is 1600 times / overall 2000 times
this is 1700 times / overall 2000 times
this is 1800 times / overall 2000 times
this is 1900 times / overall 2000 times
this is 51 times which has already done.
----------------------------------------------------------------------------------------------------
this is 52 times / overall 101 times (time step 510, t=5.10s)
1.56989172636898 1.1126994163331836 1.127858599131797
----------------------------------------------------------------------------------------------------
find index iteration: 0 5000
short indx is [[   0 3607  617 ... 4901   80 1246]
 [   1 2347 4457 ... 4226 3653 2162]
 [   2 4078 4510 ... 1959 3630 3869]
 ...
 [4997  629 4342 ... 1318 3046  834]
 [4998 3423 3163 ... 3912  850 4435]
 [4999 1686 2738 ... 3811 2302 2807]]
Scaled residual std at t=510: [3.13978345 2.22539883 2.2557172 ]
start_idx is 0; end_idx is 5000
this is 0 times / overall 2000 times
this is 100 times / overall 2000 times
this is 200 times / overall 2000 times
this is 300 times / overall 2000 times
this is 400 times / overall 2000 times
this is 500 times / overall 2000 times
this is 600 times / overall 2000 times
this is 700 times / overall 2000 times
this is 800 times / overall 2000 times
this is 900 times / overall 2000 times
this is 1000 times / overall 2000 times
this is 1100 times / overall 2000 times
this is 1200 times / overall 2000 times
this is 1300 times / overall 2000 times
this is 1400 times / overall 2000 times
this is 1500 times / overall 2000 times
this is 1600 times / overall 2000 times
this is 1700 times / overall 2000 times
this is 1800 times / overall 2000 times
this is 1900 times / overall 2000 times
this is 52 times which has already done.
----------------------------------------------------------------------------------------------------
this is 53 times / overall 101 times (time step 520, t=5.20s)
1.5761743689375842 1.1189352683369183 1.1402746812407896
----------------------------------------------------------------------------------------------------
find index iteration: 0 5000
short indx is [[   0   83 4571 ... 2343 1862 2871]
 [   1 2591 2947 ... 4190 1638 4361]
 [   2  189 3544 ... 4868 3103 3822]
 ...
 [4997 4459  915 ... 4460  884 2321]
 [4998 4389 3768 ... 1412  655 2356]
 [4999 2347  272 ... 3309 3020  289]]
Scaled residual std at t=520: [3.15234874 2.23787054 2.28054936]
start_idx is 0; end_idx is 5000
this is 0 times / overall 2000 times
this is 100 times / overall 2000 times
this is 200 times / overall 2000 times
this is 300 times / overall 2000 times
this is 400 times / overall 2000 times
this is 500 times / overall 2000 times
this is 600 times / overall 2000 times
this is 700 times / overall 2000 times
this is 800 times / overall 2000 times
this is 900 times / overall 2000 times
this is 1000 times / overall 2000 times
this is 1100 times / overall 2000 times
this is 1200 times / overall 2000 times
this is 1300 times / overall 2000 times
this is 1400 times / overall 2000 times
this is 1500 times / overall 2000 times
this is 1600 times / overall 2000 times
this is 1700 times / overall 2000 times
this is 1800 times / overall 2000 times
this is 1900 times / overall 2000 times
this is 53 times which has already done.
----------------------------------------------------------------------------------------------------
this is 54 times / overall 101 times (time step 530, t=5.30s)
1.5618908475374664 1.1059030987967327 1.1110022288081045
----------------------------------------------------------------------------------------------------
find index iteration: 0 5000
short indx is [[   0 3607 2573 ... 2728 4143   96]
 [   1 1910  839 ... 3428 2583  744]
 [   2 2070  189 ... 2598 3491 1781]
 ...
 [4997 4459  102 ... 1854  599  892]
 [4998 2125 3163 ... 4443  894 1945]
 [4999  272 4654 ... 1995 3977 3076]]
Scaled residual std at t=530: [3.1237817  2.2118062  2.22200446]
start_idx is 0; end_idx is 5000
this is 0 times / overall 2000 times
this is 100 times / overall 2000 times
this is 200 times / overall 2000 times
this is 300 times / overall 2000 times
this is 400 times / overall 2000 times
this is 500 times / overall 2000 times
this is 600 times / overall 2000 times
this is 700 times / overall 2000 times
this is 800 times / overall 2000 times
this is 900 times / overall 2000 times
this is 1000 times / overall 2000 times
this is 1100 times / overall 2000 times
this is 1200 times / overall 2000 times
this is 1300 times / overall 2000 times
this is 1400 times / overall 2000 times
this is 1500 times / overall 2000 times
this is 1600 times / overall 2000 times
this is 1700 times / overall 2000 times
this is 1800 times / overall 2000 times
this is 1900 times / overall 2000 times
this is 54 times which has already done.
----------------------------------------------------------------------------------------------------
this is 55 times / overall 101 times (time step 540, t=5.40s)
1.584558561364997 1.1127342183072875 1.1209213620932514
----------------------------------------------------------------------------------------------------
find index iteration: 0 5000
short indx is [[   0 3427 3066 ... 1108 2458   96]
 [   1 4307 1910 ... 1407 4218 2925]
 [   2 4401 1745 ... 4247 1957  732]
 ...
 [4997  306   64 ... 3473 2691 3684]
 [4998 3791 4377 ... 1405  577 4148]
 [4999  512  256 ...  367 4350 2016]]
Scaled residual std at t=540: [3.16911712 2.22546844 2.24184272]
start_idx is 0; end_idx is 5000
this is 0 times / overall 2000 times
this is 100 times / overall 2000 times
this is 200 times / overall 2000 times
this is 300 times / overall 2000 times
this is 400 times / overall 2000 times
this is 500 times / overall 2000 times
this is 600 times / overall 2000 times
this is 700 times / overall 2000 times
this is 800 times / overall 2000 times
this is 900 times / overall 2000 times
this is 1000 times / overall 2000 times
this is 1100 times / overall 2000 times
this is 1200 times / overall 2000 times
this is 1300 times / overall 2000 times
this is 1400 times / overall 2000 times
this is 1500 times / overall 2000 times
this is 1600 times / overall 2000 times
this is 1700 times / overall 2000 times
this is 1800 times / overall 2000 times
this is 1900 times / overall 2000 times
this is 55 times which has already done.
----------------------------------------------------------------------------------------------------
this is 56 times / overall 101 times (time step 550, t=5.50s)
1.6010092941322895 1.1271350242412352 1.1103786461517458
----------------------------------------------------------------------------------------------------
find index iteration: 0 5000
short indx is [[   0 4532  387 ... 1406 1397 1269]
 [   1 4307 4985 ... 4823 1881 3773]
 [   2 4021 4679 ... 1730 3119 2629]
 ...
 [4997  820 3255 ... 2448 4248 3335]
 [4998 3388 3423 ...   71  818   62]
 [4999 2000 4678 ... 4190  900  114]]
Scaled residual std at t=550: [3.20201859 2.25427005 2.22075729]
start_idx is 0; end_idx is 5000
this is 0 times / overall 2000 times
this is 100 times / overall 2000 times
this is 200 times / overall 2000 times
this is 300 times / overall 2000 times
this is 400 times / overall 2000 times
this is 500 times / overall 2000 times
this is 600 times / overall 2000 times
this is 700 times / overall 2000 times
this is 800 times / overall 2000 times
this is 900 times / overall 2000 times
this is 1000 times / overall 2000 times
this is 1100 times / overall 2000 times
this is 1200 times / overall 2000 times
this is 1300 times / overall 2000 times
this is 1400 times / overall 2000 times
this is 1500 times / overall 2000 times
this is 1600 times / overall 2000 times
this is 1700 times / overall 2000 times
this is 1800 times / overall 2000 times
this is 1900 times / overall 2000 times
this is 56 times which has already done.
----------------------------------------------------------------------------------------------------
this is 57 times / overall 101 times (time step 560, t=5.60s)
1.6139110105114791 1.123235238564841 1.109512952992428
----------------------------------------------------------------------------------------------------
find index iteration: 0 5000
short indx is [[   0 1230 2679 ... 2393 1085  243]
 [   1 1910 4391 ... 4057 3158 1388]
 [   2  774   19 ... 4140 2321 2694]
 ...
 [4997   36  102 ... 2449 2381 3288]
 [4998 3163 3388 ... 3617 4269 2377]
 [4999 2336   89 ...  241 2984 2903]]
Scaled residual std at t=560: [3.22782202 2.24647048 2.21902591]
start_idx is 0; end_idx is 5000
this is 0 times / overall 2000 times
this is 100 times / overall 2000 times
this is 200 times / overall 2000 times
this is 300 times / overall 2000 times
this is 400 times / overall 2000 times
this is 500 times / overall 2000 times
this is 600 times / overall 2000 times
this is 700 times / overall 2000 times
this is 800 times / overall 2000 times
this is 900 times / overall 2000 times
this is 1000 times / overall 2000 times
this is 1100 times / overall 2000 times
this is 1200 times / overall 2000 times
this is 1300 times / overall 2000 times
this is 1400 times / overall 2000 times
this is 1500 times / overall 2000 times
this is 1600 times / overall 2000 times
this is 1700 times / overall 2000 times
this is 1800 times / overall 2000 times
this is 1900 times / overall 2000 times
this is 57 times which has already done.
----------------------------------------------------------------------------------------------------
this is 58 times / overall 101 times (time step 570, t=5.70s)
1.5962492123043617 1.1118963912241262 1.1254840705279872
----------------------------------------------------------------------------------------------------
find index iteration: 0 5000
short indx is [[   0 2071 4380 ...  718  181  457]
 [   1 2681 2609 ... 1371 4287 4700]
 [   2 3846 2704 ...  894 4185 1436]
 ...
 [4997  306   28 ... 4683 1463 4392]
 [4998 3791 3163 ...  544 4284 3433]
 [4999 4307 2019 ... 2571 3188 1085]]
Scaled residual std at t=570: [3.19249842 2.22379278 2.25096814]
start_idx is 0; end_idx is 5000
this is 0 times / overall 2000 times
this is 100 times / overall 2000 times
this is 200 times / overall 2000 times
this is 300 times / overall 2000 times
this is 400 times / overall 2000 times
this is 500 times / overall 2000 times
this is 600 times / overall 2000 times
this is 700 times / overall 2000 times
this is 800 times / overall 2000 times
this is 900 times / overall 2000 times
this is 1000 times / overall 2000 times
this is 1100 times / overall 2000 times
this is 1200 times / overall 2000 times
this is 1300 times / overall 2000 times
this is 1400 times / overall 2000 times
this is 1500 times / overall 2000 times
this is 1600 times / overall 2000 times
this is 1700 times / overall 2000 times
this is 1800 times / overall 2000 times
this is 1900 times / overall 2000 times
this is 58 times which has already done.
----------------------------------------------------------------------------------------------------
this is 59 times / overall 101 times (time step 580, t=5.80s)
1.556810341870239 1.1104941382390836 1.117166416824009
----------------------------------------------------------------------------------------------------
find index iteration: 0 5000
short indx is [[   0 3870 1147 ... 4730 2587 4204]
 [   1 4035  356 ... 2249   71 4347]
 [   2 4473 4737 ... 3264 3030 4268]
 ...
 [4997 1297   28 ... 1936 1192  322]
 [4998  822 1137 ... 4850 1119 3836]
 [4999 3868    6 ... 3173 1789 1319]]
Scaled residual std at t=580: [3.11362068 2.22098828 2.23433283]
start_idx is 0; end_idx is 5000
this is 0 times / overall 2000 times
this is 100 times / overall 2000 times
this is 200 times / overall 2000 times
this is 300 times / overall 2000 times
this is 400 times / overall 2000 times
this is 500 times / overall 2000 times
this is 600 times / overall 2000 times
this is 700 times / overall 2000 times
this is 800 times / overall 2000 times
this is 900 times / overall 2000 times
this is 1000 times / overall 2000 times
this is 1100 times / overall 2000 times
this is 1200 times / overall 2000 times
this is 1300 times / overall 2000 times
this is 1400 times / overall 2000 times
this is 1500 times / overall 2000 times
this is 1600 times / overall 2000 times
this is 1700 times / overall 2000 times
this is 1800 times / overall 2000 times
this is 1900 times / overall 2000 times
this is 59 times which has already done.
----------------------------------------------------------------------------------------------------
this is 60 times / overall 101 times (time step 590, t=5.90s)
1.6040760562148921 1.1143619447813458 1.127612530795811
----------------------------------------------------------------------------------------------------
find index iteration: 0 5000
short indx is [[   0  809 1223 ...  224 4193 4172]
 [   1 4686 3518 ... 3795 1335 4789]
 [   2 1306 1428 ... 3796 1056  802]
 ...
 [4997 1297 4467 ... 1817 3606 2165]
 [4998 3167 3791 ... 1375 4136  940]
 [4999 2840 1337 ... 2590 1013 3757]]
Scaled residual std at t=590: [3.20815211 2.22872389 2.25522506]
start_idx is 0; end_idx is 5000
this is 0 times / overall 2000 times
this is 100 times / overall 2000 times
this is 200 times / overall 2000 times
this is 300 times / overall 2000 times
this is 400 times / overall 2000 times
this is 500 times / overall 2000 times
this is 600 times / overall 2000 times
this is 700 times / overall 2000 times
this is 800 times / overall 2000 times
this is 900 times / overall 2000 times
this is 1000 times / overall 2000 times
this is 1100 times / overall 2000 times
this is 1200 times / overall 2000 times
this is 1300 times / overall 2000 times
this is 1400 times / overall 2000 times
this is 1500 times / overall 2000 times
this is 1600 times / overall 2000 times
this is 1700 times / overall 2000 times
this is 1800 times / overall 2000 times
this is 1900 times / overall 2000 times
this is 60 times which has already done.
----------------------------------------------------------------------------------------------------
this is 61 times / overall 101 times (time step 600, t=6.00s)
1.5696580436033418 1.1273944272507523 1.1203591317520178
----------------------------------------------------------------------------------------------------
find index iteration: 0 5000
short indx is [[   0 3139 2071 ... 2386 4384  192]
 [   1 4732 4035 ... 4816 3622 2727]
 [   2 1428 3811 ... 2093 4030 2415]
 ...
 [4997 2325 4467 ... 3084 4614 3635]
 [4998  532 2804 ...  502 1127  347]
 [4999 4952  881 ... 2143 3762 1064]]
Scaled residual std at t=600: [3.13931609 2.25478885 2.24071826]
start_idx is 0; end_idx is 5000
this is 0 times / overall 2000 times
this is 100 times / overall 2000 times
this is 200 times / overall 2000 times
this is 300 times / overall 2000 times
this is 400 times / overall 2000 times
this is 500 times / overall 2000 times
this is 600 times / overall 2000 times
this is 700 times / overall 2000 times
this is 800 times / overall 2000 times
this is 900 times / overall 2000 times
this is 1000 times / overall 2000 times
this is 1100 times / overall 2000 times
this is 1200 times / overall 2000 times
this is 1300 times / overall 2000 times
this is 1400 times / overall 2000 times
this is 1500 times / overall 2000 times
this is 1600 times / overall 2000 times
this is 1700 times / overall 2000 times
this is 1800 times / overall 2000 times
this is 1900 times / overall 2000 times
this is 61 times which has already done.
----------------------------------------------------------------------------------------------------
this is 62 times / overall 101 times (time step 610, t=6.10s)
1.5519551354159589 1.1232397463404407 1.1256217818127343
----------------------------------------------------------------------------------------------------
find index iteration: 0 5000
short indx is [[   0 1635 1648 ...  965 3151 2279]
 [   1  938 4035 ...  414 1572 4822]
 [   2 3406 4283 ... 1189 1230 1775]
 ...
 [4997  495 3047 ...  439  768 1353]
 [4998  352 4944 ... 3298 2016  375]
 [4999 1490 1794 ... 4899 4717 1675]]
Scaled residual std at t=610: [3.10391027 2.24647949 2.25124356]
start_idx is 0; end_idx is 5000
this is 0 times / overall 2000 times
this is 100 times / overall 2000 times
this is 200 times / overall 2000 times
this is 300 times / overall 2000 times
this is 400 times / overall 2000 times
this is 500 times / overall 2000 times
this is 600 times / overall 2000 times
this is 700 times / overall 2000 times
this is 800 times / overall 2000 times
this is 900 times / overall 2000 times
this is 1000 times / overall 2000 times
this is 1100 times / overall 2000 times
this is 1200 times / overall 2000 times
this is 1300 times / overall 2000 times
this is 1400 times / overall 2000 times
this is 1500 times / overall 2000 times
this is 1600 times / overall 2000 times
this is 1700 times / overall 2000 times
this is 1800 times / overall 2000 times
this is 1900 times / overall 2000 times
this is 62 times which has already done.
----------------------------------------------------------------------------------------------------
this is 63 times / overall 101 times (time step 620, t=6.20s)
1.570315110989574 1.1245268932782144 1.107766801390033
----------------------------------------------------------------------------------------------------
find index iteration: 0 5000
short indx is [[   0 4390 3072 ... 2583  628 2618]
 [   1  938  256 ...  902 3473  362]
 [   2   19  361 ... 1540 3999  759]
 ...
 [4997 1527 4911 ... 4296 1582 4379]
 [4998  532 2806 ... 1262 1620 1479]
 [4999 2021 4348 ... 3657 1006 2596]]
Scaled residual std at t=620: [3.14063022 2.24905379 2.2155336 ]
start_idx is 0; end_idx is 5000
this is 0 times / overall 2000 times
this is 100 times / overall 2000 times
this is 200 times / overall 2000 times
this is 300 times / overall 2000 times
this is 400 times / overall 2000 times
this is 500 times / overall 2000 times
this is 600 times / overall 2000 times
this is 700 times / overall 2000 times
this is 800 times / overall 2000 times
this is 900 times / overall 2000 times
this is 1000 times / overall 2000 times
this is 1100 times / overall 2000 times
this is 1200 times / overall 2000 times
this is 1300 times / overall 2000 times
this is 1400 times / overall 2000 times
this is 1500 times / overall 2000 times
this is 1600 times / overall 2000 times
this is 1700 times / overall 2000 times
this is 1800 times / overall 2000 times
this is 1900 times / overall 2000 times
this is 63 times which has already done.
----------------------------------------------------------------------------------------------------
this is 64 times / overall 101 times (time step 630, t=6.30s)
1.5827568633637574 1.1256524065611149 1.1188445535706089
----------------------------------------------------------------------------------------------------
find index iteration: 0 5000
short indx is [[   0 2271 2247 ... 3895  976 2766]
 [   1  359 3696 ... 4533 3423 4719]
 [   2 1243 2852 ... 4573 2715 4228]
 ...
 [4997 4716 2968 ...  855 3380 4653]
 [4998 3083  352 ... 4596 4367 1409]
 [4999  954 2646 ... 1831 4162  684]]
Scaled residual std at t=630: [3.16551373 2.25130481 2.23768911]
start_idx is 0; end_idx is 5000
this is 0 times / overall 2000 times
this is 100 times / overall 2000 times
this is 200 times / overall 2000 times
this is 300 times / overall 2000 times
this is 400 times / overall 2000 times
this is 500 times / overall 2000 times
this is 600 times / overall 2000 times
this is 700 times / overall 2000 times
this is 800 times / overall 2000 times
this is 900 times / overall 2000 times
this is 1000 times / overall 2000 times
this is 1100 times / overall 2000 times
this is 1200 times / overall 2000 times
this is 1300 times / overall 2000 times
this is 1400 times / overall 2000 times
this is 1500 times / overall 2000 times
this is 1600 times / overall 2000 times
this is 1700 times / overall 2000 times
this is 1800 times / overall 2000 times
this is 1900 times / overall 2000 times
this is 64 times which has already done.
----------------------------------------------------------------------------------------------------
this is 65 times / overall 101 times (time step 640, t=6.40s)
1.5675767139872376 1.1405162615631477 1.119812825365622
----------------------------------------------------------------------------------------------------
find index iteration: 0 5000
short indx is [[   0 4216 1096 ... 2570 1251 2646]
 [   1 2706 4304 ...  689  904 4306]
 [   2 2627 3464 ... 3747 2639 1991]
 ...
 [4997 3366 4846 ... 2420 3120 2220]
 [4998  532 4377 ...   21 1609  594]
 [4999 2831 3411 ... 3649 3198  893]]
Scaled residual std at t=640: [3.13515343 2.28103252 2.23962565]
start_idx is 0; end_idx is 5000
this is 0 times / overall 2000 times
this is 100 times / overall 2000 times
this is 200 times / overall 2000 times
this is 300 times / overall 2000 times
this is 400 times / overall 2000 times
this is 500 times / overall 2000 times
this is 600 times / overall 2000 times
this is 700 times / overall 2000 times
this is 800 times / overall 2000 times
this is 900 times / overall 2000 times
this is 1000 times / overall 2000 times
this is 1100 times / overall 2000 times
this is 1200 times / overall 2000 times
this is 1300 times / overall 2000 times
this is 1400 times / overall 2000 times
this is 1500 times / overall 2000 times
this is 1600 times / overall 2000 times
this is 1700 times / overall 2000 times
this is 1800 times / overall 2000 times
this is 1900 times / overall 2000 times
this is 65 times which has already done.
----------------------------------------------------------------------------------------------------
this is 66 times / overall 101 times (time step 650, t=6.50s)
1.5481679076106474 1.1102093977123328 1.1151372129238457
----------------------------------------------------------------------------------------------------
find index iteration: 0 5000
short indx is [[   0  955 2437 ...  531 4365  223]
 [   1    6 3481 ... 3799 3459  902]
 [   2 3320 4842 ... 3743 2644  168]
 ...
 [4997   91 1517 ...  876 3042  725]
 [4998 4377 2750 ... 2709 4459 3035]
 [4999  799 2640 ... 2411 1580 4196]]
Scaled residual std at t=650: [3.09633582 2.2204188  2.23027443]
start_idx is 0; end_idx is 5000
this is 0 times / overall 2000 times
this is 100 times / overall 2000 times
this is 200 times / overall 2000 times
this is 300 times / overall 2000 times
this is 400 times / overall 2000 times
this is 500 times / overall 2000 times
this is 600 times / overall 2000 times
this is 700 times / overall 2000 times
this is 800 times / overall 2000 times
this is 900 times / overall 2000 times
this is 1000 times / overall 2000 times
this is 1100 times / overall 2000 times
this is 1200 times / overall 2000 times
this is 1300 times / overall 2000 times
this is 1400 times / overall 2000 times
this is 1500 times / overall 2000 times
this is 1600 times / overall 2000 times
this is 1700 times / overall 2000 times
this is 1800 times / overall 2000 times
this is 1900 times / overall 2000 times
this is 66 times which has already done.
----------------------------------------------------------------------------------------------------
this is 67 times / overall 101 times (time step 660, t=6.60s)
1.5875425932269023 1.1101866928418525 1.1151373505860078
----------------------------------------------------------------------------------------------------
find index iteration: 0 5000
short indx is [[   0 3659 2261 ... 3233 3936 2889]
 [   1 3481 2706 ... 1862 3839 2423]
 [   2  777 4023 ...  566 1052 2446]
 ...
 [4997  630 3918 ... 1991 1951 4183]
 [4998  532 4377 ... 2857 3271  376]
 [4999  303 1630 ... 1646  293  571]]
Scaled residual std at t=660: [3.17508519 2.22037339 2.2302747 ]
start_idx is 0; end_idx is 5000
this is 0 times / overall 2000 times
this is 100 times / overall 2000 times
this is 200 times / overall 2000 times
this is 300 times / overall 2000 times
this is 400 times / overall 2000 times
this is 500 times / overall 2000 times
this is 600 times / overall 2000 times
this is 700 times / overall 2000 times
this is 800 times / overall 2000 times
this is 900 times / overall 2000 times
this is 1000 times / overall 2000 times
this is 1100 times / overall 2000 times
this is 1200 times / overall 2000 times
this is 1300 times / overall 2000 times
this is 1400 times / overall 2000 times
this is 1500 times / overall 2000 times
this is 1600 times / overall 2000 times
this is 1700 times / overall 2000 times
this is 1800 times / overall 2000 times
this is 1900 times / overall 2000 times
this is 67 times which has already done.
----------------------------------------------------------------------------------------------------
this is 68 times / overall 101 times (time step 670, t=6.70s)
1.5682511188830657 1.0973245665281133 1.1052062982753308
----------------------------------------------------------------------------------------------------
find index iteration: 0 5000
short indx is [[   0 4039 1755 ...   45  716 1625]
 [   1 2714 1508 ... 2028 3964 2580]
 [   2  216 4643 ... 3275 1165 3090]
 ...
 [4997 3832 3918 ... 2057 1212 4221]
 [4998  352 4377 ... 4729 1797 3429]
 [4999 2079 3158 ... 2854 4268 3357]]
Scaled residual std at t=670: [3.13650224 2.19464913 2.2104126 ]
start_idx is 0; end_idx is 5000
this is 0 times / overall 2000 times
this is 100 times / overall 2000 times
this is 200 times / overall 2000 times
this is 300 times / overall 2000 times
this is 400 times / overall 2000 times
this is 500 times / overall 2000 times
this is 600 times / overall 2000 times
this is 700 times / overall 2000 times
this is 800 times / overall 2000 times
this is 900 times / overall 2000 times
this is 1000 times / overall 2000 times
this is 1100 times / overall 2000 times
this is 1200 times / overall 2000 times
this is 1300 times / overall 2000 times
this is 1400 times / overall 2000 times
this is 1500 times / overall 2000 times
this is 1600 times / overall 2000 times
this is 1700 times / overall 2000 times
this is 1800 times / overall 2000 times
this is 1900 times / overall 2000 times
this is 68 times which has already done.
----------------------------------------------------------------------------------------------------
this is 69 times / overall 101 times (time step 680, t=6.80s)
1.5818160489505197 1.1272749880572297 1.1178825536355017
----------------------------------------------------------------------------------------------------
find index iteration: 0 5000
short indx is [[   0 1086 4224 ...  444 1554  237]
 [   1 2160 2019 ... 3974 3419 4805]
 [   2 4643 1243 ... 2837  809 1735]
 ...
 [4997 3832  449 ... 3909 3229  825]
 [4998  953 4907 ... 3239 1584 3100]
 [4999    9 2333 ... 1976 1505 2467]]
Scaled residual std at t=680: [3.1636321  2.25454998 2.23576511]
start_idx is 0; end_idx is 5000
this is 0 times / overall 2000 times
this is 100 times / overall 2000 times
this is 200 times / overall 2000 times
this is 300 times / overall 2000 times
this is 400 times / overall 2000 times
this is 500 times / overall 2000 times
this is 600 times / overall 2000 times
this is 700 times / overall 2000 times
this is 800 times / overall 2000 times
this is 900 times / overall 2000 times
this is 1000 times / overall 2000 times
this is 1100 times / overall 2000 times
this is 1200 times / overall 2000 times
this is 1300 times / overall 2000 times
this is 1400 times / overall 2000 times
this is 1500 times / overall 2000 times
this is 1600 times / overall 2000 times
this is 1700 times / overall 2000 times
this is 1800 times / overall 2000 times
this is 1900 times / overall 2000 times
this is 69 times which has already done.
----------------------------------------------------------------------------------------------------
this is 70 times / overall 101 times (time step 690, t=6.90s)
1.5839028748606458 1.1024317946568125 1.1149549682160254
----------------------------------------------------------------------------------------------------
find index iteration: 0 5000
short indx is [[   0 1814 3089 ... 3835  425 2287]
 [   1 3067 2019 ... 2169 2832 4486]
 [   2  776 3759 ...  614 3901 4741]
 ...
 [4997 3832 3665 ... 1038 1555 2278]
 [4998 3520 1688 ... 4467  768 1057]
 [4999 4884 2542 ... 2095 1262 4683]]
Scaled residual std at t=690: [3.16780575 2.20486359 2.22990994]
start_idx is 0; end_idx is 5000
this is 0 times / overall 2000 times
this is 100 times / overall 2000 times
this is 200 times / overall 2000 times
this is 300 times / overall 2000 times
this is 400 times / overall 2000 times
this is 500 times / overall 2000 times
this is 600 times / overall 2000 times
this is 700 times / overall 2000 times
this is 800 times / overall 2000 times
this is 900 times / overall 2000 times
this is 1000 times / overall 2000 times
this is 1100 times / overall 2000 times
this is 1200 times / overall 2000 times
this is 1300 times / overall 2000 times
this is 1400 times / overall 2000 times
this is 1500 times / overall 2000 times
this is 1600 times / overall 2000 times
this is 1700 times / overall 2000 times
this is 1800 times / overall 2000 times
this is 1900 times / overall 2000 times
this is 70 times which has already done.
----------------------------------------------------------------------------------------------------
this is 71 times / overall 101 times (time step 700, t=7.00s)
1.5918188031206708 1.1124641721287005 1.126831557808105
----------------------------------------------------------------------------------------------------
find index iteration: 0 5000
short indx is [[   0  761 1896 ...  434 1503 3587]
 [   1 3636 4811 ... 2685 4866 1536]
 [   2 1113 2494 ... 3516 3345  717]
 ...
 [4997 2325 4103 ... 4687 3308 4942]
 [4998 1545 3342 ... 4418 4506 3546]
 [4999 4884 1568 ...  321 2220 4703]]
Scaled residual std at t=700: [3.18363761 2.22492834 2.25366312]
start_idx is 0; end_idx is 5000
this is 0 times / overall 2000 times
this is 100 times / overall 2000 times
this is 200 times / overall 2000 times
this is 300 times / overall 2000 times
this is 400 times / overall 2000 times
this is 500 times / overall 2000 times
this is 600 times / overall 2000 times
this is 700 times / overall 2000 times
this is 800 times / overall 2000 times
this is 900 times / overall 2000 times
this is 1000 times / overall 2000 times
this is 1100 times / overall 2000 times
this is 1200 times / overall 2000 times
this is 1300 times / overall 2000 times
this is 1400 times / overall 2000 times
this is 1500 times / overall 2000 times
this is 1600 times / overall 2000 times
this is 1700 times / overall 2000 times
this is 1800 times / overall 2000 times
this is 1900 times / overall 2000 times
this is 71 times which has already done.
----------------------------------------------------------------------------------------------------
this is 72 times / overall 101 times (time step 710, t=7.10s)
1.5929062655685156 1.1044134313141512 1.117622050328026
----------------------------------------------------------------------------------------------------
find index iteration: 0 5000
short indx is [[   0 1768 1420 ... 1990 3340 1160]
 [   1 3963 2631 ... 3579  569 3567]
 [   2 4378  538 ... 2322 2052 3117]
 ...
 [4997 2747 3832 ...  237 4394 4301]
 [4998 2508  351 ... 1145 3279 1619]
 [4999 2725 1564 ... 3324 4636 2329]]
Scaled residual std at t=710: [3.18581253 2.20882686 2.2352441 ]
start_idx is 0; end_idx is 5000
this is 0 times / overall 2000 times
this is 100 times / overall 2000 times
this is 200 times / overall 2000 times
this is 300 times / overall 2000 times
this is 400 times / overall 2000 times
this is 500 times / overall 2000 times
this is 600 times / overall 2000 times
this is 700 times / overall 2000 times
this is 800 times / overall 2000 times
this is 900 times / overall 2000 times
this is 1000 times / overall 2000 times
this is 1100 times / overall 2000 times
this is 1200 times / overall 2000 times
this is 1300 times / overall 2000 times
this is 1400 times / overall 2000 times
this is 1500 times / overall 2000 times
this is 1600 times / overall 2000 times
this is 1700 times / overall 2000 times
this is 1800 times / overall 2000 times
this is 1900 times / overall 2000 times
this is 72 times which has already done.
----------------------------------------------------------------------------------------------------
this is 73 times / overall 101 times (time step 720, t=7.20s)
1.59081496650371 1.100238121977088 1.1151563301019554
----------------------------------------------------------------------------------------------------
find index iteration: 0 5000
short indx is [[   0 2852  361 ... 1587 3904 1715]
 [   1  356 3219 ... 2855 2272 4313]
 [   2 1739 1581 ... 1947 2037 2614]
 ...
 [4997 3522  908 ... 4740 3770 2400]
 [4998 2802 3689 ...  111 1048  461]
 [4999 1327 3292 ... 2058 4540  926]]
Scaled residual std at t=720: [3.18162993 2.20047624 2.23031266]
start_idx is 0; end_idx is 5000
this is 0 times / overall 2000 times
this is 100 times / overall 2000 times
this is 200 times / overall 2000 times
this is 300 times / overall 2000 times
this is 400 times / overall 2000 times
this is 500 times / overall 2000 times
this is 600 times / overall 2000 times
this is 700 times / overall 2000 times
this is 800 times / overall 2000 times
this is 900 times / overall 2000 times
this is 1000 times / overall 2000 times
this is 1100 times / overall 2000 times
this is 1200 times / overall 2000 times
this is 1300 times / overall 2000 times
this is 1400 times / overall 2000 times
this is 1500 times / overall 2000 times
this is 1600 times / overall 2000 times
this is 1700 times / overall 2000 times
this is 1800 times / overall 2000 times
this is 1900 times / overall 2000 times
this is 73 times which has already done.
----------------------------------------------------------------------------------------------------
this is 74 times / overall 101 times (time step 730, t=7.30s)
1.59050689123341 1.1376624605356882 1.1238253582915
----------------------------------------------------------------------------------------------------
find index iteration: 0 5000
short indx is [[   0 1768  133 ... 3797  518 3340]
 [   1   96  262 ... 1134 2069 1610]
 [   2 4905 4886 ...  434 3725 1713]
 ...
 [4997 2747 2873 ... 1178 4195 4277]
 [4998 4239 4474 ... 1254 2007 2841]
 [4999 3292 1681 ... 2024 4645 2446]]
Scaled residual std at t=730: [3.18101378 2.27532492 2.24765072]
start_idx is 0; end_idx is 5000
this is 0 times / overall 2000 times
this is 100 times / overall 2000 times
this is 200 times / overall 2000 times
this is 300 times / overall 2000 times
this is 400 times / overall 2000 times
this is 500 times / overall 2000 times
this is 600 times / overall 2000 times
this is 700 times / overall 2000 times
this is 800 times / overall 2000 times
this is 900 times / overall 2000 times
this is 1000 times / overall 2000 times
this is 1100 times / overall 2000 times
this is 1200 times / overall 2000 times
this is 1300 times / overall 2000 times
this is 1400 times / overall 2000 times
this is 1500 times / overall 2000 times
this is 1600 times / overall 2000 times
this is 1700 times / overall 2000 times
this is 1800 times / overall 2000 times
this is 1900 times / overall 2000 times
this is 74 times which has already done.
----------------------------------------------------------------------------------------------------
this is 75 times / overall 101 times (time step 740, t=7.40s)
1.6029299656647806 1.1181692078521825 1.1210690354610324
----------------------------------------------------------------------------------------------------
find index iteration: 0 5000
short indx is [[   0 4505  133 ... 2266  948 2306]
 [   1 3948 1496 ...  307  916 2227]
 [   2 1959 1790 ... 1189 2746 1242]
 ...
 [4997 3429  245 ... 4017  223 4959]
 [4998 2392 1954 ... 3198 1980 4393]
 [4999 1972 3306 ... 2971 1188  466]]
Scaled residual std at t=740: [3.20585993 2.23633842 2.24213807]
start_idx is 0; end_idx is 5000
this is 0 times / overall 2000 times
this is 100 times / overall 2000 times
this is 200 times / overall 2000 times
this is 300 times / overall 2000 times
this is 400 times / overall 2000 times
this is 500 times / overall 2000 times
this is 600 times / overall 2000 times
this is 700 times / overall 2000 times
this is 800 times / overall 2000 times
this is 900 times / overall 2000 times
this is 1000 times / overall 2000 times
this is 1100 times / overall 2000 times
this is 1200 times / overall 2000 times
this is 1300 times / overall 2000 times
this is 1400 times / overall 2000 times
this is 1500 times / overall 2000 times
this is 1600 times / overall 2000 times
this is 1700 times / overall 2000 times
this is 1800 times / overall 2000 times
this is 1900 times / overall 2000 times
this is 75 times which has already done.
----------------------------------------------------------------------------------------------------
this is 76 times / overall 101 times (time step 750, t=7.50s)
1.5919785258943924 1.1214462313604694 1.1062099613949639
----------------------------------------------------------------------------------------------------
find index iteration: 0 5000
short indx is [[   0 4737 4224 ... 2948 4914 1065]
 [   1   37 3136 ... 3895 1327 4142]
 [   2 4177  522 ... 1667 3491  966]
 ...
 [4997 3429  245 ... 3038 3556 4502]
 [4998 3799 4279 ... 2378 4878 3794]
 [4999 1440  941 ... 1830  536 1419]]
Scaled residual std at t=750: [3.18395705 2.24289246 2.21241992]
start_idx is 0; end_idx is 5000
this is 0 times / overall 2000 times
this is 100 times / overall 2000 times
this is 200 times / overall 2000 times
this is 300 times / overall 2000 times
this is 400 times / overall 2000 times
this is 500 times / overall 2000 times
this is 600 times / overall 2000 times
this is 700 times / overall 2000 times
this is 800 times / overall 2000 times
this is 900 times / overall 2000 times
this is 1000 times / overall 2000 times
this is 1100 times / overall 2000 times
this is 1200 times / overall 2000 times
this is 1300 times / overall 2000 times
this is 1400 times / overall 2000 times
this is 1500 times / overall 2000 times
this is 1600 times / overall 2000 times
this is 1700 times / overall 2000 times
this is 1800 times / overall 2000 times
this is 1900 times / overall 2000 times
this is 76 times which has already done.
----------------------------------------------------------------------------------------------------
this is 77 times / overall 101 times (time step 760, t=7.60s)
1.584626565055543 1.1054380421029288 1.1183074604474577
----------------------------------------------------------------------------------------------------
find index iteration: 0 5000
short indx is [[   0  201 2728 ...  162 2727  884]
 [   1  861 1127 ... 2605 3389 4133]
 [   2 1983   21 ... 2831 2029 2713]
 ...
 [4997 2797 2401 ... 1290  622 4484]
 [4998 1385 4485 ... 4900 4587 4630]
 [4999 1972 4173 ... 4032  795 3844]]
Scaled residual std at t=760: [3.16925313 2.21087608 2.23661492]
start_idx is 0; end_idx is 5000
this is 0 times / overall 2000 times
this is 100 times / overall 2000 times
this is 200 times / overall 2000 times
this is 300 times / overall 2000 times
this is 400 times / overall 2000 times
this is 500 times / overall 2000 times
this is 600 times / overall 2000 times
this is 700 times / overall 2000 times
this is 800 times / overall 2000 times
this is 900 times / overall 2000 times
this is 1000 times / overall 2000 times
this is 1100 times / overall 2000 times
this is 1200 times / overall 2000 times
this is 1300 times / overall 2000 times
this is 1400 times / overall 2000 times
this is 1500 times / overall 2000 times
this is 1600 times / overall 2000 times
this is 1700 times / overall 2000 times
this is 1800 times / overall 2000 times
this is 1900 times / overall 2000 times
this is 77 times which has already done.
----------------------------------------------------------------------------------------------------
this is 78 times / overall 101 times (time step 770, t=7.70s)
1.588124202301075 1.117668209326807 1.1233290029810399
----------------------------------------------------------------------------------------------------
find index iteration: 0 5000
short indx is [[   0 4356 2031 ... 3407 4699 4564]
 [   1 3639  861 ... 4062 1325 2740]
 [   2 3751  405 ... 1494  853 3451]
 ...
 [4997 4521  816 ...  299 2115 2394]
 [4998 1385 4058 ...  592 4000 3738]
 [4999 1982 3306 ... 2269 3898 4453]]
Scaled residual std at t=770: [3.1762484  2.23533642 2.24665801]
start_idx is 0; end_idx is 5000
this is 0 times / overall 2000 times
this is 100 times / overall 2000 times
this is 200 times / overall 2000 times
this is 300 times / overall 2000 times
this is 400 times / overall 2000 times
this is 500 times / overall 2000 times
this is 600 times / overall 2000 times
this is 700 times / overall 2000 times
this is 800 times / overall 2000 times
this is 900 times / overall 2000 times
this is 1000 times / overall 2000 times
this is 1100 times / overall 2000 times
this is 1200 times / overall 2000 times
this is 1300 times / overall 2000 times
this is 1400 times / overall 2000 times
this is 1500 times / overall 2000 times
this is 1600 times / overall 2000 times
this is 1700 times / overall 2000 times
this is 1800 times / overall 2000 times
this is 1900 times / overall 2000 times
this is 78 times which has already done.
----------------------------------------------------------------------------------------------------
this is 79 times / overall 101 times (time step 780, t=7.80s)
1.572238906864113 1.116045386574941 1.1301782125053401
----------------------------------------------------------------------------------------------------
find index iteration: 0 5000
short indx is [[   0 1976 4351 ...  896  126 1973]
 [   1 2657 1183 ... 2582  486 2603]
 [   2 4714 1737 ... 4766  672  940]
 ...
 [4997  816 1058 ...  343  574 4755]
 [4998  882 3244 ... 3891 4225 1616]
 [4999  307 1782 ... 2966  631 3883]]
Scaled residual std at t=780: [3.14447781 2.23209077 2.26035643]
start_idx is 0; end_idx is 5000
this is 0 times / overall 2000 times
this is 100 times / overall 2000 times
this is 200 times / overall 2000 times
this is 300 times / overall 2000 times
this is 400 times / overall 2000 times
this is 500 times / overall 2000 times
this is 600 times / overall 2000 times
this is 700 times / overall 2000 times
this is 800 times / overall 2000 times
this is 900 times / overall 2000 times
this is 1000 times / overall 2000 times
this is 1100 times / overall 2000 times
this is 1200 times / overall 2000 times
this is 1300 times / overall 2000 times
this is 1400 times / overall 2000 times
this is 1500 times / overall 2000 times
this is 1600 times / overall 2000 times
this is 1700 times / overall 2000 times
this is 1800 times / overall 2000 times
this is 1900 times / overall 2000 times
this is 79 times which has already done.
----------------------------------------------------------------------------------------------------
this is 80 times / overall 101 times (time step 790, t=7.90s)
1.5889669508584272 1.1425343795462353 1.1296633550849986
----------------------------------------------------------------------------------------------------
find index iteration: 0 5000
short indx is [[   0 2728 4351 ... 4981  907 2590]
 [   1 3604 2256 ... 3155 4095  386]
 [   2 3953  893 ... 4228 2360  750]
 ...
 [4997 3326 3806 ... 1121 2142 3942]
 [4998 3571 3021 ... 1328  397 2197]
 [4999  135 2013 ... 2978 2707 2243]]
Scaled residual std at t=790: [3.1779339  2.28506876 2.25932671]
start_idx is 0; end_idx is 5000
this is 0 times / overall 2000 times
this is 100 times / overall 2000 times
this is 200 times / overall 2000 times
this is 300 times / overall 2000 times
this is 400 times / overall 2000 times
this is 500 times / overall 2000 times
this is 600 times / overall 2000 times
this is 700 times / overall 2000 times
this is 800 times / overall 2000 times
this is 900 times / overall 2000 times
this is 1000 times / overall 2000 times
this is 1100 times / overall 2000 times
this is 1200 times / overall 2000 times
this is 1300 times / overall 2000 times
this is 1400 times / overall 2000 times
this is 1500 times / overall 2000 times
this is 1600 times / overall 2000 times
this is 1700 times / overall 2000 times
this is 1800 times / overall 2000 times
this is 1900 times / overall 2000 times
this is 80 times which has already done.
----------------------------------------------------------------------------------------------------
this is 81 times / overall 101 times (time step 800, t=8.00s)
1.550326775161757 1.135557878164657 1.1148519282320983
----------------------------------------------------------------------------------------------------
find index iteration: 0 5000
short indx is [[   0 1702 3592 ...  303 4186 2040]
 [   1 2851 4630 ... 1278  606 4398]
 [   2 3879 1886 ... 1382 1843  534]
 ...
 [4997 3474 4375 ... 4509  597 3092]
 [4998 2258  762 ...   99 4233  757]
 [4999 3408 3351 ... 4034  777 4211]]
Scaled residual std at t=800: [3.10065355 2.27111576 2.22970386]
start_idx is 0; end_idx is 5000
this is 0 times / overall 2000 times
this is 100 times / overall 2000 times
this is 200 times / overall 2000 times
this is 300 times / overall 2000 times
this is 400 times / overall 2000 times
this is 500 times / overall 2000 times
this is 600 times / overall 2000 times
this is 700 times / overall 2000 times
this is 800 times / overall 2000 times
this is 900 times / overall 2000 times
this is 1000 times / overall 2000 times
this is 1100 times / overall 2000 times
this is 1200 times / overall 2000 times
this is 1300 times / overall 2000 times
this is 1400 times / overall 2000 times
this is 1500 times / overall 2000 times
this is 1600 times / overall 2000 times
this is 1700 times / overall 2000 times
this is 1800 times / overall 2000 times
this is 1900 times / overall 2000 times
this is 81 times which has already done.
----------------------------------------------------------------------------------------------------
this is 82 times / overall 101 times (time step 810, t=8.10s)
1.5729833987791635 1.1050503635760451 1.1219519511922151
----------------------------------------------------------------------------------------------------
find index iteration: 0 5000
short indx is [[   0 1632 2127 ... 3967 1895 3738]
 [   1 2851  394 ...  194 1412 3194]
 [   2 4344 2376 ... 4461 1820 1906]
 ...
 [4997  366 3693 ... 1036 2269 4454]
 [4998 1385 3272 ... 3078  980 4191]
 [4999 2777 4404 ... 4330 1549   61]]
Scaled residual std at t=810: [3.1459668  2.21010073 2.2439039 ]
start_idx is 0; end_idx is 5000
this is 0 times / overall 2000 times
this is 100 times / overall 2000 times
this is 200 times / overall 2000 times
this is 300 times / overall 2000 times
this is 400 times / overall 2000 times
this is 500 times / overall 2000 times
this is 600 times / overall 2000 times
this is 700 times / overall 2000 times
this is 800 times / overall 2000 times
this is 900 times / overall 2000 times
this is 1000 times / overall 2000 times
this is 1100 times / overall 2000 times
this is 1200 times / overall 2000 times
this is 1300 times / overall 2000 times
this is 1400 times / overall 2000 times
this is 1500 times / overall 2000 times
this is 1600 times / overall 2000 times
this is 1700 times / overall 2000 times
this is 1800 times / overall 2000 times
this is 1900 times / overall 2000 times
this is 82 times which has already done.
----------------------------------------------------------------------------------------------------
this is 83 times / overall 101 times (time step 820, t=8.20s)
1.5817281537824641 1.1123577352897003 1.112551079577414
----------------------------------------------------------------------------------------------------
find index iteration: 0 5000
short indx is [[   0 3598 4736 ... 2916 3458 4498]
 [   1 1828 3183 ...  958 1099 4825]
 [   2 2520 2586 ... 1498 4960 1347]
 ...
 [4997  378 2123 ...   73 2507 1478]
 [4998 3270 1986 ...  437 3341 4415]
 [4999 1984 1908 ... 4442 1990  220]]
Scaled residual std at t=820: [3.16345631 2.22471547 2.22510216]
start_idx is 0; end_idx is 5000
this is 0 times / overall 2000 times
this is 100 times / overall 2000 times
this is 200 times / overall 2000 times
this is 300 times / overall 2000 times
this is 400 times / overall 2000 times
this is 500 times / overall 2000 times
this is 600 times / overall 2000 times
this is 700 times / overall 2000 times
this is 800 times / overall 2000 times
this is 900 times / overall 2000 times
this is 1000 times / overall 2000 times
this is 1100 times / overall 2000 times
this is 1200 times / overall 2000 times
this is 1300 times / overall 2000 times
this is 1400 times / overall 2000 times
this is 1500 times / overall 2000 times
this is 1600 times / overall 2000 times
this is 1700 times / overall 2000 times
this is 1800 times / overall 2000 times
this is 1900 times / overall 2000 times
this is 83 times which has already done.
----------------------------------------------------------------------------------------------------
this is 84 times / overall 101 times (time step 830, t=8.30s)
1.570103253135401 1.103649320475915 1.1197853756120746
----------------------------------------------------------------------------------------------------
find index iteration: 0 5000
short indx is [[   0 3439 1938 ... 4935 4262  181]
 [   1 2851  565 ... 2342 4128 3394]
 [   2 1604 3981 ... 1272 3946 2849]
 ...
 [4997 3511 1750 ... 2653 2447 2266]
 [4998 4646 2326 ... 3574 2605  126]
 [4999  327 1759 ... 2507 3341 2020]]
Scaled residual std at t=830: [3.14020651 2.20729864 2.23957075]
start_idx is 0; end_idx is 5000
this is 0 times / overall 2000 times
this is 100 times / overall 2000 times
this is 200 times / overall 2000 times
this is 300 times / overall 2000 times
this is 400 times / overall 2000 times
this is 500 times / overall 2000 times
this is 600 times / overall 2000 times
this is 700 times / overall 2000 times
this is 800 times / overall 2000 times
this is 900 times / overall 2000 times
this is 1000 times / overall 2000 times
this is 1100 times / overall 2000 times
this is 1200 times / overall 2000 times
this is 1300 times / overall 2000 times
this is 1400 times / overall 2000 times
this is 1500 times / overall 2000 times
this is 1600 times / overall 2000 times
this is 1700 times / overall 2000 times
this is 1800 times / overall 2000 times
this is 1900 times / overall 2000 times
this is 84 times which has already done.
----------------------------------------------------------------------------------------------------
this is 85 times / overall 101 times (time step 840, t=8.40s)
1.5965104834257877 1.1358021599164607 1.129394764324558
----------------------------------------------------------------------------------------------------
find index iteration: 0 5000
short indx is [[   0 4306 2231 ... 3440 4272 4585]
 [   1 3228  478 ... 2364  517 3558]
 [   2 3196  781 ... 2148 1336 3590]
 ...
 [4997 1869  813 ... 1028 4350  689]
 [4998 4402  773 ... 4540 1228 3125]
 [4999 4571 1842 ... 1638 2137 1894]]
Scaled residual std at t=840: [3.19302097 2.27160432 2.25878953]
start_idx is 0; end_idx is 5000
this is 0 times / overall 2000 times
this is 100 times / overall 2000 times
this is 200 times / overall 2000 times
this is 300 times / overall 2000 times
this is 400 times / overall 2000 times
this is 500 times / overall 2000 times
this is 600 times / overall 2000 times
this is 700 times / overall 2000 times
this is 800 times / overall 2000 times
this is 900 times / overall 2000 times
this is 1000 times / overall 2000 times
this is 1100 times / overall 2000 times
this is 1200 times / overall 2000 times
this is 1300 times / overall 2000 times
this is 1400 times / overall 2000 times
this is 1500 times / overall 2000 times
this is 1600 times / overall 2000 times
this is 1700 times / overall 2000 times
this is 1800 times / overall 2000 times
this is 1900 times / overall 2000 times
this is 85 times which has already done.
----------------------------------------------------------------------------------------------------
this is 86 times / overall 101 times (time step 850, t=8.50s)
1.5973044691444478 1.121865372366564 1.119512840698182
----------------------------------------------------------------------------------------------------
find index iteration: 0 5000
short indx is [[   0 4218 1436 ... 1391 2777 1625]
 [   1 2885 4388 ... 3100  958 3915]
 [   2  203  781 ... 2528 3798  317]
 ...
 [4997  813 4375 ... 4136  926 4393]
 [4998 4485  570 ... 3049 2927 4500]
 [4999 2740  948 ... 3101 4897 1722]]
Scaled residual std at t=850: [3.19460894 2.24373074 2.23902568]
start_idx is 0; end_idx is 5000
this is 0 times / overall 2000 times
this is 100 times / overall 2000 times
this is 200 times / overall 2000 times
this is 300 times / overall 2000 times
this is 400 times / overall 2000 times
this is 500 times / overall 2000 times
this is 600 times / overall 2000 times
this is 700 times / overall 2000 times
this is 800 times / overall 2000 times
this is 900 times / overall 2000 times
this is 1000 times / overall 2000 times
this is 1100 times / overall 2000 times
this is 1200 times / overall 2000 times
this is 1300 times / overall 2000 times
this is 1400 times / overall 2000 times
this is 1500 times / overall 2000 times
this is 1600 times / overall 2000 times
this is 1700 times / overall 2000 times
this is 1800 times / overall 2000 times
this is 1900 times / overall 2000 times
this is 86 times which has already done.
----------------------------------------------------------------------------------------------------
this is 87 times / overall 101 times (time step 860, t=8.60s)
1.586463571525479 1.1074336229047732 1.1082036374832454
----------------------------------------------------------------------------------------------------
find index iteration: 0 5000
short indx is [[   0  554 3559 ... 1004 1744 3074]
 [   1  885  359 ... 1990 2955  918]
 [   2 1692 2963 ... 2350 2851 3075]
 ...
 [4997 4840  813 ... 1485   16 3525]
 [4998  570 4485 ... 3948 1420 3030]
 [4999  135  948 ... 1985 4098 4015]]
Scaled residual std at t=860: [3.17292714 2.21486725 2.21640727]
start_idx is 0; end_idx is 5000
this is 0 times / overall 2000 times
this is 100 times / overall 2000 times
this is 200 times / overall 2000 times
this is 300 times / overall 2000 times
this is 400 times / overall 2000 times
this is 500 times / overall 2000 times
this is 600 times / overall 2000 times
this is 700 times / overall 2000 times
this is 800 times / overall 2000 times
this is 900 times / overall 2000 times
this is 1000 times / overall 2000 times
this is 1100 times / overall 2000 times
this is 1200 times / overall 2000 times
this is 1300 times / overall 2000 times
this is 1400 times / overall 2000 times
this is 1500 times / overall 2000 times
this is 1600 times / overall 2000 times
this is 1700 times / overall 2000 times
this is 1800 times / overall 2000 times
this is 1900 times / overall 2000 times
this is 87 times which has already done.
----------------------------------------------------------------------------------------------------
this is 88 times / overall 101 times (time step 870, t=8.70s)
1.5962945778719306 1.1156315667709313 1.108912551680713
----------------------------------------------------------------------------------------------------
find index iteration: 0 5000
short indx is [[   0 3308 2928 ... 4572 2953 2523]
 [   1 1945  204 ...  578 4083 4444]
 [   2 1875 2081 ...  292 3281 3965]
 ...
 [4997 4576 3381 ... 3375  797  819]
 [4998 2886 4646 ...  179  399 3557]
 [4999  135  512 ... 3029 2849  343]]
Scaled residual std at t=870: [3.19258916 2.23126313 2.2178251 ]
start_idx is 0; end_idx is 5000
this is 0 times / overall 2000 times
this is 100 times / overall 2000 times
this is 200 times / overall 2000 times
this is 300 times / overall 2000 times
this is 400 times / overall 2000 times
this is 500 times / overall 2000 times
this is 600 times / overall 2000 times
this is 700 times / overall 2000 times
this is 800 times / overall 2000 times
this is 900 times / overall 2000 times
this is 1000 times / overall 2000 times
this is 1100 times / overall 2000 times
this is 1200 times / overall 2000 times
this is 1300 times / overall 2000 times
this is 1400 times / overall 2000 times
this is 1500 times / overall 2000 times
this is 1600 times / overall 2000 times
this is 1700 times / overall 2000 times
this is 1800 times / overall 2000 times
this is 1900 times / overall 2000 times
this is 88 times which has already done.
----------------------------------------------------------------------------------------------------
this is 89 times / overall 101 times (time step 880, t=8.80s)
1.5711000221167688 1.1250731673707615 1.1077874443092903
----------------------------------------------------------------------------------------------------
find index iteration: 0 5000
short indx is [[   0 1426  388 ... 3937 3953 1226]
 [   1 4630 1560 ...  956 2018  891]
 [   2 4207  704 ... 1955 1552 1659]
 ...
 [4997 1061 2884 ... 3746 2461 4227]
 [4998 3772 3342 ... 4437  106  838]
 [4999 3134 2188 ... 2446 2775 2718]]
Scaled residual std at t=880: [3.14220004 2.25014633 2.21557489]
start_idx is 0; end_idx is 5000
this is 0 times / overall 2000 times
this is 100 times / overall 2000 times
this is 200 times / overall 2000 times
this is 300 times / overall 2000 times
this is 400 times / overall 2000 times
this is 500 times / overall 2000 times
this is 600 times / overall 2000 times
this is 700 times / overall 2000 times
this is 800 times / overall 2000 times
this is 900 times / overall 2000 times
this is 1000 times / overall 2000 times
this is 1100 times / overall 2000 times
this is 1200 times / overall 2000 times
this is 1300 times / overall 2000 times
this is 1400 times / overall 2000 times
this is 1500 times / overall 2000 times
this is 1600 times / overall 2000 times
this is 1700 times / overall 2000 times
this is 1800 times / overall 2000 times
this is 1900 times / overall 2000 times
this is 89 times which has already done.
----------------------------------------------------------------------------------------------------
this is 90 times / overall 101 times (time step 890, t=8.90s)
1.5553571882184396 1.0969503641857452 1.1195683723981427
----------------------------------------------------------------------------------------------------
find index iteration: 0 5000
short indx is [[   0 2062 2822 ... 1513 1944 1765]
 [   1 2977 4763 ... 2094 4334 3506]
 [   2 2061 1566 ...  598   13 4547]
 ...
 [4997 4281 4810 ... 3064 3644 4230]
 [4998 3772 4646 ... 2356 4707 1348]
 [4999 3134  967 ... 2638  269 1342]]
Scaled residual std at t=890: [3.11071438 2.19390073 2.23913674]
start_idx is 0; end_idx is 5000
this is 0 times / overall 2000 times
this is 100 times / overall 2000 times
this is 200 times / overall 2000 times
this is 300 times / overall 2000 times
this is 400 times / overall 2000 times
this is 500 times / overall 2000 times
this is 600 times / overall 2000 times
this is 700 times / overall 2000 times
this is 800 times / overall 2000 times
this is 900 times / overall 2000 times
this is 1000 times / overall 2000 times
this is 1100 times / overall 2000 times
this is 1200 times / overall 2000 times
this is 1300 times / overall 2000 times
this is 1400 times / overall 2000 times
this is 1500 times / overall 2000 times
this is 1600 times / overall 2000 times
this is 1700 times / overall 2000 times
this is 1800 times / overall 2000 times
this is 1900 times / overall 2000 times
this is 90 times which has already done.
----------------------------------------------------------------------------------------------------
this is 91 times / overall 101 times (time step 900, t=9.00s)
1.5989012622344374 1.1144923346480913 1.115450257559316
----------------------------------------------------------------------------------------------------
find index iteration: 0 5000
short indx is [[   0 4723  437 ... 3016 1040   99]
 [   1  634 4308 ... 2031 2469 2490]
 [   2 4443 2061 ... 2103 2320 4220]
 ...
 [4997  378 1644 ... 1049  911  512]
 [4998  953 4646 ... 2923 4307 4888]
 [4999  512 1334 ... 2808  879 3611]]
Scaled residual std at t=900: [3.19780252 2.22898467 2.23090052]
start_idx is 0; end_idx is 5000
this is 0 times / overall 2000 times
this is 100 times / overall 2000 times
this is 200 times / overall 2000 times
this is 300 times / overall 2000 times
this is 400 times / overall 2000 times
this is 500 times / overall 2000 times
this is 600 times / overall 2000 times
this is 700 times / overall 2000 times
this is 800 times / overall 2000 times
this is 900 times / overall 2000 times
this is 1000 times / overall 2000 times
this is 1100 times / overall 2000 times
this is 1200 times / overall 2000 times
this is 1300 times / overall 2000 times
this is 1400 times / overall 2000 times
this is 1500 times / overall 2000 times
this is 1600 times / overall 2000 times
this is 1700 times / overall 2000 times
this is 1800 times / overall 2000 times
this is 1900 times / overall 2000 times
this is 91 times which has already done.
----------------------------------------------------------------------------------------------------
this is 92 times / overall 101 times (time step 910, t=9.10s)
1.5518725733859076 1.1258248138227827 1.1130061336857862
----------------------------------------------------------------------------------------------------
find index iteration: 0 5000
short indx is [[   0 3678 4782 ...  944 2563 2140]
 [   1  459 1992 ... 2695 1454 2047]
 [   2  897  290 ... 3084  612 2088]
 ...
 [4997 2995 2088 ... 4246 3259   66]
 [4998 4786 4702 ... 4382 2831 3416]
 [4999 4423 2529 ... 2443 4640 4253]]
Scaled residual std at t=910: [3.10374515 2.25164963 2.22601227]
start_idx is 0; end_idx is 5000
this is 0 times / overall 2000 times
this is 100 times / overall 2000 times
this is 200 times / overall 2000 times
this is 300 times / overall 2000 times
this is 400 times / overall 2000 times
this is 500 times / overall 2000 times
this is 600 times / overall 2000 times
this is 700 times / overall 2000 times
this is 800 times / overall 2000 times
this is 900 times / overall 2000 times
this is 1000 times / overall 2000 times
this is 1100 times / overall 2000 times
this is 1200 times / overall 2000 times
this is 1300 times / overall 2000 times
this is 1400 times / overall 2000 times
this is 1500 times / overall 2000 times
this is 1600 times / overall 2000 times
this is 1700 times / overall 2000 times
this is 1800 times / overall 2000 times
this is 1900 times / overall 2000 times
this is 92 times which has already done.
----------------------------------------------------------------------------------------------------
this is 93 times / overall 101 times (time step 920, t=9.20s)
1.5721167066799964 1.1270571786745993 1.1001195354988111
----------------------------------------------------------------------------------------------------
find index iteration: 0 5000
short indx is [[   0 2943 2892 ... 3214 3875  715]
 [   1  133 3947 ... 4002 4462 1189]
 [   2   49  384 ... 3174  126 3661]
 ...
 [4997 3653 3334 ... 2766 3311 2470]
 [4998 4786  953 ... 1433 3752 4430]
 [4999 3800 4389 ... 3863  638 3278]]
Scaled residual std at t=920: [3.14423341 2.25411436 2.20023907]
start_idx is 0; end_idx is 5000
this is 0 times / overall 2000 times
this is 100 times / overall 2000 times
this is 200 times / overall 2000 times
this is 300 times / overall 2000 times
this is 400 times / overall 2000 times
this is 500 times / overall 2000 times
this is 600 times / overall 2000 times
this is 700 times / overall 2000 times
this is 800 times / overall 2000 times
this is 900 times / overall 2000 times
this is 1000 times / overall 2000 times
this is 1100 times / overall 2000 times
this is 1200 times / overall 2000 times
this is 1300 times / overall 2000 times
this is 1400 times / overall 2000 times
this is 1500 times / overall 2000 times
this is 1600 times / overall 2000 times
this is 1700 times / overall 2000 times
this is 1800 times / overall 2000 times
this is 1900 times / overall 2000 times
this is 93 times which has already done.
----------------------------------------------------------------------------------------------------
this is 94 times / overall 101 times (time step 930, t=9.30s)
1.5695195855260642 1.1068543151894465 1.1279533215511968
----------------------------------------------------------------------------------------------------
find index iteration: 0 5000
short indx is [[   0 1602 2756 ... 4026 2188 3948]
 [   1 4630 3947 ... 2377 4861 4900]
 [   2 2592 3383 ... 1952 3785 1864]
 ...
 [4997 4747 2654 ... 1728 1314 4537]
 [4998  953 4646 ... 2705 3084 4451]
 [4999 3414 2233 ... 2415 2129 1554]]
Scaled residual std at t=930: [3.13903917 2.21370863 2.25590664]
start_idx is 0; end_idx is 5000
this is 0 times / overall 2000 times
this is 100 times / overall 2000 times
this is 200 times / overall 2000 times
this is 300 times / overall 2000 times
this is 400 times / overall 2000 times
this is 500 times / overall 2000 times
this is 600 times / overall 2000 times
this is 700 times / overall 2000 times
this is 800 times / overall 2000 times
this is 900 times / overall 2000 times
this is 1000 times / overall 2000 times
this is 1100 times / overall 2000 times
this is 1200 times / overall 2000 times
this is 1300 times / overall 2000 times
this is 1400 times / overall 2000 times
this is 1500 times / overall 2000 times
this is 1600 times / overall 2000 times
this is 1700 times / overall 2000 times
this is 1800 times / overall 2000 times
this is 1900 times / overall 2000 times
this is 94 times which has already done.
----------------------------------------------------------------------------------------------------
this is 95 times / overall 101 times (time step 940, t=9.40s)
1.5842023358458661 1.125792576770813 1.1250221357348391
----------------------------------------------------------------------------------------------------
find index iteration: 0 5000
short indx is [[   0 3559 4146 ... 4815 2507  485]
 [   1 2533  983 ... 3951 4881 3361]
 [   2 2295 2987 ...  878 4784 4578]
 ...
 [4997 2730 2654 ... 2315 4000 1523]
 [4998 4646  570 ...  466 4918 1894]
 [4999 2233 1501 ... 2338  546 1707]]
Scaled residual std at t=940: [3.16840467 2.25158515 2.25004427]
start_idx is 0; end_idx is 5000
this is 0 times / overall 2000 times
this is 100 times / overall 2000 times
this is 200 times / overall 2000 times
this is 300 times / overall 2000 times
this is 400 times / overall 2000 times
this is 500 times / overall 2000 times
this is 600 times / overall 2000 times
this is 700 times / overall 2000 times
this is 800 times / overall 2000 times
this is 900 times / overall 2000 times
this is 1000 times / overall 2000 times
this is 1100 times / overall 2000 times
this is 1200 times / overall 2000 times
this is 1300 times / overall 2000 times
this is 1400 times / overall 2000 times
this is 1500 times / overall 2000 times
this is 1600 times / overall 2000 times
this is 1700 times / overall 2000 times
this is 1800 times / overall 2000 times
this is 1900 times / overall 2000 times
this is 95 times which has already done.
----------------------------------------------------------------------------------------------------
this is 96 times / overall 101 times (time step 950, t=9.50s)
1.5843630704008556 1.1151329033357174 1.1240532819560225
----------------------------------------------------------------------------------------------------
find index iteration: 0 5000
short indx is [[   0 1631 1958 ... 2580 3235 1536]
 [   1 1261 4017 ... 1875 4903 4242]
 [   2 1584 2909 ... 3524 3231  346]
 ...
 [4997  288 1041 ...  721 3294  170]
 [4998 2774  570 ... 1364 4351 4769]
 [4999 4594 3521 ... 4150 2398 4450]]
Scaled residual std at t=950: [3.16872614 2.23026581 2.24810656]
start_idx is 0; end_idx is 5000
this is 0 times / overall 2000 times
this is 100 times / overall 2000 times
this is 200 times / overall 2000 times
this is 300 times / overall 2000 times
this is 400 times / overall 2000 times
this is 500 times / overall 2000 times
this is 600 times / overall 2000 times
this is 700 times / overall 2000 times
this is 800 times / overall 2000 times
this is 900 times / overall 2000 times
this is 1000 times / overall 2000 times
this is 1100 times / overall 2000 times
this is 1200 times / overall 2000 times
this is 1300 times / overall 2000 times
this is 1400 times / overall 2000 times
this is 1500 times / overall 2000 times
this is 1600 times / overall 2000 times
this is 1700 times / overall 2000 times
this is 1800 times / overall 2000 times
this is 1900 times / overall 2000 times
this is 96 times which has already done.
----------------------------------------------------------------------------------------------------
this is 97 times / overall 101 times (time step 960, t=9.60s)
1.5992053651036509 1.1266068667770088 1.1346180358089863
----------------------------------------------------------------------------------------------------
find index iteration: 0 5000
short indx is [[   0 1355  437 ...   87 3001 2869]
 [   1 1785 2062 ... 3255  905 4794]
 [   2 1744 1187 ... 2089 4219 4027]
 ...
 [4997 2090 3939 ...  220 2918  266]
 [4998 1159 2774 ... 3995 4421 4011]
 [4999 3521 3192 ... 3609 4834 4287]]
Scaled residual std at t=960: [3.19841073 2.25321373 2.26923607]
start_idx is 0; end_idx is 5000
this is 0 times / overall 2000 times
this is 100 times / overall 2000 times
this is 200 times / overall 2000 times
this is 300 times / overall 2000 times
this is 400 times / overall 2000 times
this is 500 times / overall 2000 times
this is 600 times / overall 2000 times
this is 700 times / overall 2000 times
this is 800 times / overall 2000 times
this is 900 times / overall 2000 times
this is 1000 times / overall 2000 times
this is 1100 times / overall 2000 times
this is 1200 times / overall 2000 times
this is 1300 times / overall 2000 times
this is 1400 times / overall 2000 times
this is 1500 times / overall 2000 times
this is 1600 times / overall 2000 times
this is 1700 times / overall 2000 times
this is 1800 times / overall 2000 times
this is 1900 times / overall 2000 times
this is 97 times which has already done.
----------------------------------------------------------------------------------------------------
this is 98 times / overall 101 times (time step 970, t=9.70s)
1.6012747548327884 1.132883587953909 1.1268350587102653
----------------------------------------------------------------------------------------------------
find index iteration: 0 5000
short indx is [[   0  437 2062 ... 2738 2345 2403]
 [   1 2776 2614 ... 3936  239 1392]
 [   2 3989 1198 ... 1694 4574 3061]
 ...
 [4997  594 4059 ... 1749 2484 2961]
 [4998 2500 3701 ... 4356 1029 2579]
 [4999 3984 4714 ... 2648  162  518]]
Scaled residual std at t=970: [3.20254951 2.26576718 2.25367012]
start_idx is 0; end_idx is 5000
this is 0 times / overall 2000 times
this is 100 times / overall 2000 times
this is 200 times / overall 2000 times
this is 300 times / overall 2000 times
this is 400 times / overall 2000 times
this is 500 times / overall 2000 times
this is 600 times / overall 2000 times
this is 700 times / overall 2000 times
this is 800 times / overall 2000 times
this is 900 times / overall 2000 times
this is 1000 times / overall 2000 times
this is 1100 times / overall 2000 times
this is 1200 times / overall 2000 times
this is 1300 times / overall 2000 times
this is 1400 times / overall 2000 times
this is 1500 times / overall 2000 times
this is 1600 times / overall 2000 times
this is 1700 times / overall 2000 times
this is 1800 times / overall 2000 times
this is 1900 times / overall 2000 times
this is 98 times which has already done.
----------------------------------------------------------------------------------------------------
this is 99 times / overall 101 times (time step 980, t=9.80s)
1.5864792870298061 1.1183591827218253 1.1315769368514699
----------------------------------------------------------------------------------------------------
find index iteration: 0 5000
short indx is [[   0 4622 4795 ...  487 3966 2288]
 [   1 1988 1554 ... 2579 1946  303]
 [   2 3286 3256 ... 3567  277 3190]
 ...
 [4997 2742 1480 ... 1556 3106 3791]
 [4998  691 4597 ... 2465 2257 4625]
 [4999 3582 3984 ... 4853 3511 1753]]
Scaled residual std at t=980: [3.17295857 2.23671837 2.26315387]
start_idx is 0; end_idx is 5000
this is 0 times / overall 2000 times
this is 100 times / overall 2000 times
this is 200 times / overall 2000 times
this is 300 times / overall 2000 times
this is 400 times / overall 2000 times
this is 500 times / overall 2000 times
this is 600 times / overall 2000 times
this is 700 times / overall 2000 times
this is 800 times / overall 2000 times
this is 900 times / overall 2000 times
this is 1000 times / overall 2000 times
this is 1100 times / overall 2000 times
this is 1200 times / overall 2000 times
this is 1300 times / overall 2000 times
this is 1400 times / overall 2000 times
this is 1500 times / overall 2000 times
this is 1600 times / overall 2000 times
this is 1700 times / overall 2000 times
this is 1800 times / overall 2000 times
this is 1900 times / overall 2000 times
this is 99 times which has already done.
----------------------------------------------------------------------------------------------------
this is 100 times / overall 101 times (time step 990, t=9.90s)
1.5951522259656659 1.0953674869159353 1.1179526543339764
----------------------------------------------------------------------------------------------------
find index iteration: 0 5000
short indx is [[   0 1554 4894 ... 1584  809  733]
 [   1 4895 1640 ... 3395 4627 2170]
 [   2 4601 3317 ... 3836 4489 2283]
 ...
 [4997 3939 3131 ... 1823 1340  402]
 [4998  738 4237 ... 3014 3242  312]
 [4999 3984 4714 ... 1302 3167 3283]]
Scaled residual std at t=990: [3.19030445 2.19073497 2.23590531]
start_idx is 0; end_idx is 5000
this is 0 times / overall 2000 times
this is 100 times / overall 2000 times
this is 200 times / overall 2000 times
this is 300 times / overall 2000 times
this is 400 times / overall 2000 times
this is 500 times / overall 2000 times
this is 600 times / overall 2000 times
this is 700 times / overall 2000 times
this is 800 times / overall 2000 times
this is 900 times / overall 2000 times
this is 1000 times / overall 2000 times
this is 1100 times / overall 2000 times
this is 1200 times / overall 2000 times
this is 1300 times / overall 2000 times
this is 1400 times / overall 2000 times
this is 1500 times / overall 2000 times
this is 1600 times / overall 2000 times
this is 1700 times / overall 2000 times
this is 1800 times / overall 2000 times
this is 1900 times / overall 2000 times
this is 100 times which has already done.
----------------------------------------------------------------------------------------------------
this is 101 times / overall 101 times (time step 999, t=10.00s)
1.5976269540243007 1.0983006442457806 1.1073669989312178
----------------------------------------------------------------------------------------------------
find index iteration: 0 5000
short indx is [[   0 3636 3793 ... 1986 2364 1122]
 [   1 2062 3553 ... 1447 4310  424]
 [   2 1050 3711 ...  843 4101 2121]
 ...
 [4997 3131 3348 ... 2913  686 2629]
 [4998   88 4237 ... 1344 1403 4003]
 [4999 3192 1483 ... 4880 4006 2517]]
Scaled residual std at t=999: [3.19525391 2.19660129 2.214734  ]
start_idx is 0; end_idx is 5000
this is 0 times / overall 2000 times
this is 100 times / overall 2000 times
this is 200 times / overall 2000 times
this is 300 times / overall 2000 times
this is 400 times / overall 2000 times
this is 500 times / overall 2000 times
this is 600 times / overall 2000 times
this is 700 times / overall 2000 times
this is 800 times / overall 2000 times
this is 900 times / overall 2000 times
this is 1000 times / overall 2000 times
this is 1100 times / overall 2000 times
this is 1200 times / overall 2000 times
this is 1300 times / overall 2000 times
this is 1400 times / overall 2000 times
this is 1500 times / overall 2000 times
this is 1600 times / overall 2000 times
this is 1700 times / overall 2000 times
this is 1800 times / overall 2000 times
this is 1900 times / overall 2000 times
this is 101 times which has already done.
[INFO] the ODE solution shape is: (5000, 3, 101)
[INFO] this is print for mean and std: (101, 3) (101, 3)
Training on 100 time points out of 101 total
Time range: 0.00s to 1.00s
this is 1 times / overall 100 times (time step 0, t=0.00s)
this is 1 dimension / overall 3 dimensions
Training model 1/5
Training model 2/5
Training model 3/5
Training model 4/5
Training model 5/5
this is 2 dimension / overall 3 dimensions
Training model 1/5
Training model 2/5
Training model 3/5
Training model 4/5
Training model 5/5
this is 3 dimension / overall 3 dimensions
Training model 1/5
Training model 2/5
Training model 3/5
Training model 4/5
Training model 5/5
this is 2 times / overall 100 times (time step 1, t=0.01s)
this is 1 dimension / overall 3 dimensions
Training model 1/5
Training model 2/5
Training model 3/5
Training model 4/5
Training model 5/5
this is 2 dimension / overall 3 dimensions
Training model 1/5
Training model 2/5
Training model 3/5
Training model 4/5
Training model 5/5
this is 3 dimension / overall 3 dimensions
Training model 1/5
Training model 2/5
Training model 3/5
Training model 4/5
Training model 5/5
this is 3 times / overall 100 times (time step 2, t=0.02s)
this is 1 dimension / overall 3 dimensions
Training model 1/5
Training model 2/5
Training model 3/5
Training model 4/5
Training model 5/5
this is 2 dimension / overall 3 dimensions
Training model 1/5
Training model 2/5
Training model 3/5
Training model 4/5
Training model 5/5
this is 3 dimension / overall 3 dimensions
Training model 1/5
Training model 2/5
Training model 3/5
Training model 4/5
Training model 5/5
this is 4 times / overall 100 times (time step 3, t=0.03s)
this is 1 dimension / overall 3 dimensions
Training model 1/5
Training model 2/5
Training model 3/5
Training model 4/5
Training model 5/5
this is 2 dimension / overall 3 dimensions
Training model 1/5
Training model 2/5
Training model 3/5
Training model 4/5
Training model 5/5
this is 3 dimension / overall 3 dimensions
Training model 1/5
Training model 2/5
Training model 3/5
Training model 4/5
Training model 5/5
this is 5 times / overall 100 times (time step 4, t=0.04s)
this is 1 dimension / overall 3 dimensions
Training model 1/5
Training model 2/5
Training model 3/5
Training model 4/5
Training model 5/5
this is 2 dimension / overall 3 dimensions
Training model 1/5
Training model 2/5
Training model 3/5
Training model 4/5
Training model 5/5
this is 3 dimension / overall 3 dimensions
Training model 1/5
Training model 2/5
Training model 3/5
Training model 4/5
Training model 5/5
this is 6 times / overall 100 times (time step 5, t=0.05s)
this is 1 dimension / overall 3 dimensions
Training model 1/5
Training model 2/5
Training model 3/5
Training model 4/5
Training model 5/5
this is 2 dimension / overall 3 dimensions
Training model 1/5
Training model 2/5
Training model 3/5
Training model 4/5
Training model 5/5
this is 3 dimension / overall 3 dimensions
Training model 1/5
Training model 2/5
Training model 3/5
Training model 4/5
Training model 5/5
this is 7 times / overall 100 times (time step 6, t=0.06s)
this is 1 dimension / overall 3 dimensions
Training model 1/5
Training model 2/5
Training model 3/5
Training model 4/5
Training model 5/5
this is 2 dimension / overall 3 dimensions
Training model 1/5
Training model 2/5
Training model 3/5
Training model 4/5
Training model 5/5
this is 3 dimension / overall 3 dimensions
Training model 1/5
Training model 2/5
Training model 3/5
Training model 4/5
Training model 5/5
this is 8 times / overall 100 times (time step 7, t=0.07s)
this is 1 dimension / overall 3 dimensions
Training model 1/5
Training model 2/5
Training model 3/5
Training model 4/5
Training model 5/5
this is 2 dimension / overall 3 dimensions
Training model 1/5
Training model 2/5
Training model 3/5
Training model 4/5
Training model 5/5
this is 3 dimension / overall 3 dimensions
Training model 1/5
Training model 2/5
Training model 3/5
Training model 4/5
Training model 5/5
this is 9 times / overall 100 times (time step 8, t=0.08s)
this is 1 dimension / overall 3 dimensions
Training model 1/5
Training model 2/5
Training model 3/5
Training model 4/5
Training model 5/5
this is 2 dimension / overall 3 dimensions
Training model 1/5
Training model 2/5
Training model 3/5
Training model 4/5
Training model 5/5
this is 3 dimension / overall 3 dimensions
Training model 1/5
Training model 2/5
Training model 3/5
Training model 4/5
Training model 5/5
this is 10 times / overall 100 times (time step 9, t=0.09s)
this is 1 dimension / overall 3 dimensions
Training model 1/5
Training model 2/5
Training model 3/5
Training model 4/5
Training model 5/5
this is 2 dimension / overall 3 dimensions
Training model 1/5
Training model 2/5
Training model 3/5
Training model 4/5
Training model 5/5
this is 3 dimension / overall 3 dimensions
Training model 1/5
Training model 2/5
Training model 3/5
Training model 4/5
Training model 5/5
this is 11 times / overall 100 times (time step 10, t=0.10s)
this is 1 dimension / overall 3 dimensions
Training model 1/5
Training model 2/5
Training model 3/5
Training model 4/5
Training model 5/5
this is 2 dimension / overall 3 dimensions
Training model 1/5
Training model 2/5
Training model 3/5
Training model 4/5
Training model 5/5
this is 3 dimension / overall 3 dimensions
Training model 1/5
Training model 2/5
Training model 3/5
Training model 4/5
Training model 5/5
this is 12 times / overall 100 times (time step 11, t=0.11s)
this is 1 dimension / overall 3 dimensions
Training model 1/5
Training model 2/5
Training model 3/5
Training model 4/5
Training model 5/5
this is 2 dimension / overall 3 dimensions
Training model 1/5
Training model 2/5
Training model 3/5
Training model 4/5
Training model 5/5
this is 3 dimension / overall 3 dimensions
Training model 1/5
Training model 2/5
Training model 3/5
Training model 4/5
Training model 5/5
this is 13 times / overall 100 times (time step 12, t=0.12s)
this is 1 dimension / overall 3 dimensions
Training model 1/5
Training model 2/5
Training model 3/5
Training model 4/5
Training model 5/5
this is 2 dimension / overall 3 dimensions
Training model 1/5
Training model 2/5
Training model 3/5
Training model 4/5
Training model 5/5
this is 3 dimension / overall 3 dimensions
Training model 1/5
Training model 2/5
Training model 3/5
Training model 4/5
Training model 5/5
this is 14 times / overall 100 times (time step 13, t=0.13s)
this is 1 dimension / overall 3 dimensions
Training model 1/5
Training model 2/5
Training model 3/5
Training model 4/5
Training model 5/5
this is 2 dimension / overall 3 dimensions
Training model 1/5
Training model 2/5
Training model 3/5
Training model 4/5
Training model 5/5
this is 3 dimension / overall 3 dimensions
Training model 1/5
Training model 2/5
Training model 3/5
Training model 4/5
Training model 5/5
this is 15 times / overall 100 times (time step 14, t=0.14s)
this is 1 dimension / overall 3 dimensions
Training model 1/5
Training model 2/5
Training model 3/5
Training model 4/5
Training model 5/5
this is 2 dimension / overall 3 dimensions
Training model 1/5
Training model 2/5
Training model 3/5
Training model 4/5
Training model 5/5
this is 3 dimension / overall 3 dimensions
Training model 1/5
Training model 2/5
Training model 3/5
Training model 4/5
Training model 5/5
this is 16 times / overall 100 times (time step 15, t=0.15s)
this is 1 dimension / overall 3 dimensions
Training model 1/5
Training model 2/5
Training model 3/5
Training model 4/5
Training model 5/5
this is 2 dimension / overall 3 dimensions
Training model 1/5
Training model 2/5
Training model 3/5
Training model 4/5
Training model 5/5
this is 3 dimension / overall 3 dimensions
Training model 1/5
Training model 2/5
Training model 3/5
Training model 4/5
Training model 5/5
this is 17 times / overall 100 times (time step 16, t=0.16s)
this is 1 dimension / overall 3 dimensions
Training model 1/5
Training model 2/5
Training model 3/5
Training model 4/5
Training model 5/5
this is 2 dimension / overall 3 dimensions
Training model 1/5
Training model 2/5
Training model 3/5
Training model 4/5
Training model 5/5
this is 3 dimension / overall 3 dimensions
Training model 1/5
Training model 2/5
Training model 3/5
Training model 4/5
Training model 5/5
this is 18 times / overall 100 times (time step 17, t=0.17s)
this is 1 dimension / overall 3 dimensions
Training model 1/5
Training model 2/5
Training model 3/5
Training model 4/5
Training model 5/5
this is 2 dimension / overall 3 dimensions
Training model 1/5
Training model 2/5
Training model 3/5
Training model 4/5
Training model 5/5
this is 3 dimension / overall 3 dimensions
Training model 1/5
Training model 2/5
Training model 3/5
Training model 4/5
Training model 5/5
this is 19 times / overall 100 times (time step 18, t=0.18s)
this is 1 dimension / overall 3 dimensions
Training model 1/5
Training model 2/5
Training model 3/5
Training model 4/5
Training model 5/5
this is 2 dimension / overall 3 dimensions
Training model 1/5
Training model 2/5
Training model 3/5
Training model 4/5
Training model 5/5
this is 3 dimension / overall 3 dimensions
Training model 1/5
Training model 2/5
Training model 3/5
Training model 4/5
Training model 5/5
this is 20 times / overall 100 times (time step 19, t=0.19s)
this is 1 dimension / overall 3 dimensions
Training model 1/5
Training model 2/5
Training model 3/5
Training model 4/5
Training model 5/5
this is 2 dimension / overall 3 dimensions
Training model 1/5
Training model 2/5
Training model 3/5
Training model 4/5
Training model 5/5
this is 3 dimension / overall 3 dimensions
Training model 1/5
Training model 2/5
Training model 3/5
Training model 4/5
Training model 5/5
this is 21 times / overall 100 times (time step 20, t=0.20s)
this is 1 dimension / overall 3 dimensions
Training model 1/5
Training model 2/5
Training model 3/5
Training model 4/5
Training model 5/5
this is 2 dimension / overall 3 dimensions
Training model 1/5
Training model 2/5
Training model 3/5
Training model 4/5
Training model 5/5
this is 3 dimension / overall 3 dimensions
Training model 1/5
Training model 2/5
Training model 3/5
Training model 4/5
Training model 5/5
this is 22 times / overall 100 times (time step 21, t=0.21s)
this is 1 dimension / overall 3 dimensions
Training model 1/5
Training model 2/5
Training model 3/5
Training model 4/5
Training model 5/5
this is 2 dimension / overall 3 dimensions
Training model 1/5
Training model 2/5
Training model 3/5
Training model 4/5
Training model 5/5
this is 3 dimension / overall 3 dimensions
Training model 1/5
Training model 2/5
Training model 3/5
Training model 4/5
Training model 5/5
this is 23 times / overall 100 times (time step 22, t=0.22s)
this is 1 dimension / overall 3 dimensions
Training model 1/5
Training model 2/5
Training model 3/5
Training model 4/5
Training model 5/5
this is 2 dimension / overall 3 dimensions
Training model 1/5
Training model 2/5
Training model 3/5
Training model 4/5
Training model 5/5
this is 3 dimension / overall 3 dimensions
Training model 1/5
Training model 2/5
Training model 3/5
Training model 4/5
Training model 5/5
this is 24 times / overall 100 times (time step 23, t=0.23s)
this is 1 dimension / overall 3 dimensions
Training model 1/5
Training model 2/5
Training model 3/5
Training model 4/5
Training model 5/5
this is 2 dimension / overall 3 dimensions
Training model 1/5
Training model 2/5
Training model 3/5
Training model 4/5
Training model 5/5
this is 3 dimension / overall 3 dimensions
Training model 1/5
Training model 2/5
Training model 3/5
Training model 4/5
Training model 5/5
this is 25 times / overall 100 times (time step 24, t=0.24s)
this is 1 dimension / overall 3 dimensions
Training model 1/5
Training model 2/5
Training model 3/5
Training model 4/5
Training model 5/5
this is 2 dimension / overall 3 dimensions
Training model 1/5
Training model 2/5
Training model 3/5
Training model 4/5
Training model 5/5
this is 3 dimension / overall 3 dimensions
Training model 1/5
Training model 2/5
Training model 3/5
Training model 4/5
Training model 5/5
this is 26 times / overall 100 times (time step 25, t=0.25s)
this is 1 dimension / overall 3 dimensions
Training model 1/5
Training model 2/5
Training model 3/5
Training model 4/5
Training model 5/5
this is 2 dimension / overall 3 dimensions
Training model 1/5
Training model 2/5
Training model 3/5
Training model 4/5
Training model 5/5
this is 3 dimension / overall 3 dimensions
Training model 1/5
Training model 2/5
Training model 3/5
Training model 4/5
Training model 5/5
this is 27 times / overall 100 times (time step 26, t=0.26s)
this is 1 dimension / overall 3 dimensions
Training model 1/5
Training model 2/5
Training model 3/5
Training model 4/5
Training model 5/5
this is 2 dimension / overall 3 dimensions
Training model 1/5
Training model 2/5
Training model 3/5
Training model 4/5
Training model 5/5
this is 3 dimension / overall 3 dimensions
Training model 1/5
Training model 2/5
Training model 3/5
Training model 4/5
Training model 5/5
this is 28 times / overall 100 times (time step 27, t=0.27s)
this is 1 dimension / overall 3 dimensions
Training model 1/5
Training model 2/5
Training model 3/5
Training model 4/5
Training model 5/5
this is 2 dimension / overall 3 dimensions
Training model 1/5
Training model 2/5
Training model 3/5
Training model 4/5
Training model 5/5
this is 3 dimension / overall 3 dimensions
Training model 1/5
Training model 2/5
Training model 3/5
Training model 4/5
Training model 5/5
this is 29 times / overall 100 times (time step 28, t=0.28s)
this is 1 dimension / overall 3 dimensions
Training model 1/5
Training model 2/5
Training model 3/5
Training model 4/5
Training model 5/5
this is 2 dimension / overall 3 dimensions
Training model 1/5
Training model 2/5
Training model 3/5
Training model 4/5
Training model 5/5
this is 3 dimension / overall 3 dimensions
Training model 1/5
Training model 2/5
Training model 3/5
Training model 4/5
Training model 5/5
this is 30 times / overall 100 times (time step 29, t=0.29s)
this is 1 dimension / overall 3 dimensions
Training model 1/5
Training model 2/5
Training model 3/5
Training model 4/5
Training model 5/5
this is 2 dimension / overall 3 dimensions
Training model 1/5
Training model 2/5
Training model 3/5
Training model 4/5
Training model 5/5
this is 3 dimension / overall 3 dimensions
Training model 1/5
Training model 2/5
Training model 3/5
Training model 4/5
Training model 5/5
this is 31 times / overall 100 times (time step 30, t=0.30s)
this is 1 dimension / overall 3 dimensions
Training model 1/5
Training model 2/5
Training model 3/5
Training model 4/5
Training model 5/5
this is 2 dimension / overall 3 dimensions
Training model 1/5
Training model 2/5
Training model 3/5
Training model 4/5
Training model 5/5
this is 3 dimension / overall 3 dimensions
Training model 1/5
Training model 2/5
Training model 3/5
Training model 4/5
Training model 5/5
this is 32 times / overall 100 times (time step 31, t=0.31s)
this is 1 dimension / overall 3 dimensions
Training model 1/5
Training model 2/5
Training model 3/5
Training model 4/5
Training model 5/5
this is 2 dimension / overall 3 dimensions
Training model 1/5
Training model 2/5
Training model 3/5
Training model 4/5
Training model 5/5
this is 3 dimension / overall 3 dimensions
Training model 1/5
Training model 2/5
Training model 3/5
Training model 4/5
Training model 5/5
this is 33 times / overall 100 times (time step 32, t=0.32s)
this is 1 dimension / overall 3 dimensions
Training model 1/5
Training model 2/5
Training model 3/5
Training model 4/5
Training model 5/5
this is 2 dimension / overall 3 dimensions
Training model 1/5
Training model 2/5
Training model 3/5
Training model 4/5
Training model 5/5
this is 3 dimension / overall 3 dimensions
Training model 1/5
Training model 2/5
Training model 3/5
Training model 4/5
Training model 5/5
this is 34 times / overall 100 times (time step 33, t=0.33s)
this is 1 dimension / overall 3 dimensions
Training model 1/5
Training model 2/5
Training model 3/5
Training model 4/5
Training model 5/5
this is 2 dimension / overall 3 dimensions
Training model 1/5
Training model 2/5
Training model 3/5
Training model 4/5
Training model 5/5
this is 3 dimension / overall 3 dimensions
Training model 1/5
Training model 2/5
Training model 3/5
Training model 4/5
Training model 5/5
this is 35 times / overall 100 times (time step 34, t=0.34s)
this is 1 dimension / overall 3 dimensions
Training model 1/5
Training model 2/5
Training model 3/5
Training model 4/5
Training model 5/5
this is 2 dimension / overall 3 dimensions
Training model 1/5
Training model 2/5
Training model 3/5
Training model 4/5
Training model 5/5
this is 3 dimension / overall 3 dimensions
Training model 1/5
Training model 2/5
Training model 3/5
Training model 4/5
Training model 5/5
this is 36 times / overall 100 times (time step 35, t=0.35s)
this is 1 dimension / overall 3 dimensions
Training model 1/5
Training model 2/5
Training model 3/5
Training model 4/5
Training model 5/5
this is 2 dimension / overall 3 dimensions
Training model 1/5
Training model 2/5
Training model 3/5
Training model 4/5
Training model 5/5
this is 3 dimension / overall 3 dimensions
Training model 1/5
Training model 2/5
Training model 3/5
Training model 4/5
Training model 5/5
this is 37 times / overall 100 times (time step 36, t=0.36s)
this is 1 dimension / overall 3 dimensions
Training model 1/5
Training model 2/5
Training model 3/5
Training model 4/5
Training model 5/5
this is 2 dimension / overall 3 dimensions
Training model 1/5
Training model 2/5
Training model 3/5
Training model 4/5
Training model 5/5
this is 3 dimension / overall 3 dimensions
Training model 1/5
Training model 2/5
Training model 3/5
Training model 4/5
Training model 5/5
this is 38 times / overall 100 times (time step 37, t=0.37s)
this is 1 dimension / overall 3 dimensions
Training model 1/5
Training model 2/5
Training model 3/5
Training model 4/5
Training model 5/5
this is 2 dimension / overall 3 dimensions
Training model 1/5
Training model 2/5
Training model 3/5
Training model 4/5
Training model 5/5
this is 3 dimension / overall 3 dimensions
Training model 1/5
Training model 2/5
Training model 3/5
Training model 4/5
Training model 5/5
this is 39 times / overall 100 times (time step 38, t=0.38s)
this is 1 dimension / overall 3 dimensions
Training model 1/5
Training model 2/5
Training model 3/5
Training model 4/5
Training model 5/5
this is 2 dimension / overall 3 dimensions
Training model 1/5
Training model 2/5
Training model 3/5
Training model 4/5
Training model 5/5
this is 3 dimension / overall 3 dimensions
Training model 1/5
Training model 2/5
Training model 3/5
Training model 4/5
Training model 5/5
this is 40 times / overall 100 times (time step 39, t=0.39s)
this is 1 dimension / overall 3 dimensions
Training model 1/5
Training model 2/5
Training model 3/5
Training model 4/5
Training model 5/5
this is 2 dimension / overall 3 dimensions
Training model 1/5
Training model 2/5
Training model 3/5
Training model 4/5
Training model 5/5
this is 3 dimension / overall 3 dimensions
Training model 1/5
Training model 2/5
Training model 3/5
Training model 4/5
Training model 5/5
this is 41 times / overall 100 times (time step 40, t=0.40s)
this is 1 dimension / overall 3 dimensions
Training model 1/5
Training model 2/5
Training model 3/5
Training model 4/5
Training model 5/5
this is 2 dimension / overall 3 dimensions
Training model 1/5
Training model 2/5
Training model 3/5
Training model 4/5
Training model 5/5
this is 3 dimension / overall 3 dimensions
Training model 1/5
Training model 2/5
Training model 3/5
Training model 4/5
Training model 5/5
this is 42 times / overall 100 times (time step 41, t=0.41s)
this is 1 dimension / overall 3 dimensions
Training model 1/5
Training model 2/5
Training model 3/5
Training model 4/5
Training model 5/5
this is 2 dimension / overall 3 dimensions
Training model 1/5
Training model 2/5
Training model 3/5
Training model 4/5
Training model 5/5
this is 3 dimension / overall 3 dimensions
Training model 1/5
Training model 2/5
Training model 3/5
Training model 4/5
Training model 5/5
this is 43 times / overall 100 times (time step 42, t=0.42s)
this is 1 dimension / overall 3 dimensions
Training model 1/5
Training model 2/5
Training model 3/5
Training model 4/5
Training model 5/5
this is 2 dimension / overall 3 dimensions
Training model 1/5
Training model 2/5
Training model 3/5
Training model 4/5
Training model 5/5
this is 3 dimension / overall 3 dimensions
Training model 1/5
Training model 2/5
Training model 3/5
Training model 4/5
Training model 5/5
this is 44 times / overall 100 times (time step 43, t=0.43s)
this is 1 dimension / overall 3 dimensions
Training model 1/5
Training model 2/5
Training model 3/5
Training model 4/5
Training model 5/5
this is 2 dimension / overall 3 dimensions
Training model 1/5
Training model 2/5
Training model 3/5
Training model 4/5
Training model 5/5
this is 3 dimension / overall 3 dimensions
Training model 1/5
Training model 2/5
Training model 3/5
Training model 4/5
Training model 5/5
this is 45 times / overall 100 times (time step 44, t=0.44s)
this is 1 dimension / overall 3 dimensions
Training model 1/5
Training model 2/5
Training model 3/5
Training model 4/5
Training model 5/5
this is 2 dimension / overall 3 dimensions
Training model 1/5
Training model 2/5
Training model 3/5
Training model 4/5
Training model 5/5
this is 3 dimension / overall 3 dimensions
Training model 1/5
Training model 2/5
Training model 3/5
Training model 4/5
Training model 5/5
this is 46 times / overall 100 times (time step 45, t=0.45s)
this is 1 dimension / overall 3 dimensions
Training model 1/5
Training model 2/5
Training model 3/5
Training model 4/5
Training model 5/5
this is 2 dimension / overall 3 dimensions
Training model 1/5
Training model 2/5
Training model 3/5
Training model 4/5
Training model 5/5
this is 3 dimension / overall 3 dimensions
Training model 1/5
Training model 2/5
Training model 3/5
Training model 4/5
Training model 5/5
this is 47 times / overall 100 times (time step 46, t=0.46s)
this is 1 dimension / overall 3 dimensions
Training model 1/5
Training model 2/5
Training model 3/5
Training model 4/5
Training model 5/5
this is 2 dimension / overall 3 dimensions
Training model 1/5
Training model 2/5
Training model 3/5
Training model 4/5
Training model 5/5
this is 3 dimension / overall 3 dimensions
Training model 1/5
Training model 2/5
Training model 3/5
Training model 4/5
Training model 5/5
this is 48 times / overall 100 times (time step 47, t=0.47s)
this is 1 dimension / overall 3 dimensions
Training model 1/5
Training model 2/5
Training model 3/5
Training model 4/5
Training model 5/5
this is 2 dimension / overall 3 dimensions
Training model 1/5
Training model 2/5
Training model 3/5
Training model 4/5
Training model 5/5
this is 3 dimension / overall 3 dimensions
Training model 1/5
Training model 2/5
Training model 3/5
Training model 4/5
Training model 5/5
this is 49 times / overall 100 times (time step 48, t=0.48s)
this is 1 dimension / overall 3 dimensions
Training model 1/5
Training model 2/5
Training model 3/5
Training model 4/5
Training model 5/5
this is 2 dimension / overall 3 dimensions
Training model 1/5
Training model 2/5
Training model 3/5
Training model 4/5
Training model 5/5
this is 3 dimension / overall 3 dimensions
Training model 1/5
Training model 2/5
Training model 3/5
Training model 4/5
Training model 5/5
this is 50 times / overall 100 times (time step 49, t=0.49s)
this is 1 dimension / overall 3 dimensions
Training model 1/5
Training model 2/5
Training model 3/5
Training model 4/5
Training model 5/5
this is 2 dimension / overall 3 dimensions
Training model 1/5
Training model 2/5
Training model 3/5
Training model 4/5
Training model 5/5
this is 3 dimension / overall 3 dimensions
Training model 1/5
Training model 2/5
Training model 3/5
Training model 4/5
Training model 5/5
this is 51 times / overall 100 times (time step 50, t=0.51s)
this is 1 dimension / overall 3 dimensions
Training model 1/5
Training model 2/5
Training model 3/5
Training model 4/5
Training model 5/5
this is 2 dimension / overall 3 dimensions
Training model 1/5
Training model 2/5
Training model 3/5
Training model 4/5
Training model 5/5
this is 3 dimension / overall 3 dimensions
Training model 1/5
Training model 2/5
Training model 3/5
Training model 4/5
Training model 5/5
this is 52 times / overall 100 times (time step 52, t=0.52s)
this is 1 dimension / overall 3 dimensions
Training model 1/5
Training model 2/5
Training model 3/5
Training model 4/5
Training model 5/5
this is 2 dimension / overall 3 dimensions
Training model 1/5
Training model 2/5
Training model 3/5
Training model 4/5
Training model 5/5
this is 3 dimension / overall 3 dimensions
Training model 1/5
Training model 2/5
Training model 3/5
Training model 4/5
Training model 5/5
this is 53 times / overall 100 times (time step 53, t=0.53s)
this is 1 dimension / overall 3 dimensions
Training model 1/5
Training model 2/5
Training model 3/5
Training model 4/5
Training model 5/5
this is 2 dimension / overall 3 dimensions
Training model 1/5
Training model 2/5
Training model 3/5
Training model 4/5
Training model 5/5
this is 3 dimension / overall 3 dimensions
Training model 1/5
Training model 2/5
Training model 3/5
Training model 4/5
Training model 5/5
this is 54 times / overall 100 times (time step 54, t=0.54s)
this is 1 dimension / overall 3 dimensions
Training model 1/5
Training model 2/5
Training model 3/5
Training model 4/5
Training model 5/5
this is 2 dimension / overall 3 dimensions
Training model 1/5
Training model 2/5
Training model 3/5
Training model 4/5
Training model 5/5
this is 3 dimension / overall 3 dimensions
Training model 1/5
Training model 2/5
Training model 3/5
Training model 4/5
Training model 5/5
this is 55 times / overall 100 times (time step 55, t=0.55s)
this is 1 dimension / overall 3 dimensions
Training model 1/5
Training model 2/5
Training model 3/5
Training model 4/5
Training model 5/5
this is 2 dimension / overall 3 dimensions
Training model 1/5
Training model 2/5
Training model 3/5
Training model 4/5
Training model 5/5
this is 3 dimension / overall 3 dimensions
Training model 1/5
Training model 2/5
Training model 3/5
Training model 4/5
Training model 5/5
this is 56 times / overall 100 times (time step 56, t=0.56s)
this is 1 dimension / overall 3 dimensions
Training model 1/5
Training model 2/5
Training model 3/5
Training model 4/5
Training model 5/5
this is 2 dimension / overall 3 dimensions
Training model 1/5
Training model 2/5
Training model 3/5
Training model 4/5
Training model 5/5
this is 3 dimension / overall 3 dimensions
Training model 1/5
Training model 2/5
Training model 3/5
Training model 4/5
Training model 5/5
this is 57 times / overall 100 times (time step 57, t=0.57s)
this is 1 dimension / overall 3 dimensions
Training model 1/5
Training model 2/5
Training model 3/5
Training model 4/5
Training model 5/5
this is 2 dimension / overall 3 dimensions
Training model 1/5
Training model 2/5
Training model 3/5
Training model 4/5
Training model 5/5
this is 3 dimension / overall 3 dimensions
Training model 1/5
Training model 2/5
Training model 3/5
Training model 4/5
Training model 5/5
this is 58 times / overall 100 times (time step 58, t=0.58s)
this is 1 dimension / overall 3 dimensions
Training model 1/5
Training model 2/5
Training model 3/5
Training model 4/5
Training model 5/5
this is 2 dimension / overall 3 dimensions
Training model 1/5
Training model 2/5
Training model 3/5
Training model 4/5
Training model 5/5
this is 3 dimension / overall 3 dimensions
Training model 1/5
Training model 2/5
Training model 3/5
Training model 4/5
Training model 5/5
this is 59 times / overall 100 times (time step 59, t=0.59s)
this is 1 dimension / overall 3 dimensions
Training model 1/5
Training model 2/5
Training model 3/5
Training model 4/5
Training model 5/5
this is 2 dimension / overall 3 dimensions
Training model 1/5
Training model 2/5
Training model 3/5
Training model 4/5
Training model 5/5
this is 3 dimension / overall 3 dimensions
Training model 1/5
Training model 2/5
Training model 3/5
Training model 4/5
Training model 5/5
this is 60 times / overall 100 times (time step 60, t=0.60s)
this is 1 dimension / overall 3 dimensions
Training model 1/5
Training model 2/5
Training model 3/5
Training model 4/5
Training model 5/5
this is 2 dimension / overall 3 dimensions
Training model 1/5
Training model 2/5
Training model 3/5
Training model 4/5
Training model 5/5
this is 3 dimension / overall 3 dimensions
Training model 1/5
Training model 2/5
Training model 3/5
Training model 4/5
Training model 5/5
this is 61 times / overall 100 times (time step 61, t=0.61s)
this is 1 dimension / overall 3 dimensions
Training model 1/5
Training model 2/5
Training model 3/5
Training model 4/5
Training model 5/5
this is 2 dimension / overall 3 dimensions
Training model 1/5
Training model 2/5
Training model 3/5
Training model 4/5
Training model 5/5
this is 3 dimension / overall 3 dimensions
Training model 1/5
Training model 2/5
Training model 3/5
Training model 4/5
Training model 5/5
this is 62 times / overall 100 times (time step 62, t=0.62s)
this is 1 dimension / overall 3 dimensions
Training model 1/5
Training model 2/5
Training model 3/5
Training model 4/5
Training model 5/5
this is 2 dimension / overall 3 dimensions
Training model 1/5
Training model 2/5
Training model 3/5
Training model 4/5
Training model 5/5
this is 3 dimension / overall 3 dimensions
Training model 1/5
Training model 2/5
Training model 3/5
Training model 4/5
Training model 5/5
this is 63 times / overall 100 times (time step 63, t=0.63s)
this is 1 dimension / overall 3 dimensions
Training model 1/5
Training model 2/5
Training model 3/5
Training model 4/5
Training model 5/5
this is 2 dimension / overall 3 dimensions
Training model 1/5
Training model 2/5
Training model 3/5
Training model 4/5
Training model 5/5
this is 3 dimension / overall 3 dimensions
Training model 1/5
Training model 2/5
Training model 3/5
Training model 4/5
Training model 5/5
this is 64 times / overall 100 times (time step 64, t=0.64s)
this is 1 dimension / overall 3 dimensions
Training model 1/5
Training model 2/5
Training model 3/5
Training model 4/5
Training model 5/5
this is 2 dimension / overall 3 dimensions
Training model 1/5
Training model 2/5
Training model 3/5
Training model 4/5
Training model 5/5
this is 3 dimension / overall 3 dimensions
Training model 1/5
Training model 2/5
Training model 3/5
Training model 4/5
Training model 5/5
this is 65 times / overall 100 times (time step 65, t=0.65s)
this is 1 dimension / overall 3 dimensions
Training model 1/5
Training model 2/5
Training model 3/5
Training model 4/5
Training model 5/5
this is 2 dimension / overall 3 dimensions
Training model 1/5
Training model 2/5
Training model 3/5
Training model 4/5
Training model 5/5
this is 3 dimension / overall 3 dimensions
Training model 1/5
Training model 2/5
Training model 3/5
Training model 4/5
Training model 5/5
this is 66 times / overall 100 times (time step 66, t=0.66s)
this is 1 dimension / overall 3 dimensions
Training model 1/5
Training model 2/5
Training model 3/5
Training model 4/5
Training model 5/5
this is 2 dimension / overall 3 dimensions
Training model 1/5
Training model 2/5
Training model 3/5
Training model 4/5
Training model 5/5
this is 3 dimension / overall 3 dimensions
Training model 1/5
Training model 2/5
Training model 3/5
Training model 4/5
Training model 5/5
this is 67 times / overall 100 times (time step 67, t=0.67s)
this is 1 dimension / overall 3 dimensions
Training model 1/5
Training model 2/5
Training model 3/5
Training model 4/5
Training model 5/5
this is 2 dimension / overall 3 dimensions
Training model 1/5
Training model 2/5
Training model 3/5
Training model 4/5
Training model 5/5
this is 3 dimension / overall 3 dimensions
Training model 1/5
Training model 2/5
Training model 3/5
Training model 4/5
Training model 5/5
this is 68 times / overall 100 times (time step 68, t=0.68s)
this is 1 dimension / overall 3 dimensions
Training model 1/5
Training model 2/5
Training model 3/5
Training model 4/5
Training model 5/5
this is 2 dimension / overall 3 dimensions
Training model 1/5
Training model 2/5
Training model 3/5
Training model 4/5
Training model 5/5
this is 3 dimension / overall 3 dimensions
Training model 1/5
Training model 2/5
Training model 3/5
Training model 4/5
Training model 5/5
this is 69 times / overall 100 times (time step 69, t=0.69s)
this is 1 dimension / overall 3 dimensions
Training model 1/5
Training model 2/5
Training model 3/5
Training model 4/5
Training model 5/5
this is 2 dimension / overall 3 dimensions
Training model 1/5
Training model 2/5
Training model 3/5
Training model 4/5
Training model 5/5
this is 3 dimension / overall 3 dimensions
Training model 1/5
Training model 2/5
Training model 3/5
Training model 4/5
Training model 5/5
this is 70 times / overall 100 times (time step 70, t=0.70s)
this is 1 dimension / overall 3 dimensions
Training model 1/5
Training model 2/5
Training model 3/5
Training model 4/5
Training model 5/5
this is 2 dimension / overall 3 dimensions
Training model 1/5
Training model 2/5
Training model 3/5
Training model 4/5
Training model 5/5
this is 3 dimension / overall 3 dimensions
Training model 1/5
Training model 2/5
Training model 3/5
Training model 4/5
Training model 5/5
this is 71 times / overall 100 times (time step 71, t=0.71s)
this is 1 dimension / overall 3 dimensions
Training model 1/5
Training model 2/5
Training model 3/5
Training model 4/5
Training model 5/5
this is 2 dimension / overall 3 dimensions
Training model 1/5
Training model 2/5
Training model 3/5
Training model 4/5
Training model 5/5
this is 3 dimension / overall 3 dimensions
Training model 1/5
Training model 2/5
Training model 3/5
Training model 4/5
Training model 5/5
this is 72 times / overall 100 times (time step 72, t=0.72s)
this is 1 dimension / overall 3 dimensions
Training model 1/5
Training model 2/5
Training model 3/5
Training model 4/5
Training model 5/5
this is 2 dimension / overall 3 dimensions
Training model 1/5
Training model 2/5
Training model 3/5
Training model 4/5
Training model 5/5
this is 3 dimension / overall 3 dimensions
Training model 1/5
Training model 2/5
Training model 3/5
Training model 4/5
Training model 5/5
this is 73 times / overall 100 times (time step 73, t=0.73s)
this is 1 dimension / overall 3 dimensions
Training model 1/5
Training model 2/5
Training model 3/5
Training model 4/5
Training model 5/5
this is 2 dimension / overall 3 dimensions
Training model 1/5
Training model 2/5
Training model 3/5
Training model 4/5
Training model 5/5
this is 3 dimension / overall 3 dimensions
Training model 1/5
Training model 2/5
Training model 3/5
Training model 4/5
Training model 5/5
this is 74 times / overall 100 times (time step 74, t=0.74s)
this is 1 dimension / overall 3 dimensions
Training model 1/5
Training model 2/5
Training model 3/5
Training model 4/5
Training model 5/5
this is 2 dimension / overall 3 dimensions
Training model 1/5
Training model 2/5
Training model 3/5
Training model 4/5
Training model 5/5
this is 3 dimension / overall 3 dimensions
Training model 1/5
Training model 2/5
Training model 3/5
Training model 4/5
Training model 5/5
this is 75 times / overall 100 times (time step 75, t=0.75s)
this is 1 dimension / overall 3 dimensions
Training model 1/5
Training model 2/5
Training model 3/5
Training model 4/5
Training model 5/5
this is 2 dimension / overall 3 dimensions
Training model 1/5
Training model 2/5
Training model 3/5
Training model 4/5
Training model 5/5
this is 3 dimension / overall 3 dimensions
Training model 1/5
Training model 2/5
Training model 3/5
Training model 4/5
Training model 5/5
this is 76 times / overall 100 times (time step 76, t=0.76s)
this is 1 dimension / overall 3 dimensions
Training model 1/5
Training model 2/5
Training model 3/5
Training model 4/5
Training model 5/5
this is 2 dimension / overall 3 dimensions
Training model 1/5
Training model 2/5
Training model 3/5
Training model 4/5
Training model 5/5
this is 3 dimension / overall 3 dimensions
Training model 1/5
Training model 2/5
Training model 3/5
Training model 4/5
Training model 5/5
this is 77 times / overall 100 times (time step 77, t=0.77s)
this is 1 dimension / overall 3 dimensions
Training model 1/5
Training model 2/5
Training model 3/5
Training model 4/5
Training model 5/5
this is 2 dimension / overall 3 dimensions
Training model 1/5
Training model 2/5
Training model 3/5
Training model 4/5
Training model 5/5
this is 3 dimension / overall 3 dimensions
Training model 1/5
Training model 2/5
Training model 3/5
Training model 4/5
Training model 5/5
this is 78 times / overall 100 times (time step 78, t=0.78s)
this is 1 dimension / overall 3 dimensions
Training model 1/5
Training model 2/5
Training model 3/5
Training model 4/5
Training model 5/5
this is 2 dimension / overall 3 dimensions
Training model 1/5
Training model 2/5
Training model 3/5
Training model 4/5
Training model 5/5
this is 3 dimension / overall 3 dimensions
Training model 1/5
Training model 2/5
Training model 3/5
Training model 4/5
Training model 5/5
this is 79 times / overall 100 times (time step 79, t=0.79s)
this is 1 dimension / overall 3 dimensions
Training model 1/5
Training model 2/5
Training model 3/5
Training model 4/5
Training model 5/5
this is 2 dimension / overall 3 dimensions
Training model 1/5
Training model 2/5
Training model 3/5
Training model 4/5
Training model 5/5
this is 3 dimension / overall 3 dimensions
Training model 1/5
Training model 2/5
Training model 3/5
Training model 4/5
Training model 5/5
this is 80 times / overall 100 times (time step 80, t=0.80s)
this is 1 dimension / overall 3 dimensions
Training model 1/5
Training model 2/5
Training model 3/5
Training model 4/5
Training model 5/5
this is 2 dimension / overall 3 dimensions
Training model 1/5
Training model 2/5
Training model 3/5
Training model 4/5
Training model 5/5
this is 3 dimension / overall 3 dimensions
Training model 1/5
Training model 2/5
Training model 3/5
Training model 4/5
Training model 5/5
this is 81 times / overall 100 times (time step 81, t=0.81s)
this is 1 dimension / overall 3 dimensions
Training model 1/5
Training model 2/5
Training model 3/5
Training model 4/5
Training model 5/5
this is 2 dimension / overall 3 dimensions
Training model 1/5
Training model 2/5
Training model 3/5
Training model 4/5
Training model 5/5
this is 3 dimension / overall 3 dimensions
Training model 1/5
Training model 2/5
Training model 3/5
Training model 4/5
Training model 5/5
this is 82 times / overall 100 times (time step 82, t=0.82s)
this is 1 dimension / overall 3 dimensions
Training model 1/5
Training model 2/5
Training model 3/5
Training model 4/5
Training model 5/5
this is 2 dimension / overall 3 dimensions
Training model 1/5
Training model 2/5
Training model 3/5
Training model 4/5
Training model 5/5
this is 3 dimension / overall 3 dimensions
Training model 1/5
Training model 2/5
Training model 3/5
Training model 4/5
Training model 5/5
this is 83 times / overall 100 times (time step 83, t=0.83s)
this is 1 dimension / overall 3 dimensions
Training model 1/5
Training model 2/5
Training model 3/5
Training model 4/5
Training model 5/5
this is 2 dimension / overall 3 dimensions
Training model 1/5
Training model 2/5
Training model 3/5
Training model 4/5
Training model 5/5
this is 3 dimension / overall 3 dimensions
Training model 1/5
Training model 2/5
Training model 3/5
Training model 4/5
Training model 5/5
this is 84 times / overall 100 times (time step 84, t=0.84s)
this is 1 dimension / overall 3 dimensions
Training model 1/5
Training model 2/5
Training model 3/5
Training model 4/5
Training model 5/5
this is 2 dimension / overall 3 dimensions
Training model 1/5
Training model 2/5
Training model 3/5
Training model 4/5
Training model 5/5
this is 3 dimension / overall 3 dimensions
Training model 1/5
Training model 2/5
Training model 3/5
Training model 4/5
Training model 5/5
this is 85 times / overall 100 times (time step 85, t=0.85s)
this is 1 dimension / overall 3 dimensions
Training model 1/5
Training model 2/5
Training model 3/5
Training model 4/5
Training model 5/5
this is 2 dimension / overall 3 dimensions
Training model 1/5
Training model 2/5
Training model 3/5
Training model 4/5
Training model 5/5
this is 3 dimension / overall 3 dimensions
Training model 1/5
Training model 2/5
Training model 3/5
Training model 4/5
Training model 5/5
this is 86 times / overall 100 times (time step 86, t=0.86s)
this is 1 dimension / overall 3 dimensions
Training model 1/5
Training model 2/5
Training model 3/5
Training model 4/5
Training model 5/5
this is 2 dimension / overall 3 dimensions
Training model 1/5
Training model 2/5
Training model 3/5
Training model 4/5
Training model 5/5
this is 3 dimension / overall 3 dimensions
Training model 1/5
Training model 2/5
Training model 3/5
Training model 4/5
Training model 5/5
this is 87 times / overall 100 times (time step 87, t=0.87s)
this is 1 dimension / overall 3 dimensions
Training model 1/5
Training model 2/5
Training model 3/5
Training model 4/5
Training model 5/5
this is 2 dimension / overall 3 dimensions
Training model 1/5
Training model 2/5
Training model 3/5
Training model 4/5
Training model 5/5
this is 3 dimension / overall 3 dimensions
Training model 1/5
Training model 2/5
Training model 3/5
Training model 4/5
Training model 5/5
this is 88 times / overall 100 times (time step 88, t=0.88s)
this is 1 dimension / overall 3 dimensions
Training model 1/5
Training model 2/5
Training model 3/5
Training model 4/5
Training model 5/5
this is 2 dimension / overall 3 dimensions
Training model 1/5
Training model 2/5
Training model 3/5
Training model 4/5
Training model 5/5
this is 3 dimension / overall 3 dimensions
Training model 1/5
Training model 2/5
Training model 3/5
Training model 4/5
Training model 5/5
this is 89 times / overall 100 times (time step 89, t=0.89s)
this is 1 dimension / overall 3 dimensions
Training model 1/5
Training model 2/5
Training model 3/5
Training model 4/5
Training model 5/5
this is 2 dimension / overall 3 dimensions
Training model 1/5
Training model 2/5
Training model 3/5
Training model 4/5
Training model 5/5
this is 3 dimension / overall 3 dimensions
Training model 1/5
Training model 2/5
Training model 3/5
Training model 4/5
Training model 5/5
this is 90 times / overall 100 times (time step 90, t=0.90s)
this is 1 dimension / overall 3 dimensions
Training model 1/5
Training model 2/5
Training model 3/5
Training model 4/5
Training model 5/5
this is 2 dimension / overall 3 dimensions
Training model 1/5
Training model 2/5
Training model 3/5
Training model 4/5
Training model 5/5
this is 3 dimension / overall 3 dimensions
Training model 1/5
Training model 2/5
Training model 3/5
Training model 4/5
Training model 5/5
this is 91 times / overall 100 times (time step 91, t=0.91s)
this is 1 dimension / overall 3 dimensions
Training model 1/5
Training model 2/5
Training model 3/5
Training model 4/5
Training model 5/5
this is 2 dimension / overall 3 dimensions
Training model 1/5
Training model 2/5
Training model 3/5
Training model 4/5
Training model 5/5
this is 3 dimension / overall 3 dimensions
Training model 1/5
Training model 2/5
Training model 3/5
Training model 4/5
Training model 5/5
this is 92 times / overall 100 times (time step 92, t=0.92s)
this is 1 dimension / overall 3 dimensions
Training model 1/5
Training model 2/5
Training model 3/5
Training model 4/5
Training model 5/5
this is 2 dimension / overall 3 dimensions
Training model 1/5
Training model 2/5
Training model 3/5
Training model 4/5
Training model 5/5
this is 3 dimension / overall 3 dimensions
Training model 1/5
Training model 2/5
Training model 3/5
Training model 4/5
Training model 5/5
this is 93 times / overall 100 times (time step 93, t=0.93s)
this is 1 dimension / overall 3 dimensions
Training model 1/5
Training model 2/5
Training model 3/5
Training model 4/5
Training model 5/5
this is 2 dimension / overall 3 dimensions
Training model 1/5
Training model 2/5
Training model 3/5
Training model 4/5
Training model 5/5
this is 3 dimension / overall 3 dimensions
Training model 1/5
Training model 2/5
Training model 3/5
Training model 4/5
Training model 5/5
this is 94 times / overall 100 times (time step 94, t=0.94s)
this is 1 dimension / overall 3 dimensions
Training model 1/5
Training model 2/5
Training model 3/5
Training model 4/5
Training model 5/5
this is 2 dimension / overall 3 dimensions
Training model 1/5
Training model 2/5
Training model 3/5
Training model 4/5
Training model 5/5
this is 3 dimension / overall 3 dimensions
Training model 1/5
Training model 2/5
Training model 3/5
Training model 4/5
Training model 5/5
this is 95 times / overall 100 times (time step 95, t=0.95s)
this is 1 dimension / overall 3 dimensions
Training model 1/5
Training model 2/5
Training model 3/5
Training model 4/5
Training model 5/5
this is 2 dimension / overall 3 dimensions
Training model 1/5
Training model 2/5
Training model 3/5
Training model 4/5
Training model 5/5
this is 3 dimension / overall 3 dimensions
Training model 1/5
Training model 2/5
Training model 3/5
Training model 4/5
Training model 5/5
this is 96 times / overall 100 times (time step 96, t=0.96s)
this is 1 dimension / overall 3 dimensions
Training model 1/5
Training model 2/5
Training model 3/5
Training model 4/5
Training model 5/5
this is 2 dimension / overall 3 dimensions
Training model 1/5
Training model 2/5
Training model 3/5
Training model 4/5
Training model 5/5
this is 3 dimension / overall 3 dimensions
Training model 1/5
Training model 2/5
Training model 3/5
Training model 4/5
Training model 5/5
this is 97 times / overall 100 times (time step 97, t=0.97s)
this is 1 dimension / overall 3 dimensions
Training model 1/5
Training model 2/5
Training model 3/5
Training model 4/5
Training model 5/5
this is 2 dimension / overall 3 dimensions
Training model 1/5
Training model 2/5
Training model 3/5
Training model 4/5
Training model 5/5
this is 3 dimension / overall 3 dimensions
Training model 1/5
Training model 2/5
Training model 3/5
Training model 4/5
Training model 5/5
this is 98 times / overall 100 times (time step 98, t=0.98s)
this is 1 dimension / overall 3 dimensions
Training model 1/5
Training model 2/5
Training model 3/5
Training model 4/5
Training model 5/5
this is 2 dimension / overall 3 dimensions
Training model 1/5
Training model 2/5
Training model 3/5
Training model 4/5
Training model 5/5
this is 3 dimension / overall 3 dimensions
Training model 1/5
Training model 2/5
Training model 3/5
Training model 4/5
Training model 5/5
this is 99 times / overall 100 times (time step 99, t=0.99s)
this is 1 dimension / overall 3 dimensions
Training model 1/5
Training model 2/5
Training model 3/5
Training model 4/5
Training model 5/5
this is 2 dimension / overall 3 dimensions
Training model 1/5
Training model 2/5
Training model 3/5
Training model 4/5
Training model 5/5
this is 3 dimension / overall 3 dimensions
Training model 1/5
Training model 2/5
Training model 3/5
Training model 4/5
Training model 5/5
this is 100 times / overall 100 times (time step 100, t=1.00s)
this is 1 dimension / overall 3 dimensions
Training model 1/5
Training model 2/5
Training model 3/5
Training model 4/5
Training model 5/5
this is 2 dimension / overall 3 dimensions
Training model 1/5
Training model 2/5
Training model 3/5
Training model 4/5
Training model 5/5
this is 3 dimension / overall 3 dimensions
Training model 1/5
Training model 2/5
Training model 3/5
Training model 4/5
Training model 5/5

============================================================

[INFO] Testing ensemble predictions...

=== Ensemble Prediction Results ===
Processing 101 time points out of 1000 total
Time range: 0.00s to 10.00s
Time 0.00s, Dimension 1: 1.562732
Comparison with Ground Truth: 1.571696
Time 0.00s, Dimension 2: 1.080739
Comparison with Ground Truth: 1.103089
Time 0.00s, Dimension 3: 1.096648
Comparison with Ground Truth: 1.119534
Time 0.10s, Dimension 1: 1.581003
Comparison with Ground Truth: 1.603254
Time 0.10s, Dimension 2: 1.110047
Comparison with Ground Truth: 1.112238
Time 0.10s, Dimension 3: 1.092671
Comparison with Ground Truth: 1.116624
Time 0.20s, Dimension 1: 1.565776
Comparison with Ground Truth: 1.589022
Time 0.20s, Dimension 2: 1.077488
Comparison with Ground Truth: 1.129385
Time 0.20s, Dimension 3: 1.089573
Comparison with Ground Truth: 1.120001
Time 0.30s, Dimension 1: 1.523873
Comparison with Ground Truth: 1.602002
Time 0.30s, Dimension 2: 1.078734
Comparison with Ground Truth: 1.095187
Time 0.30s, Dimension 3: 1.089426
Comparison with Ground Truth: 1.108509
Time 0.40s, Dimension 1: 1.547645
Comparison with Ground Truth: 1.604373
Time 0.40s, Dimension 2: 1.056367
Comparison with Ground Truth: 1.120414
Time 0.40s, Dimension 3: 1.103389
Comparison with Ground Truth: 1.129046
Time 0.50s, Dimension 1: 1.591534
Comparison with Ground Truth: 1.568595
Time 0.50s, Dimension 2: 1.042513
Comparison with Ground Truth: 1.110479
Time 0.50s, Dimension 3: 1.080867
Comparison with Ground Truth: 1.119898
Time 0.60s, Dimension 1: 1.518315
Comparison with Ground Truth: 1.573403
Time 0.60s, Dimension 2: 1.066537
Comparison with Ground Truth: 1.103339
Time 0.60s, Dimension 3: 1.054952
Comparison with Ground Truth: 1.109699
Time 0.70s, Dimension 1: 1.545679
Comparison with Ground Truth: 1.572063
Time 0.70s, Dimension 2: 1.040955
Comparison with Ground Truth: 1.143017
Time 0.70s, Dimension 3: 1.049357
Comparison with Ground Truth: 1.119402
Time 0.80s, Dimension 1: 1.533934
Comparison with Ground Truth: 1.590343
Time 0.80s, Dimension 2: 1.069374
Comparison with Ground Truth: 1.118259
Time 0.80s, Dimension 3: 1.070608
Comparison with Ground Truth: 1.140760
Time 0.90s, Dimension 1: 1.512173
Comparison with Ground Truth: 1.581824
Time 0.90s, Dimension 2: 1.026556
Comparison with Ground Truth: 1.130952
Time 0.90s, Dimension 3: 1.033886
Comparison with Ground Truth: 1.110796
Time 1.00s, Dimension 1: 1.512012
Comparison with Ground Truth: 1.604119
Time 1.00s, Dimension 2: 1.011027
Comparison with Ground Truth: 1.119057
Time 1.00s, Dimension 3: 1.066258
Comparison with Ground Truth: 1.112249
Warning: Normalization parameters not found for dim1_t110
Warning: Normalization parameters not found for dim2_t110
Warning: Normalization parameters not found for dim3_t110
Warning: Normalization parameters not found for dim1_t120
Warning: Normalization parameters not found for dim2_t120
Warning: Normalization parameters not found for dim3_t120
Warning: Normalization parameters not found for dim1_t130
Warning: Normalization parameters not found for dim2_t130
Warning: Normalization parameters not found for dim3_t130
Warning: Normalization parameters not found for dim1_t140
Warning: Normalization parameters not found for dim2_t140
Warning: Normalization parameters not found for dim3_t140
Warning: Normalization parameters not found for dim1_t150
Warning: Normalization parameters not found for dim2_t150
Warning: Normalization parameters not found for dim3_t150
Warning: Normalization parameters not found for dim1_t160
Warning: Normalization parameters not found for dim2_t160
Warning: Normalization parameters not found for dim3_t160
Warning: Normalization parameters not found for dim1_t170
Warning: Normalization parameters not found for dim2_t170
Warning: Normalization parameters not found for dim3_t170
Warning: Normalization parameters not found for dim1_t180
Warning: Normalization parameters not found for dim2_t180
Warning: Normalization parameters not found for dim3_t180
Warning: Normalization parameters not found for dim1_t190
Warning: Normalization parameters not found for dim2_t190
Warning: Normalization parameters not found for dim3_t190
Warning: Normalization parameters not found for dim1_t200
Warning: Normalization parameters not found for dim2_t200
Warning: Normalization parameters not found for dim3_t200
Warning: Normalization parameters not found for dim1_t210
Warning: Normalization parameters not found for dim2_t210
Warning: Normalization parameters not found for dim3_t210
Warning: Normalization parameters not found for dim1_t220
Warning: Normalization parameters not found for dim2_t220
Warning: Normalization parameters not found for dim3_t220
Warning: Normalization parameters not found for dim1_t230
Warning: Normalization parameters not found for dim2_t230
Warning: Normalization parameters not found for dim3_t230
Warning: Normalization parameters not found for dim1_t240
Warning: Normalization parameters not found for dim2_t240
Warning: Normalization parameters not found for dim3_t240
Warning: Normalization parameters not found for dim1_t250
Warning: Normalization parameters not found for dim2_t250
Warning: Normalization parameters not found for dim3_t250
Warning: Normalization parameters not found for dim1_t260
Warning: Normalization parameters not found for dim2_t260
Warning: Normalization parameters not found for dim3_t260
Warning: Normalization parameters not found for dim1_t270
Warning: Normalization parameters not found for dim2_t270
Warning: Normalization parameters not found for dim3_t270
Warning: Normalization parameters not found for dim1_t280
Warning: Normalization parameters not found for dim2_t280
Warning: Normalization parameters not found for dim3_t280
Warning: Normalization parameters not found for dim1_t290
Warning: Normalization parameters not found for dim2_t290
Warning: Normalization parameters not found for dim3_t290
Warning: Normalization parameters not found for dim1_t300
Warning: Normalization parameters not found for dim2_t300
Warning: Normalization parameters not found for dim3_t300
Warning: Normalization parameters not found for dim1_t310
Warning: Normalization parameters not found for dim2_t310
Warning: Normalization parameters not found for dim3_t310
Warning: Normalization parameters not found for dim1_t320
Warning: Normalization parameters not found for dim2_t320
Warning: Normalization parameters not found for dim3_t320
Warning: Normalization parameters not found for dim1_t330
Warning: Normalization parameters not found for dim2_t330
Warning: Normalization parameters not found for dim3_t330
Warning: Normalization parameters not found for dim1_t340
Warning: Normalization parameters not found for dim2_t340
Warning: Normalization parameters not found for dim3_t340
Warning: Normalization parameters not found for dim1_t350
Warning: Normalization parameters not found for dim2_t350
Warning: Normalization parameters not found for dim3_t350
Warning: Normalization parameters not found for dim1_t360
Warning: Normalization parameters not found for dim2_t360
Warning: Normalization parameters not found for dim3_t360
Warning: Normalization parameters not found for dim1_t370
Warning: Normalization parameters not found for dim2_t370
Warning: Normalization parameters not found for dim3_t370
Warning: Normalization parameters not found for dim1_t380
Warning: Normalization parameters not found for dim2_t380
Warning: Normalization parameters not found for dim3_t380
Warning: Normalization parameters not found for dim1_t390
Warning: Normalization parameters not found for dim2_t390
Warning: Normalization parameters not found for dim3_t390
Warning: Normalization parameters not found for dim1_t400
Warning: Normalization parameters not found for dim2_t400
Warning: Normalization parameters not found for dim3_t400
Warning: Normalization parameters not found for dim1_t410
Warning: Normalization parameters not found for dim2_t410
Warning: Normalization parameters not found for dim3_t410
Warning: Normalization parameters not found for dim1_t420
Warning: Normalization parameters not found for dim2_t420
Warning: Normalization parameters not found for dim3_t420
Warning: Normalization parameters not found for dim1_t430
Warning: Normalization parameters not found for dim2_t430
Warning: Normalization parameters not found for dim3_t430
Warning: Normalization parameters not found for dim1_t440
Warning: Normalization parameters not found for dim2_t440
Warning: Normalization parameters not found for dim3_t440
Warning: Normalization parameters not found for dim1_t450
Warning: Normalization parameters not found for dim2_t450
Warning: Normalization parameters not found for dim3_t450
Warning: Normalization parameters not found for dim1_t460
Warning: Normalization parameters not found for dim2_t460
Warning: Normalization parameters not found for dim3_t460
Warning: Normalization parameters not found for dim1_t470
Warning: Normalization parameters not found for dim2_t470
Warning: Normalization parameters not found for dim3_t470
Warning: Normalization parameters not found for dim1_t480
Warning: Normalization parameters not found for dim2_t480
Warning: Normalization parameters not found for dim3_t480
Warning: Normalization parameters not found for dim1_t490
Warning: Normalization parameters not found for dim2_t490
Warning: Normalization parameters not found for dim3_t490
Warning: Normalization parameters not found for dim1_t500
Warning: Normalization parameters not found for dim2_t500
Warning: Normalization parameters not found for dim3_t500
Warning: Normalization parameters not found for dim1_t510
Warning: Normalization parameters not found for dim2_t510
Warning: Normalization parameters not found for dim3_t510
Warning: Normalization parameters not found for dim1_t520
Warning: Normalization parameters not found for dim2_t520
Warning: Normalization parameters not found for dim3_t520
Warning: Normalization parameters not found for dim1_t530
Warning: Normalization parameters not found for dim2_t530
Warning: Normalization parameters not found for dim3_t530
Warning: Normalization parameters not found for dim1_t540
Warning: Normalization parameters not found for dim2_t540
Warning: Normalization parameters not found for dim3_t540
Warning: Normalization parameters not found for dim1_t550
Warning: Normalization parameters not found for dim2_t550
Warning: Normalization parameters not found for dim3_t550
Warning: Normalization parameters not found for dim1_t560
Warning: Normalization parameters not found for dim2_t560
Warning: Normalization parameters not found for dim3_t560
Warning: Normalization parameters not found for dim1_t570
Warning: Normalization parameters not found for dim2_t570
Warning: Normalization parameters not found for dim3_t570
Warning: Normalization parameters not found for dim1_t580
Warning: Normalization parameters not found for dim2_t580
Warning: Normalization parameters not found for dim3_t580
Warning: Normalization parameters not found for dim1_t590
Warning: Normalization parameters not found for dim2_t590
Warning: Normalization parameters not found for dim3_t590
Warning: Normalization parameters not found for dim1_t600
Warning: Normalization parameters not found for dim2_t600
Warning: Normalization parameters not found for dim3_t600
Warning: Normalization parameters not found for dim1_t610
Warning: Normalization parameters not found for dim2_t610
Warning: Normalization parameters not found for dim3_t610
Warning: Normalization parameters not found for dim1_t620
Warning: Normalization parameters not found for dim2_t620
Warning: Normalization parameters not found for dim3_t620
Warning: Normalization parameters not found for dim1_t630
Warning: Normalization parameters not found for dim2_t630
Warning: Normalization parameters not found for dim3_t630
Warning: Normalization parameters not found for dim1_t640
Warning: Normalization parameters not found for dim2_t640
Warning: Normalization parameters not found for dim3_t640
Warning: Normalization parameters not found for dim1_t650
Warning: Normalization parameters not found for dim2_t650
Warning: Normalization parameters not found for dim3_t650
Warning: Normalization parameters not found for dim1_t660
Warning: Normalization parameters not found for dim2_t660
Warning: Normalization parameters not found for dim3_t660
Warning: Normalization parameters not found for dim1_t670
Warning: Normalization parameters not found for dim2_t670
Warning: Normalization parameters not found for dim3_t670
Warning: Normalization parameters not found for dim1_t680
Warning: Normalization parameters not found for dim2_t680
Warning: Normalization parameters not found for dim3_t680
Warning: Normalization parameters not found for dim1_t690
Warning: Normalization parameters not found for dim2_t690
Warning: Normalization parameters not found for dim3_t690
Warning: Normalization parameters not found for dim1_t700
Warning: Normalization parameters not found for dim2_t700
Warning: Normalization parameters not found for dim3_t700
Warning: Normalization parameters not found for dim1_t710
Warning: Normalization parameters not found for dim2_t710
Warning: Normalization parameters not found for dim3_t710
Warning: Normalization parameters not found for dim1_t720
Warning: Normalization parameters not found for dim2_t720
Warning: Normalization parameters not found for dim3_t720
Warning: Normalization parameters not found for dim1_t730
Warning: Normalization parameters not found for dim2_t730
Warning: Normalization parameters not found for dim3_t730
Warning: Normalization parameters not found for dim1_t740
Warning: Normalization parameters not found for dim2_t740
Warning: Normalization parameters not found for dim3_t740
Warning: Normalization parameters not found for dim1_t750
Warning: Normalization parameters not found for dim2_t750
Warning: Normalization parameters not found for dim3_t750
Warning: Normalization parameters not found for dim1_t760
Warning: Normalization parameters not found for dim2_t760
Warning: Normalization parameters not found for dim3_t760
Warning: Normalization parameters not found for dim1_t770
Warning: Normalization parameters not found for dim2_t770
Warning: Normalization parameters not found for dim3_t770
Warning: Normalization parameters not found for dim1_t780
Warning: Normalization parameters not found for dim2_t780
Warning: Normalization parameters not found for dim3_t780
Warning: Normalization parameters not found for dim1_t790
Warning: Normalization parameters not found for dim2_t790
Warning: Normalization parameters not found for dim3_t790
Warning: Normalization parameters not found for dim1_t800
Warning: Normalization parameters not found for dim2_t800
Warning: Normalization parameters not found for dim3_t800
Warning: Normalization parameters not found for dim1_t810
Warning: Normalization parameters not found for dim2_t810
Warning: Normalization parameters not found for dim3_t810
Warning: Normalization parameters not found for dim1_t820
Warning: Normalization parameters not found for dim2_t820
Warning: Normalization parameters not found for dim3_t820
Warning: Normalization parameters not found for dim1_t830
Warning: Normalization parameters not found for dim2_t830
Warning: Normalization parameters not found for dim3_t830
Warning: Normalization parameters not found for dim1_t840
Warning: Normalization parameters not found for dim2_t840
Warning: Normalization parameters not found for dim3_t840
Warning: Normalization parameters not found for dim1_t850
Warning: Normalization parameters not found for dim2_t850
Warning: Normalization parameters not found for dim3_t850
Warning: Normalization parameters not found for dim1_t860
Warning: Normalization parameters not found for dim2_t860
Warning: Normalization parameters not found for dim3_t860
Warning: Normalization parameters not found for dim1_t870
Warning: Normalization parameters not found for dim2_t870
Warning: Normalization parameters not found for dim3_t870
Warning: Normalization parameters not found for dim1_t880
Warning: Normalization parameters not found for dim2_t880
Warning: Normalization parameters not found for dim3_t880
Warning: Normalization parameters not found for dim1_t890
Warning: Normalization parameters not found for dim2_t890
Warning: Normalization parameters not found for dim3_t890
Warning: Normalization parameters not found for dim1_t900
Warning: Normalization parameters not found for dim2_t900
Warning: Normalization parameters not found for dim3_t900
Warning: Normalization parameters not found for dim1_t910
Warning: Normalization parameters not found for dim2_t910
Warning: Normalization parameters not found for dim3_t910
Warning: Normalization parameters not found for dim1_t920
Warning: Normalization parameters not found for dim2_t920
Warning: Normalization parameters not found for dim3_t920
Warning: Normalization parameters not found for dim1_t930
Warning: Normalization parameters not found for dim2_t930
Warning: Normalization parameters not found for dim3_t930
Warning: Normalization parameters not found for dim1_t940
Warning: Normalization parameters not found for dim2_t940
Warning: Normalization parameters not found for dim3_t940
Warning: Normalization parameters not found for dim1_t950
Warning: Normalization parameters not found for dim2_t950
Warning: Normalization parameters not found for dim3_t950
Warning: Normalization parameters not found for dim1_t960
Warning: Normalization parameters not found for dim2_t960
Warning: Normalization parameters not found for dim3_t960
Warning: Normalization parameters not found for dim1_t970
Warning: Normalization parameters not found for dim2_t970
Warning: Normalization parameters not found for dim3_t970
Warning: Normalization parameters not found for dim1_t980
Warning: Normalization parameters not found for dim2_t980
Warning: Normalization parameters not found for dim3_t980
Warning: Normalization parameters not found for dim1_t990
Warning: Normalization parameters not found for dim2_t990
Warning: Normalization parameters not found for dim3_t990
Warning: Normalization parameters not found for dim1_t999
Warning: Normalization parameters not found for dim2_t999
Warning: Normalization parameters not found for dim3_t999

Expected values should be close to original
Ensemble method should provide more accurate results!
[SUCCESS] Ensemble prediction completed.
============================================================
[SUCCESS] training process finished.

============================================================
[INFO] Creating plots and visualizations...
============================================================
[INFO] Looking for cases in: /home/xingjianxu/TurbulentFEX/src/Example/MC_triad/Results/Results/equipart
[INFO] Found case: case_15000 (sample size: 15000)
[INFO] Found case: case_10000 (sample size: 10000)
[INFO] Found case: case_5000 (sample size: 5000)
[INFO] Found case: case_1000 (sample size: 1000)
[INFO] Found case: case_20000 (sample size: 20000)
[INFO] Found case: case_40000 (sample size: 40000)
[INFO] Found case: case_30000 (sample size: 30000)
[INFO] Found 7 cases: ('case_1000', 'case_5000', 'case_10000', 'case_15000', 'case_20000', 'case_30000', 'case_40000')
[INFO] Loading data from case_1000...
  - Ground truth shape: (1000, 3)
  - Predicted shape: (101, 3)
  - Time points: 101
[INFO] Loading data from case_5000...
  - Ground truth shape: (1000, 3)
  - Predicted shape: (101, 3)
  - Time points: 101
[WARNING] Missing residual data in case_10000
  - Missing: /home/xingjianxu/TurbulentFEX/src/Example/MC_triad/Results/Results/equipart/case_10000/residual_cov_pred.npy
[WARNING] Missing residual data in case_15000
  - Missing: /home/xingjianxu/TurbulentFEX/src/Example/MC_triad/Results/Results/equipart/case_15000/residual_cov_pred.npy
[WARNING] Missing residual data in case_20000
  - Missing: /home/xingjianxu/TurbulentFEX/src/Example/MC_triad/Results/Results/equipart/case_20000/residual_cov_pred.npy
[WARNING] Missing residual data in case_30000
  - Missing: /home/xingjianxu/TurbulentFEX/src/Example/MC_triad/Results/Results/equipart/case_30000/residual_cov_pred.npy
[WARNING] Missing residual data in case_40000
  - Missing: /home/xingjianxu/TurbulentFEX/src/Example/MC_triad/Results/Results/equipart/case_40000/residual_cov_pred.npy

[INFO] Creating plots with 2 datasets: ['Sample Size 1000', 'Sample Size 5000']

[INFO] Creating multiple dataset comparison plots...
Multiple residual covariance plot saved to /home/xingjianxu/TurbulentFEX/src/Example/MC_triad/Results/Results/equipart/case_5000/plots/multiple_residual_covariance.pdf
Multiple log10 error plot saved to /home/xingjianxu/TurbulentFEX/src/Example/MC_triad/Results/Results/equipart/case_5000/plots/multiple_log10_error.pdf

[INFO] Creating individual comparison plots...
[INFO] Creating plots for Sample Size 1000...
Plot saved to /home/xingjianxu/TurbulentFEX/src/Example/MC_triad/Results/Results/equipart/case_5000/plots/dataset_1_Sample_Size_1000/residual_covariance_comparison.pdf
===== JOB FINISHED =====
Thu Jul  3 10:46:35 PM EDT 2025
