===== SLURM JOB STARTED =====
Date      = Thu Jul  3 09:43:14 PM EDT 2025
Host      = c0607a-s12
Start Dir = /home/xingjianxu/TurbulentFEX/src/slurm
Using cuda:0

============================================================

[INFO] Setting up the path...
[INFO] Right now we use hipergator workspace path.
[INFO] The save directory is /home/xingjianxu/TurbulentFEX/src/Example/MC_triad/Results/Results/equipart/case_10000
============================================================

============================================================
SECOND STAGE: STOCHASTIC OPTIONS
============================================================
1. Train everything in second stage
2. Skip to calculate the measurements
3. Skip all and plot the results
============================================================

[INFO] Training everything in second stage...
SAMPLE size for each time step is 10000
[SUCCESS] data has already been generated in this folder,you just need to train the following.
Processing time step 0/1000
Processing time step 100/1000
Processing time step 200/1000
Processing time step 300/1000
Processing time step 400/1000
Processing time step 500/1000
Processing time step 600/1000
Processing time step 700/1000
Processing time step 800/1000
Processing time step 900/1000
Time 0: 1.583276, 1.130939, 1.111303
Time 100: 1.565527, 1.124805, 1.118342
Time 200: 1.577169, 1.111784, 1.118084
Time 300: 1.568970, 1.119399, 1.109808
Time 400: 1.580675, 1.111631, 1.112376
Time 500: 1.582000, 1.107651, 1.121400
Time 600: 1.579646, 1.125024, 1.112507
Time 700: 1.596406, 1.127325, 1.131170
Time 800: 1.573931, 1.098103, 1.115606
Time 900: 1.578026, 1.119615, 1.118318
Residual covariance shape: (1000, 3)
First time step covariance: [1.58327575 1.13093918 1.11130293]
[INFO] the residual shape is (10000, 3, 1000),the state of dyamics is (10000, 3, 1000)
Processing 101 time points out of 1000 total
Time range: 0.00s to 10.00s
Scaler values: [20. 20. 20.]
Original residual std at t=0: [0.15832757 0.11309392 0.11113029]
Using train_size: 10000 out of total size: 10000
----------------------------------------------------------------------------------------------------
this is 1 times / overall 101 times (time step 0, t=0.00s)
1.5832757451372232 1.1309391781296794 1.1113029292499153
----------------------------------------------------------------------------------------------------
find index iteration: 0 10000
short indx is [[   0 3833 7106 ... 6812 3400  200]
 [   1 3359 1423 ... 3260 4154 3903]
 [   2 5863 2127 ... 8540 3378 6354]
 ...
 [9997 8702 8628 ... 7738 5536 2119]
 [9998 5562 4365 ... 2302 8184  771]
 [9999  137 6358 ... 2273 2195 8103]]
Scaled residual std at t=0: [3.16655149 2.26187836 2.22260586]
start_idx is 0; end_idx is 10000
this is 0 times / overall 2000 times
this is 100 times / overall 2000 times
this is 200 times / overall 2000 times
this is 300 times / overall 2000 times
this is 400 times / overall 2000 times
this is 500 times / overall 2000 times
this is 600 times / overall 2000 times
this is 700 times / overall 2000 times
this is 800 times / overall 2000 times
this is 900 times / overall 2000 times
this is 1000 times / overall 2000 times
this is 1100 times / overall 2000 times
this is 1200 times / overall 2000 times
this is 1300 times / overall 2000 times
this is 1400 times / overall 2000 times
this is 1500 times / overall 2000 times
this is 1600 times / overall 2000 times
this is 1700 times / overall 2000 times
this is 1800 times / overall 2000 times
this is 1900 times / overall 2000 times
this is 1 times which has already done.
----------------------------------------------------------------------------------------------------
this is 2 times / overall 101 times (time step 10, t=0.10s)
1.5827586093725232 1.1025807244458252 1.1142346060835446
----------------------------------------------------------------------------------------------------
find index iteration: 0 10000
short indx is [[   0 6069 3241 ... 4131 3631 2410]
 [   1 4645 5253 ... 2032 8011 5047]
 [   2 4081 8202 ... 7027 3979 1881]
 ...
 [9997 7530 8471 ... 4914 9981 8127]
 [9998 2419 4964 ... 4801 9728 7906]
 [9999 1001 3621 ... 2775 9650 2314]]
Scaled residual std at t=10: [3.16551722 2.20516145 2.22846921]
start_idx is 0; end_idx is 10000
this is 0 times / overall 2000 times
this is 100 times / overall 2000 times
this is 200 times / overall 2000 times
this is 300 times / overall 2000 times
this is 400 times / overall 2000 times
this is 500 times / overall 2000 times
this is 600 times / overall 2000 times
this is 700 times / overall 2000 times
this is 800 times / overall 2000 times
this is 900 times / overall 2000 times
this is 1000 times / overall 2000 times
this is 1100 times / overall 2000 times
this is 1200 times / overall 2000 times
this is 1300 times / overall 2000 times
this is 1400 times / overall 2000 times
this is 1500 times / overall 2000 times
this is 1600 times / overall 2000 times
this is 1700 times / overall 2000 times
this is 1800 times / overall 2000 times
this is 1900 times / overall 2000 times
this is 2 times which has already done.
----------------------------------------------------------------------------------------------------
this is 3 times / overall 101 times (time step 20, t=0.20s)
1.5762194235717863 1.1249523852714323 1.1122144917342505
----------------------------------------------------------------------------------------------------
find index iteration: 0 10000
short indx is [[   0 7343 6870 ... 4510 2747   70]
 [   1 7783 1479 ... 7018 8910 5999]
 [   2  415 1207 ... 8722 6188  361]
 ...
 [9997 1097  715 ... 8008 3929 5225]
 [9998 7222 7781 ... 6633 8174 9464]
 [9999 8483 6658 ... 3088 7042  453]]
Scaled residual std at t=20: [3.15243885 2.24990477 2.22442898]
start_idx is 0; end_idx is 10000
this is 0 times / overall 2000 times
this is 100 times / overall 2000 times
this is 200 times / overall 2000 times
this is 300 times / overall 2000 times
this is 400 times / overall 2000 times
this is 500 times / overall 2000 times
this is 600 times / overall 2000 times
this is 700 times / overall 2000 times
this is 800 times / overall 2000 times
this is 900 times / overall 2000 times
this is 1000 times / overall 2000 times
this is 1100 times / overall 2000 times
this is 1200 times / overall 2000 times
this is 1300 times / overall 2000 times
this is 1400 times / overall 2000 times
this is 1500 times / overall 2000 times
this is 1600 times / overall 2000 times
this is 1700 times / overall 2000 times
this is 1800 times / overall 2000 times
this is 1900 times / overall 2000 times
this is 3 times which has already done.
----------------------------------------------------------------------------------------------------
this is 4 times / overall 101 times (time step 30, t=0.30s)
1.5738755490982907 1.1046854617167827 1.121577526249238
----------------------------------------------------------------------------------------------------
find index iteration: 0 10000
short indx is [[   0  271 3348 ... 1548 7289 7769]
 [   1 8680 8920 ...  110 5586 9573]
 [   2 2079 3829 ... 9371 4697 8795]
 ...
 [9997 9914 8427 ... 1909 1448  519]
 [9998 7802 4840 ... 3836 2640 4940]
 [9999 8943 4271 ... 2636 1793 3451]]
Scaled residual std at t=30: [3.1477511  2.20937092 2.24315505]
start_idx is 0; end_idx is 10000
this is 0 times / overall 2000 times
this is 100 times / overall 2000 times
this is 200 times / overall 2000 times
this is 300 times / overall 2000 times
this is 400 times / overall 2000 times
this is 500 times / overall 2000 times
this is 600 times / overall 2000 times
this is 700 times / overall 2000 times
this is 800 times / overall 2000 times
this is 900 times / overall 2000 times
this is 1000 times / overall 2000 times
this is 1100 times / overall 2000 times
this is 1200 times / overall 2000 times
this is 1300 times / overall 2000 times
this is 1400 times / overall 2000 times
this is 1500 times / overall 2000 times
this is 1600 times / overall 2000 times
this is 1700 times / overall 2000 times
this is 1800 times / overall 2000 times
this is 1900 times / overall 2000 times
this is 4 times which has already done.
----------------------------------------------------------------------------------------------------
this is 5 times / overall 101 times (time step 40, t=0.40s)
1.5690916348197 1.1273082682041675 1.1266047481015624
----------------------------------------------------------------------------------------------------
find index iteration: 0 10000
short indx is [[   0 5151  354 ... 8546 2152 4118]
 [   1 6905  615 ... 2925 2477  267]
 [   2 2130 8516 ... 4800 6506 9843]
 ...
 [9997 1099 8850 ... 8861 5346 6604]
 [9998 9605 7442 ... 7103 8933 7590]
 [9999  164 1817 ... 4110 4385 7759]]
Scaled residual std at t=40: [3.13818327 2.25461654 2.2532095 ]
start_idx is 0; end_idx is 10000
this is 0 times / overall 2000 times
this is 100 times / overall 2000 times
this is 200 times / overall 2000 times
this is 300 times / overall 2000 times
this is 400 times / overall 2000 times
this is 500 times / overall 2000 times
this is 600 times / overall 2000 times
this is 700 times / overall 2000 times
this is 800 times / overall 2000 times
this is 900 times / overall 2000 times
this is 1000 times / overall 2000 times
this is 1100 times / overall 2000 times
this is 1200 times / overall 2000 times
this is 1300 times / overall 2000 times
this is 1400 times / overall 2000 times
this is 1500 times / overall 2000 times
this is 1600 times / overall 2000 times
this is 1700 times / overall 2000 times
this is 1800 times / overall 2000 times
this is 1900 times / overall 2000 times
this is 5 times which has already done.
----------------------------------------------------------------------------------------------------
this is 6 times / overall 101 times (time step 50, t=0.50s)
1.580435562260693 1.1209304220231338 1.11761381115346
----------------------------------------------------------------------------------------------------
find index iteration: 0 10000
short indx is [[   0 7235 9494 ... 8345 6743 8435]
 [   1 5493 5699 ... 5833 4506 2826]
 [   2 8504 6495 ... 1164 8452 5053]
 ...
 [9997 5548 4098 ... 3288 9592 1119]
 [9998   26 3247 ... 5290 9549 1853]
 [9999 3088 7016 ... 4403 2618 7676]]
Scaled residual std at t=50: [3.16087112 2.24186084 2.23522762]
start_idx is 0; end_idx is 10000
this is 0 times / overall 2000 times
this is 100 times / overall 2000 times
this is 200 times / overall 2000 times
this is 300 times / overall 2000 times
this is 400 times / overall 2000 times
this is 500 times / overall 2000 times
this is 600 times / overall 2000 times
this is 700 times / overall 2000 times
this is 800 times / overall 2000 times
this is 900 times / overall 2000 times
this is 1000 times / overall 2000 times
this is 1100 times / overall 2000 times
this is 1200 times / overall 2000 times
this is 1300 times / overall 2000 times
this is 1400 times / overall 2000 times
this is 1500 times / overall 2000 times
this is 1600 times / overall 2000 times
this is 1700 times / overall 2000 times
this is 1800 times / overall 2000 times
this is 1900 times / overall 2000 times
this is 6 times which has already done.
----------------------------------------------------------------------------------------------------
this is 7 times / overall 101 times (time step 60, t=0.60s)
1.5864687859193827 1.109502623720574 1.1034573250026076
----------------------------------------------------------------------------------------------------
find index iteration: 0 10000
short indx is [[   0 1050 2655 ...  372 8170 7398]
 [   1 2595 8164 ... 2862 4969 2247]
 [   2 4025 5743 ... 6753 1165 1901]
 ...
 [9997 9900 4098 ... 1406 2400 2958]
 [9998 4600 3389 ... 5410 4863 7576]
 [9999 2633 2972 ... 1035 2513 6503]]
Scaled residual std at t=60: [3.17293757 2.21900525 2.20691465]
start_idx is 0; end_idx is 10000
this is 0 times / overall 2000 times
this is 100 times / overall 2000 times
this is 200 times / overall 2000 times
this is 300 times / overall 2000 times
this is 400 times / overall 2000 times
this is 500 times / overall 2000 times
this is 600 times / overall 2000 times
this is 700 times / overall 2000 times
this is 800 times / overall 2000 times
this is 900 times / overall 2000 times
this is 1000 times / overall 2000 times
this is 1100 times / overall 2000 times
this is 1200 times / overall 2000 times
this is 1300 times / overall 2000 times
this is 1400 times / overall 2000 times
this is 1500 times / overall 2000 times
this is 1600 times / overall 2000 times
this is 1700 times / overall 2000 times
this is 1800 times / overall 2000 times
this is 1900 times / overall 2000 times
this is 7 times which has already done.
----------------------------------------------------------------------------------------------------
this is 8 times / overall 101 times (time step 70, t=0.70s)
1.5881809435273886 1.122458106480488 1.1284107272224322
----------------------------------------------------------------------------------------------------
find index iteration: 0 10000
short indx is [[   0 2735 9789 ... 1165 8127 7081]
 [   1   62 5587 ... 9688 3057  711]
 [   2 5536  895 ... 4441 9923 9105]
 ...
 [9997 7188  540 ... 4087 2593 2165]
 [9998 6846 2371 ... 2718 1573 5944]
 [9999 2441 3230 ... 2901  427  485]]
Scaled residual std at t=70: [3.17636189 2.24491621 2.25682145]
start_idx is 0; end_idx is 10000
this is 0 times / overall 2000 times
this is 100 times / overall 2000 times
this is 200 times / overall 2000 times
this is 300 times / overall 2000 times
this is 400 times / overall 2000 times
this is 500 times / overall 2000 times
this is 600 times / overall 2000 times
this is 700 times / overall 2000 times
this is 800 times / overall 2000 times
this is 900 times / overall 2000 times
this is 1000 times / overall 2000 times
this is 1100 times / overall 2000 times
this is 1200 times / overall 2000 times
this is 1300 times / overall 2000 times
this is 1400 times / overall 2000 times
this is 1500 times / overall 2000 times
this is 1600 times / overall 2000 times
this is 1700 times / overall 2000 times
this is 1800 times / overall 2000 times
this is 1900 times / overall 2000 times
this is 8 times which has already done.
----------------------------------------------------------------------------------------------------
this is 9 times / overall 101 times (time step 80, t=0.80s)
1.5966741003333165 1.1196892540764405 1.1102765133246908
----------------------------------------------------------------------------------------------------
find index iteration: 0 10000
short indx is [[   0 2192 3443 ... 1437 6843 3961]
 [   1 5942 4469 ... 9473 6603 4576]
 [   2 6713 8774 ... 8311 3819 5171]
 ...
 [9997 7286 5889 ... 6799 2621 1191]
 [9998 4208 4690 ... 1085 3958 1300]
 [9999 8549 7295 ... 9451 3058 9052]]
Scaled residual std at t=80: [3.1933482  2.23937851 2.22055303]
start_idx is 0; end_idx is 10000
this is 0 times / overall 2000 times
this is 100 times / overall 2000 times
this is 200 times / overall 2000 times
this is 300 times / overall 2000 times
this is 400 times / overall 2000 times
this is 500 times / overall 2000 times
this is 600 times / overall 2000 times
this is 700 times / overall 2000 times
this is 800 times / overall 2000 times
this is 900 times / overall 2000 times
this is 1000 times / overall 2000 times
this is 1100 times / overall 2000 times
this is 1200 times / overall 2000 times
this is 1300 times / overall 2000 times
this is 1400 times / overall 2000 times
this is 1500 times / overall 2000 times
this is 1600 times / overall 2000 times
this is 1700 times / overall 2000 times
this is 1800 times / overall 2000 times
this is 1900 times / overall 2000 times
this is 9 times which has already done.
----------------------------------------------------------------------------------------------------
this is 10 times / overall 101 times (time step 90, t=0.90s)
1.572039822586585 1.1126352533904613 1.1182488639865422
----------------------------------------------------------------------------------------------------
find index iteration: 0 10000
short indx is [[   0 4700 7332 ... 3769 2515 9228]
 [   1 2751 8529 ... 2621 7104  587]
 [   2 4526 4229 ... 6909 2372   63]
 ...
 [9997 7429 2904 ... 3338 9429 6756]
 [9998 8636 6541 ... 1201 2817 9369]
 [9999 8465 2764 ... 3283 8047 2763]]
Scaled residual std at t=90: [3.14407965 2.22527051 2.23649773]
start_idx is 0; end_idx is 10000
this is 0 times / overall 2000 times
this is 100 times / overall 2000 times
this is 200 times / overall 2000 times
this is 300 times / overall 2000 times
this is 400 times / overall 2000 times
this is 500 times / overall 2000 times
this is 600 times / overall 2000 times
this is 700 times / overall 2000 times
this is 800 times / overall 2000 times
this is 900 times / overall 2000 times
this is 1000 times / overall 2000 times
this is 1100 times / overall 2000 times
this is 1200 times / overall 2000 times
this is 1300 times / overall 2000 times
this is 1400 times / overall 2000 times
this is 1500 times / overall 2000 times
this is 1600 times / overall 2000 times
this is 1700 times / overall 2000 times
this is 1800 times / overall 2000 times
this is 1900 times / overall 2000 times
this is 10 times which has already done.
----------------------------------------------------------------------------------------------------
this is 11 times / overall 101 times (time step 100, t=1.00s)
1.5655267468386809 1.1248045721334148 1.1183415115614141
----------------------------------------------------------------------------------------------------
find index iteration: 0 10000
short indx is [[   0 5538 8030 ... 6684 2884 8160]
 [   1 4903 5491 ... 1321  279  227]
 [   2 5999 1796 ... 6327 5345 4764]
 ...
 [9997 2306 4546 ...  440  645 6107]
 [9998 5236 1454 ... 8274 3288 9982]
 [9999  218 9815 ... 4957 2980  860]]
Scaled residual std at t=100: [3.13105349 2.24960914 2.23668302]
start_idx is 0; end_idx is 10000
this is 0 times / overall 2000 times
this is 100 times / overall 2000 times
this is 200 times / overall 2000 times
this is 300 times / overall 2000 times
this is 400 times / overall 2000 times
this is 500 times / overall 2000 times
this is 600 times / overall 2000 times
this is 700 times / overall 2000 times
this is 800 times / overall 2000 times
this is 900 times / overall 2000 times
this is 1000 times / overall 2000 times
this is 1100 times / overall 2000 times
this is 1200 times / overall 2000 times
this is 1300 times / overall 2000 times
this is 1400 times / overall 2000 times
this is 1500 times / overall 2000 times
this is 1600 times / overall 2000 times
this is 1700 times / overall 2000 times
this is 1800 times / overall 2000 times
this is 1900 times / overall 2000 times
this is 11 times which has already done.
----------------------------------------------------------------------------------------------------
this is 12 times / overall 101 times (time step 110, t=1.10s)
1.560965904014195 1.125806072248941 1.1172316459333687
----------------------------------------------------------------------------------------------------
find index iteration: 0 10000
short indx is [[   0 2133  317 ... 8328  118 1499]
 [   1 4927 2954 ...  781 7042 3331]
 [   2 2192 8784 ... 7586 2815 6336]
 ...
 [9997  292 2773 ... 9395 4534 1113]
 [9998 3121 8639 ... 9996 7400 9456]
 [9999 7588 9815 ... 9937  764 2743]]
Scaled residual std at t=110: [3.12193181 2.25161214 2.23446329]
start_idx is 0; end_idx is 10000
this is 0 times / overall 2000 times
this is 100 times / overall 2000 times
this is 200 times / overall 2000 times
this is 300 times / overall 2000 times
this is 400 times / overall 2000 times
this is 500 times / overall 2000 times
this is 600 times / overall 2000 times
this is 700 times / overall 2000 times
this is 800 times / overall 2000 times
this is 900 times / overall 2000 times
this is 1000 times / overall 2000 times
this is 1100 times / overall 2000 times
this is 1200 times / overall 2000 times
this is 1300 times / overall 2000 times
this is 1400 times / overall 2000 times
this is 1500 times / overall 2000 times
this is 1600 times / overall 2000 times
this is 1700 times / overall 2000 times
this is 1800 times / overall 2000 times
this is 1900 times / overall 2000 times
this is 12 times which has already done.
----------------------------------------------------------------------------------------------------
this is 13 times / overall 101 times (time step 120, t=1.20s)
1.591224126779809 1.129562413009923 1.117158104115089
----------------------------------------------------------------------------------------------------
find index iteration: 0 10000
short indx is [[   0 1039 7779 ... 4204 8059 8305]
 [   1 9851 7695 ... 5533 4374 4772]
 [   2 4330 1096 ... 6245 5820  707]
 ...
 [9997 2053 8896 ... 6898 9208  742]
 [9998 5822 4429 ... 8914 9355 3186]
 [9999 6532 6334 ... 4410 6048 2595]]
Scaled residual std at t=120: [3.18244825 2.25912483 2.23431621]
start_idx is 0; end_idx is 10000
this is 0 times / overall 2000 times
this is 100 times / overall 2000 times
this is 200 times / overall 2000 times
this is 300 times / overall 2000 times
this is 400 times / overall 2000 times
this is 500 times / overall 2000 times
this is 600 times / overall 2000 times
this is 700 times / overall 2000 times
this is 800 times / overall 2000 times
this is 900 times / overall 2000 times
this is 1000 times / overall 2000 times
this is 1100 times / overall 2000 times
this is 1200 times / overall 2000 times
this is 1300 times / overall 2000 times
this is 1400 times / overall 2000 times
this is 1500 times / overall 2000 times
this is 1600 times / overall 2000 times
this is 1700 times / overall 2000 times
this is 1800 times / overall 2000 times
this is 1900 times / overall 2000 times
this is 13 times which has already done.
----------------------------------------------------------------------------------------------------
this is 14 times / overall 101 times (time step 130, t=1.30s)
1.5997884386799939 1.11812149465077 1.1146362890731139
----------------------------------------------------------------------------------------------------
find index iteration: 0 10000
short indx is [[   0 9187 6600 ... 1505 6412 8205]
 [   1 9330 5335 ... 8350 5339 2934]
 [   2 8221   10 ... 7646 6495 4377]
 ...
 [9997 6427 2621 ... 8251  948 8526]
 [9998 5320 2285 ... 6876 5441 1125]
 [9999 8913 8703 ... 6713  866 1596]]
Scaled residual std at t=130: [3.19957688 2.23624299 2.22927258]
start_idx is 0; end_idx is 10000
this is 0 times / overall 2000 times
this is 100 times / overall 2000 times
this is 200 times / overall 2000 times
this is 300 times / overall 2000 times
this is 400 times / overall 2000 times
this is 500 times / overall 2000 times
this is 600 times / overall 2000 times
this is 700 times / overall 2000 times
this is 800 times / overall 2000 times
this is 900 times / overall 2000 times
this is 1000 times / overall 2000 times
this is 1100 times / overall 2000 times
this is 1200 times / overall 2000 times
this is 1300 times / overall 2000 times
this is 1400 times / overall 2000 times
this is 1500 times / overall 2000 times
this is 1600 times / overall 2000 times
this is 1700 times / overall 2000 times
this is 1800 times / overall 2000 times
this is 1900 times / overall 2000 times
this is 14 times which has already done.
----------------------------------------------------------------------------------------------------
this is 15 times / overall 101 times (time step 140, t=1.40s)
1.5774508345105414 1.1211762251453998 1.1143465290127184
----------------------------------------------------------------------------------------------------
find index iteration: 0 10000
short indx is [[   0 6699 7714 ... 3136 1007 9058]
 [   1 2490 5559 ... 5540 5099 2717]
 [   2 5774 4229 ... 4552 2865  917]
 ...
 [9997 1804  886 ... 9600 5819 6607]
 [9998 1676 6490 ... 5020 8423   16]
 [9999 6078 9339 ... 2262 8059 1242]]
Scaled residual std at t=140: [3.15490167 2.24235245 2.22869306]
start_idx is 0; end_idx is 10000
this is 0 times / overall 2000 times
this is 100 times / overall 2000 times
this is 200 times / overall 2000 times
this is 300 times / overall 2000 times
this is 400 times / overall 2000 times
this is 500 times / overall 2000 times
this is 600 times / overall 2000 times
this is 700 times / overall 2000 times
this is 800 times / overall 2000 times
this is 900 times / overall 2000 times
this is 1000 times / overall 2000 times
this is 1100 times / overall 2000 times
this is 1200 times / overall 2000 times
this is 1300 times / overall 2000 times
this is 1400 times / overall 2000 times
this is 1500 times / overall 2000 times
this is 1600 times / overall 2000 times
this is 1700 times / overall 2000 times
this is 1800 times / overall 2000 times
this is 1900 times / overall 2000 times
this is 15 times which has already done.
----------------------------------------------------------------------------------------------------
this is 16 times / overall 101 times (time step 150, t=1.50s)
1.5762567489588797 1.1133000872685337 1.112041078760219
----------------------------------------------------------------------------------------------------
find index iteration: 0 10000
short indx is [[   0 6439 5831 ... 6034 4638 4622]
 [   1 5464 8817 ... 1932 4442 6505]
 [   2   97   10 ... 8895 6588 3984]
 ...
 [9997 9042 4758 ... 4780 5127  435]
 [9998 4845 1968 ... 1164  262 2377]
 [9999 2869 8587 ... 1900  391  526]]
Scaled residual std at t=150: [3.1525135  2.22660017 2.22408216]
start_idx is 0; end_idx is 10000
this is 0 times / overall 2000 times
this is 100 times / overall 2000 times
this is 200 times / overall 2000 times
this is 300 times / overall 2000 times
this is 400 times / overall 2000 times
this is 500 times / overall 2000 times
this is 600 times / overall 2000 times
this is 700 times / overall 2000 times
this is 800 times / overall 2000 times
this is 900 times / overall 2000 times
this is 1000 times / overall 2000 times
this is 1100 times / overall 2000 times
this is 1200 times / overall 2000 times
this is 1300 times / overall 2000 times
this is 1400 times / overall 2000 times
this is 1500 times / overall 2000 times
this is 1600 times / overall 2000 times
this is 1700 times / overall 2000 times
this is 1800 times / overall 2000 times
this is 1900 times / overall 2000 times
this is 16 times which has already done.
----------------------------------------------------------------------------------------------------
this is 17 times / overall 101 times (time step 160, t=1.60s)
1.5824378008691413 1.10692243747309 1.122821108328932
----------------------------------------------------------------------------------------------------
find index iteration: 0 10000
short indx is [[   0 3083 8873 ...  464 3695 3216]
 [   1 9367  294 ... 1013 5817 8319]
 [   2  435 5542 ... 9770 2299 9442]
 ...
 [9997 3992 5132 ... 2761 5185 1302]
 [9998 4905 2657 ... 7557 1804 6106]
 [9999 6370 5736 ... 1599 5534 5210]]
Scaled residual std at t=160: [3.1648756  2.21384487 2.24564222]
start_idx is 0; end_idx is 10000
this is 0 times / overall 2000 times
this is 100 times / overall 2000 times
this is 200 times / overall 2000 times
this is 300 times / overall 2000 times
this is 400 times / overall 2000 times
this is 500 times / overall 2000 times
this is 600 times / overall 2000 times
this is 700 times / overall 2000 times
this is 800 times / overall 2000 times
this is 900 times / overall 2000 times
this is 1000 times / overall 2000 times
this is 1100 times / overall 2000 times
this is 1200 times / overall 2000 times
this is 1300 times / overall 2000 times
this is 1400 times / overall 2000 times
this is 1500 times / overall 2000 times
this is 1600 times / overall 2000 times
this is 1700 times / overall 2000 times
this is 1800 times / overall 2000 times
this is 1900 times / overall 2000 times
this is 17 times which has already done.
----------------------------------------------------------------------------------------------------
this is 18 times / overall 101 times (time step 170, t=1.70s)
1.6029879240387814 1.1264904583753128 1.1107212858418694
----------------------------------------------------------------------------------------------------
find index iteration: 0 10000
short indx is [[   0 6024 7341 ... 3017 2890 4839]
 [   1  399 5760 ... 5068 6980  758]
 [   2 8709  373 ... 5497 4274 3930]
 ...
 [9997 5341 5676 ... 5503 6439 6894]
 [9998 7405 6943 ... 6951 3511 6472]
 [9999 6370  432 ... 7945 3832 8579]]
Scaled residual std at t=170: [3.20597585 2.25298092 2.22144257]
start_idx is 0; end_idx is 10000
this is 0 times / overall 2000 times
this is 100 times / overall 2000 times
this is 200 times / overall 2000 times
this is 300 times / overall 2000 times
this is 400 times / overall 2000 times
this is 500 times / overall 2000 times
this is 600 times / overall 2000 times
this is 700 times / overall 2000 times
this is 800 times / overall 2000 times
this is 900 times / overall 2000 times
this is 1000 times / overall 2000 times
this is 1100 times / overall 2000 times
this is 1200 times / overall 2000 times
this is 1300 times / overall 2000 times
this is 1400 times / overall 2000 times
this is 1500 times / overall 2000 times
this is 1600 times / overall 2000 times
this is 1700 times / overall 2000 times
this is 1800 times / overall 2000 times
this is 1900 times / overall 2000 times
this is 18 times which has already done.
----------------------------------------------------------------------------------------------------
this is 19 times / overall 101 times (time step 180, t=1.80s)
1.5807750474637816 1.1220007187254597 1.1358633842502677
----------------------------------------------------------------------------------------------------
find index iteration: 0 10000
short indx is [[   0 5353 8482 ... 9685 8040 7363]
 [   1 2070 7897 ... 5974 6797 7533]
 [   2 4203 2550 ... 1757 3024 1086]
 ...
 [9997   87 2493 ... 7330 4947 7914]
 [9998 3070  257 ... 5933 3093 8271]
 [9999 9912 9215 ...  792  891 4769]]
Scaled residual std at t=180: [3.16155009 2.24400144 2.27172677]
start_idx is 0; end_idx is 10000
this is 0 times / overall 2000 times
this is 100 times / overall 2000 times
this is 200 times / overall 2000 times
this is 300 times / overall 2000 times
this is 400 times / overall 2000 times
this is 500 times / overall 2000 times
this is 600 times / overall 2000 times
this is 700 times / overall 2000 times
this is 800 times / overall 2000 times
this is 900 times / overall 2000 times
this is 1000 times / overall 2000 times
this is 1100 times / overall 2000 times
this is 1200 times / overall 2000 times
this is 1300 times / overall 2000 times
this is 1400 times / overall 2000 times
this is 1500 times / overall 2000 times
this is 1600 times / overall 2000 times
this is 1700 times / overall 2000 times
this is 1800 times / overall 2000 times
this is 1900 times / overall 2000 times
this is 19 times which has already done.
----------------------------------------------------------------------------------------------------
this is 20 times / overall 101 times (time step 190, t=1.90s)
1.5831659831734772 1.1097042470271752 1.1186169890361821
----------------------------------------------------------------------------------------------------
find index iteration: 0 10000
short indx is [[   0 9997 2551 ... 4069 9693 6583]
 [   1 7492 9705 ... 7877 6121  331]
 [   2 4203 3376 ... 7267 5355 4247]
 ...
 [9997    0 1782 ... 6600 5760 3250]
 [9998 3301 1272 ...  459 6335 1083]
 [9999 8300 1609 ... 8588 3786 5171]]
Scaled residual std at t=190: [3.16633197 2.21940849 2.23723398]
start_idx is 0; end_idx is 10000
this is 0 times / overall 2000 times
this is 100 times / overall 2000 times
this is 200 times / overall 2000 times
this is 300 times / overall 2000 times
this is 400 times / overall 2000 times
this is 500 times / overall 2000 times
this is 600 times / overall 2000 times
this is 700 times / overall 2000 times
this is 800 times / overall 2000 times
this is 900 times / overall 2000 times
this is 1000 times / overall 2000 times
this is 1100 times / overall 2000 times
this is 1200 times / overall 2000 times
this is 1300 times / overall 2000 times
this is 1400 times / overall 2000 times
this is 1500 times / overall 2000 times
this is 1600 times / overall 2000 times
this is 1700 times / overall 2000 times
this is 1800 times / overall 2000 times
this is 1900 times / overall 2000 times
this is 20 times which has already done.
----------------------------------------------------------------------------------------------------
this is 21 times / overall 101 times (time step 200, t=2.00s)
1.5771687557263903 1.1117835297361554 1.11808442094886
----------------------------------------------------------------------------------------------------
find index iteration: 0 10000
short indx is [[   0 3904 2832 ... 3916 9318 1884]
 [   1 4749  477 ... 7449 2326 7707]
 [   2 8709 3895 ... 7218 9971 3572]
 ...
 [9997 4467 4634 ... 5289 9946 3014]
 [9998 8508 6524 ... 7924 5468  255]
 [9999 3077 4175 ... 4980 6111 2065]]
Scaled residual std at t=200: [3.15433751 2.22356706 2.23616884]
start_idx is 0; end_idx is 10000
this is 0 times / overall 2000 times
this is 100 times / overall 2000 times
this is 200 times / overall 2000 times
this is 300 times / overall 2000 times
this is 400 times / overall 2000 times
this is 500 times / overall 2000 times
this is 600 times / overall 2000 times
this is 700 times / overall 2000 times
this is 800 times / overall 2000 times
this is 900 times / overall 2000 times
this is 1000 times / overall 2000 times
this is 1100 times / overall 2000 times
this is 1200 times / overall 2000 times
this is 1300 times / overall 2000 times
this is 1400 times / overall 2000 times
this is 1500 times / overall 2000 times
this is 1600 times / overall 2000 times
this is 1700 times / overall 2000 times
this is 1800 times / overall 2000 times
this is 1900 times / overall 2000 times
this is 21 times which has already done.
----------------------------------------------------------------------------------------------------
this is 22 times / overall 101 times (time step 210, t=2.10s)
1.570671940043639 1.1226160100896343 1.1102764802395844
----------------------------------------------------------------------------------------------------
find index iteration: 0 10000
short indx is [[   0 5617 2077 ... 2836 2996 9768]
 [   1 5620 2757 ... 1273  581 6695]
 [   2 6732 3400 ... 2440 3585 8547]
 ...
 [9997 3292 6608 ... 2976 3704 8322]
 [9998 6430 2482 ... 4250 1799 2778]
 [9999  199 3642 ... 7173 9223 6755]]
Scaled residual std at t=210: [3.14134388 2.24523202 2.22055296]
start_idx is 0; end_idx is 10000
this is 0 times / overall 2000 times
this is 100 times / overall 2000 times
this is 200 times / overall 2000 times
this is 300 times / overall 2000 times
this is 400 times / overall 2000 times
this is 500 times / overall 2000 times
this is 600 times / overall 2000 times
this is 700 times / overall 2000 times
this is 800 times / overall 2000 times
this is 900 times / overall 2000 times
this is 1000 times / overall 2000 times
this is 1100 times / overall 2000 times
this is 1200 times / overall 2000 times
this is 1300 times / overall 2000 times
this is 1400 times / overall 2000 times
this is 1500 times / overall 2000 times
this is 1600 times / overall 2000 times
this is 1700 times / overall 2000 times
this is 1800 times / overall 2000 times
this is 1900 times / overall 2000 times
this is 22 times which has already done.
----------------------------------------------------------------------------------------------------
this is 23 times / overall 101 times (time step 220, t=2.20s)
1.574865053251166 1.130749156038051 1.1154042995487174
----------------------------------------------------------------------------------------------------
find index iteration: 0 10000
short indx is [[   0 9234 5176 ... 5145 5902 3680]
 [   1 8345 8128 ... 1678 2765 8213]
 [   2 6632 8251 ... 1995 5928 5835]
 ...
 [9997 2273 7733 ... 6658 3689 5238]
 [9998 4324 2104 ... 5845 8778 7932]
 [9999 3077 1048 ... 6602 1859 9452]]
Scaled residual std at t=220: [3.14973011 2.26149831 2.2308086 ]
start_idx is 0; end_idx is 10000
this is 0 times / overall 2000 times
this is 100 times / overall 2000 times
this is 200 times / overall 2000 times
this is 300 times / overall 2000 times
this is 400 times / overall 2000 times
this is 500 times / overall 2000 times
this is 600 times / overall 2000 times
this is 700 times / overall 2000 times
this is 800 times / overall 2000 times
this is 900 times / overall 2000 times
this is 1000 times / overall 2000 times
this is 1100 times / overall 2000 times
this is 1200 times / overall 2000 times
this is 1300 times / overall 2000 times
this is 1400 times / overall 2000 times
this is 1500 times / overall 2000 times
this is 1600 times / overall 2000 times
this is 1700 times / overall 2000 times
this is 1800 times / overall 2000 times
this is 1900 times / overall 2000 times
this is 23 times which has already done.
----------------------------------------------------------------------------------------------------
this is 24 times / overall 101 times (time step 230, t=2.30s)
1.5696724401237987 1.1106291701810163 1.1196541715095254
----------------------------------------------------------------------------------------------------
find index iteration: 0 10000
short indx is [[   0  613 3208 ... 4054 8081 2832]
 [   1  699 7524 ... 5021  705 6168]
 [   2 3284 3072 ...  295 6628 5242]
 ...
 [9997 7067 3234 ... 5668 4633 5724]
 [9998 6434 7797 ... 6141  579 6440]
 [9999 7928  884 ...  614 2638 4855]]
Scaled residual std at t=230: [3.13934488 2.22125834 2.23930834]
start_idx is 0; end_idx is 10000
this is 0 times / overall 2000 times
this is 100 times / overall 2000 times
this is 200 times / overall 2000 times
this is 300 times / overall 2000 times
this is 400 times / overall 2000 times
this is 500 times / overall 2000 times
this is 600 times / overall 2000 times
this is 700 times / overall 2000 times
this is 800 times / overall 2000 times
this is 900 times / overall 2000 times
this is 1000 times / overall 2000 times
this is 1100 times / overall 2000 times
this is 1200 times / overall 2000 times
this is 1300 times / overall 2000 times
this is 1400 times / overall 2000 times
this is 1500 times / overall 2000 times
this is 1600 times / overall 2000 times
this is 1700 times / overall 2000 times
this is 1800 times / overall 2000 times
this is 1900 times / overall 2000 times
this is 24 times which has already done.
----------------------------------------------------------------------------------------------------
this is 25 times / overall 101 times (time step 240, t=2.40s)
1.5849111905064963 1.1155463691025111 1.1202577382515342
----------------------------------------------------------------------------------------------------
find index iteration: 0 10000
short indx is [[   0 7396 5610 ... 9002  917 9179]
 [   1 4272 9630 ... 1344 3469 9159]
 [   2 9520 5804 ... 4426 6926 3282]
 ...
 [9997 1499 8727 ... 3288 1898 4038]
 [9998 4574 6899 ... 5108 2798 8919]
 [9999 9933 8118 ...  220 9195  461]]
Scaled residual std at t=240: [3.16982238 2.23109274 2.24051548]
start_idx is 0; end_idx is 10000
this is 0 times / overall 2000 times
this is 100 times / overall 2000 times
this is 200 times / overall 2000 times
this is 300 times / overall 2000 times
this is 400 times / overall 2000 times
this is 500 times / overall 2000 times
this is 600 times / overall 2000 times
this is 700 times / overall 2000 times
this is 800 times / overall 2000 times
this is 900 times / overall 2000 times
this is 1000 times / overall 2000 times
this is 1100 times / overall 2000 times
this is 1200 times / overall 2000 times
this is 1300 times / overall 2000 times
this is 1400 times / overall 2000 times
this is 1500 times / overall 2000 times
this is 1600 times / overall 2000 times
this is 1700 times / overall 2000 times
this is 1800 times / overall 2000 times
this is 1900 times / overall 2000 times
this is 25 times which has already done.
----------------------------------------------------------------------------------------------------
this is 26 times / overall 101 times (time step 250, t=2.50s)
1.594202091591617 1.1215080640768533 1.1197672848263591
----------------------------------------------------------------------------------------------------
find index iteration: 0 10000
short indx is [[   0 4053 5778 ... 7570 4275 6981]
 [   1 7014 2796 ... 1919 8626 2799]
 [   2 6377 8296 ... 6365 2118 7543]
 ...
 [9997 7542 3171 ... 2519  717 1398]
 [9998 4558 4890 ... 8149 3301 8693]
 [9999 9643 4854 ... 4448 7079 3530]]
Scaled residual std at t=250: [3.18840418 2.24301613 2.23953457]
start_idx is 0; end_idx is 10000
this is 0 times / overall 2000 times
this is 100 times / overall 2000 times
this is 200 times / overall 2000 times
this is 300 times / overall 2000 times
this is 400 times / overall 2000 times
this is 500 times / overall 2000 times
this is 600 times / overall 2000 times
this is 700 times / overall 2000 times
this is 800 times / overall 2000 times
this is 900 times / overall 2000 times
this is 1000 times / overall 2000 times
this is 1100 times / overall 2000 times
this is 1200 times / overall 2000 times
this is 1300 times / overall 2000 times
this is 1400 times / overall 2000 times
this is 1500 times / overall 2000 times
this is 1600 times / overall 2000 times
this is 1700 times / overall 2000 times
this is 1800 times / overall 2000 times
this is 1900 times / overall 2000 times
this is 26 times which has already done.
----------------------------------------------------------------------------------------------------
this is 27 times / overall 101 times (time step 260, t=2.60s)
1.568126924977943 1.1083600099662625 1.1330341039107963
----------------------------------------------------------------------------------------------------
find index iteration: 0 10000
short indx is [[   0 9946 4922 ... 2278 8642 4340]
 [   1 1830 2796 ... 4155 1875 3453]
 [   2 2070 1200 ...  869 4630 5121]
 ...
 [9997 3766 8849 ... 1911 7078 2003]
 [9998 2587 4020 ... 9916 5214 5286]
 [9999 7751 9032 ... 3030 1618  632]]
Scaled residual std at t=260: [3.13625385 2.21672002 2.26606821]
start_idx is 0; end_idx is 10000
this is 0 times / overall 2000 times
this is 100 times / overall 2000 times
this is 200 times / overall 2000 times
this is 300 times / overall 2000 times
this is 400 times / overall 2000 times
this is 500 times / overall 2000 times
this is 600 times / overall 2000 times
this is 700 times / overall 2000 times
this is 800 times / overall 2000 times
this is 900 times / overall 2000 times
this is 1000 times / overall 2000 times
this is 1100 times / overall 2000 times
this is 1200 times / overall 2000 times
this is 1300 times / overall 2000 times
this is 1400 times / overall 2000 times
this is 1500 times / overall 2000 times
this is 1600 times / overall 2000 times
this is 1700 times / overall 2000 times
this is 1800 times / overall 2000 times
this is 1900 times / overall 2000 times
this is 27 times which has already done.
----------------------------------------------------------------------------------------------------
this is 28 times / overall 101 times (time step 270, t=2.70s)
1.5804054157362653 1.126599018961766 1.1190305706230934
----------------------------------------------------------------------------------------------------
find index iteration: 0 10000
short indx is [[   0 9064 3481 ... 1370 4231 8949]
 [   1 9435 7675 ... 4584 4675 3835]
 [   2 3299 4351 ... 3284 1208 7838]
 ...
 [9997 3234 6080 ... 1529 1697 6919]
 [9998 7159 1573 ... 9170 1313 3063]
 [9999   89 5406 ... 7239 3873 2708]]
Scaled residual std at t=270: [3.16081083 2.25319804 2.23806114]
start_idx is 0; end_idx is 10000
this is 0 times / overall 2000 times
this is 100 times / overall 2000 times
this is 200 times / overall 2000 times
this is 300 times / overall 2000 times
this is 400 times / overall 2000 times
this is 500 times / overall 2000 times
this is 600 times / overall 2000 times
this is 700 times / overall 2000 times
this is 800 times / overall 2000 times
this is 900 times / overall 2000 times
this is 1000 times / overall 2000 times
this is 1100 times / overall 2000 times
this is 1200 times / overall 2000 times
this is 1300 times / overall 2000 times
this is 1400 times / overall 2000 times
this is 1500 times / overall 2000 times
this is 1600 times / overall 2000 times
this is 1700 times / overall 2000 times
this is 1800 times / overall 2000 times
this is 1900 times / overall 2000 times
this is 28 times which has already done.
----------------------------------------------------------------------------------------------------
this is 29 times / overall 101 times (time step 280, t=2.80s)
1.57836654022539 1.1197233752390252 1.1274230198226398
----------------------------------------------------------------------------------------------------
find index iteration: 0 10000
short indx is [[   0 8052 8413 ... 2469 4351 5259]
 [   1 3752 8724 ... 5065 5075 5918]
 [   2 1142 4696 ... 2493 5750 6346]
 ...
 [9997 3250  129 ... 5849 6683 8855]
 [9998 1056 7754 ... 7831 5590 3109]
 [9999 6751 7953 ... 3227 6953 6037]]
Scaled residual std at t=280: [3.15673308 2.23944675 2.25484604]
start_idx is 0; end_idx is 10000
this is 0 times / overall 2000 times
this is 100 times / overall 2000 times
this is 200 times / overall 2000 times
this is 300 times / overall 2000 times
this is 400 times / overall 2000 times
this is 500 times / overall 2000 times
this is 600 times / overall 2000 times
this is 700 times / overall 2000 times
this is 800 times / overall 2000 times
this is 900 times / overall 2000 times
this is 1000 times / overall 2000 times
this is 1100 times / overall 2000 times
this is 1200 times / overall 2000 times
this is 1300 times / overall 2000 times
this is 1400 times / overall 2000 times
this is 1500 times / overall 2000 times
this is 1600 times / overall 2000 times
this is 1700 times / overall 2000 times
this is 1800 times / overall 2000 times
this is 1900 times / overall 2000 times
this is 29 times which has already done.
----------------------------------------------------------------------------------------------------
this is 30 times / overall 101 times (time step 290, t=2.90s)
1.5853727278794005 1.1301471605818416 1.1257331455164565
----------------------------------------------------------------------------------------------------
find index iteration: 0 10000
short indx is [[   0 5270 6171 ... 2150 1572 4132]
 [   1 6499 1952 ... 9541 9098 5493]
 [   2 4161 3676 ... 2931 2828 2639]
 ...
 [9997 3256 4071 ... 5771 3279 1924]
 [9998  249 3059 ... 4150 5058 5893]
 [9999 2335 7394 ... 5841 5019 4848]]
Scaled residual std at t=290: [3.17074546 2.26029432 2.25146629]
start_idx is 0; end_idx is 10000
this is 0 times / overall 2000 times
this is 100 times / overall 2000 times
this is 200 times / overall 2000 times
this is 300 times / overall 2000 times
this is 400 times / overall 2000 times
this is 500 times / overall 2000 times
this is 600 times / overall 2000 times
this is 700 times / overall 2000 times
this is 800 times / overall 2000 times
this is 900 times / overall 2000 times
this is 1000 times / overall 2000 times
this is 1100 times / overall 2000 times
this is 1200 times / overall 2000 times
this is 1300 times / overall 2000 times
this is 1400 times / overall 2000 times
this is 1500 times / overall 2000 times
this is 1600 times / overall 2000 times
this is 1700 times / overall 2000 times
this is 1800 times / overall 2000 times
this is 1900 times / overall 2000 times
this is 30 times which has already done.
----------------------------------------------------------------------------------------------------
this is 31 times / overall 101 times (time step 300, t=3.00s)
1.5689696549516265 1.119398762288168 1.1098080907938135
----------------------------------------------------------------------------------------------------
find index iteration: 0 10000
short indx is [[   0 2057 4551 ... 8213 4183 4074]
 [   1 4048 5158 ...  231 3214 1539]
 [   2 6383 8700 ... 6768 4774 4266]
 ...
 [9997   68 7444 ...  658 2349 3926]
 [9998 5314  176 ...  780 4344 2585]
 [9999 6986 2053 ... 4821 7585 6137]]
Scaled residual std at t=300: [3.13793931 2.23879752 2.21961618]
start_idx is 0; end_idx is 10000
this is 0 times / overall 2000 times
this is 100 times / overall 2000 times
this is 200 times / overall 2000 times
this is 300 times / overall 2000 times
this is 400 times / overall 2000 times
this is 500 times / overall 2000 times
this is 600 times / overall 2000 times
this is 700 times / overall 2000 times
this is 800 times / overall 2000 times
this is 900 times / overall 2000 times
this is 1000 times / overall 2000 times
this is 1100 times / overall 2000 times
this is 1200 times / overall 2000 times
this is 1300 times / overall 2000 times
this is 1400 times / overall 2000 times
this is 1500 times / overall 2000 times
this is 1600 times / overall 2000 times
this is 1700 times / overall 2000 times
this is 1800 times / overall 2000 times
this is 1900 times / overall 2000 times
this is 31 times which has already done.
----------------------------------------------------------------------------------------------------
this is 32 times / overall 101 times (time step 310, t=3.10s)
1.591006288269804 1.1295786878833165 1.1177312136555768
----------------------------------------------------------------------------------------------------
find index iteration: 0 10000
short indx is [[   0 9248 5443 ... 7662 6497 9874]
 [   1 3800 7881 ... 4830 6888 4171]
 [   2 8052 9571 ... 9932 8132 1621]
 ...
 [9997 4125 2169 ... 1959 9766 7329]
 [9998 6054 8442 ... 1652 2480  183]
 [9999  622 6675 ... 3333  963 6009]]
Scaled residual std at t=310: [3.18201258 2.25915738 2.23546243]
start_idx is 0; end_idx is 10000
this is 0 times / overall 2000 times
this is 100 times / overall 2000 times
this is 200 times / overall 2000 times
this is 300 times / overall 2000 times
this is 400 times / overall 2000 times
this is 500 times / overall 2000 times
this is 600 times / overall 2000 times
this is 700 times / overall 2000 times
this is 800 times / overall 2000 times
this is 900 times / overall 2000 times
this is 1000 times / overall 2000 times
this is 1100 times / overall 2000 times
this is 1200 times / overall 2000 times
this is 1300 times / overall 2000 times
this is 1400 times / overall 2000 times
this is 1500 times / overall 2000 times
this is 1600 times / overall 2000 times
this is 1700 times / overall 2000 times
this is 1800 times / overall 2000 times
this is 1900 times / overall 2000 times
this is 32 times which has already done.
----------------------------------------------------------------------------------------------------
this is 33 times / overall 101 times (time step 320, t=3.20s)
1.5757313426303792 1.1279289171611322 1.11881784721841
----------------------------------------------------------------------------------------------------
find index iteration: 0 10000
short indx is [[   0 7080 2123 ... 1349 2719 9655]
 [   1 6601 7882 ... 3743 1763 9696]
 [   2 9314 3676 ... 1528  265 4278]
 ...
 [9997 8083 5194 ... 6842 9884 7301]
 [9998 5795 2419 ... 1496 2019  493]
 [9999 9437  815 ... 9404 3235 5471]]
Scaled residual std at t=320: [3.15146269 2.25585783 2.23763569]
start_idx is 0; end_idx is 10000
this is 0 times / overall 2000 times
this is 100 times / overall 2000 times
this is 200 times / overall 2000 times
this is 300 times / overall 2000 times
this is 400 times / overall 2000 times
this is 500 times / overall 2000 times
this is 600 times / overall 2000 times
this is 700 times / overall 2000 times
this is 800 times / overall 2000 times
this is 900 times / overall 2000 times
this is 1000 times / overall 2000 times
this is 1100 times / overall 2000 times
this is 1200 times / overall 2000 times
this is 1300 times / overall 2000 times
this is 1400 times / overall 2000 times
this is 1500 times / overall 2000 times
this is 1600 times / overall 2000 times
this is 1700 times / overall 2000 times
this is 1800 times / overall 2000 times
this is 1900 times / overall 2000 times
this is 33 times which has already done.
----------------------------------------------------------------------------------------------------
this is 34 times / overall 101 times (time step 330, t=3.30s)
1.5793644525912787 1.1204680012738104 1.12223589637657
----------------------------------------------------------------------------------------------------
find index iteration: 0 10000
short indx is [[   0 4839 5910 ...  447  935 5540]
 [   1 9433 7940 ... 9763 2812 8122]
 [   2  872 8090 ... 8519 2690 2809]
 ...
 [9997 3494  858 ... 2855  272 1656]
 [9998  882 2797 ... 7458 9292 1255]
 [9999 7225 1188 ... 1503 3602 2136]]
Scaled residual std at t=330: [3.15872891 2.240936   2.24447179]
start_idx is 0; end_idx is 10000
this is 0 times / overall 2000 times
this is 100 times / overall 2000 times
this is 200 times / overall 2000 times
this is 300 times / overall 2000 times
this is 400 times / overall 2000 times
this is 500 times / overall 2000 times
this is 600 times / overall 2000 times
this is 700 times / overall 2000 times
this is 800 times / overall 2000 times
this is 900 times / overall 2000 times
this is 1000 times / overall 2000 times
this is 1100 times / overall 2000 times
this is 1200 times / overall 2000 times
this is 1300 times / overall 2000 times
this is 1400 times / overall 2000 times
this is 1500 times / overall 2000 times
this is 1600 times / overall 2000 times
this is 1700 times / overall 2000 times
this is 1800 times / overall 2000 times
this is 1900 times / overall 2000 times
this is 34 times which has already done.
----------------------------------------------------------------------------------------------------
this is 35 times / overall 101 times (time step 340, t=3.40s)
1.6002099937024166 1.1215462873118536 1.1302299905951352
----------------------------------------------------------------------------------------------------
find index iteration: 0 10000
short indx is [[   0 4403 4642 ... 2664 1456 6920]
 [   1 4678  357 ... 8779 5816 9396]
 [   2 1595 2181 ... 8072 9147 8000]
 ...
 [9997  780 7350 ... 7258 2277 4484]
 [9998 2229 8442 ... 2024 6934 8643]
 [9999   64 1180 ... 1020 7374 2804]]
Scaled residual std at t=340: [3.20041999 2.24309257 2.26045998]
start_idx is 0; end_idx is 10000
this is 0 times / overall 2000 times
this is 100 times / overall 2000 times
this is 200 times / overall 2000 times
this is 300 times / overall 2000 times
this is 400 times / overall 2000 times
this is 500 times / overall 2000 times
this is 600 times / overall 2000 times
this is 700 times / overall 2000 times
this is 800 times / overall 2000 times
this is 900 times / overall 2000 times
this is 1000 times / overall 2000 times
this is 1100 times / overall 2000 times
this is 1200 times / overall 2000 times
this is 1300 times / overall 2000 times
this is 1400 times / overall 2000 times
this is 1500 times / overall 2000 times
this is 1600 times / overall 2000 times
this is 1700 times / overall 2000 times
this is 1800 times / overall 2000 times
this is 1900 times / overall 2000 times
this is 35 times which has already done.
----------------------------------------------------------------------------------------------------
this is 36 times / overall 101 times (time step 350, t=3.50s)
1.5641239762775063 1.1308233234248148 1.1098522996787803
----------------------------------------------------------------------------------------------------
find index iteration: 0 10000
short indx is [[   0 2123 3738 ... 7344 6227 5517]
 [   1 4857 9801 ... 7588 3718 6450]
 [   2 1942 4100 ... 5370   15 4200]
 ...
 [9997 7353 2289 ... 7511 7115 9242]
 [9998 4158 1902 ... 5713 6470 2971]
 [9999 5671 6827 ... 5350 2305 4100]]
Scaled residual std at t=350: [3.12824795 2.26164665 2.2197046 ]
start_idx is 0; end_idx is 10000
this is 0 times / overall 2000 times
this is 100 times / overall 2000 times
this is 200 times / overall 2000 times
this is 300 times / overall 2000 times
this is 400 times / overall 2000 times
this is 500 times / overall 2000 times
this is 600 times / overall 2000 times
this is 700 times / overall 2000 times
this is 800 times / overall 2000 times
this is 900 times / overall 2000 times
this is 1000 times / overall 2000 times
this is 1100 times / overall 2000 times
this is 1200 times / overall 2000 times
this is 1300 times / overall 2000 times
this is 1400 times / overall 2000 times
this is 1500 times / overall 2000 times
this is 1600 times / overall 2000 times
this is 1700 times / overall 2000 times
this is 1800 times / overall 2000 times
this is 1900 times / overall 2000 times
this is 36 times which has already done.
----------------------------------------------------------------------------------------------------
this is 37 times / overall 101 times (time step 360, t=3.60s)
1.5779812369703656 1.116738789979065 1.1254860873151973
----------------------------------------------------------------------------------------------------
find index iteration: 0 10000
short indx is [[   0 3738 7111 ... 6990 4111 8294]
 [   1 1596 5740 ... 4351 4988 2449]
 [   2  748 2747 ... 1772 5974 8640]
 ...
 [9997 5062 6093 ... 9120 5309  714]
 [9998 1328   26 ... 2635 6816 4071]
 [9999 2212 3858 ... 5423 2039 1463]]
Scaled residual std at t=360: [3.15596247 2.23347758 2.25097217]
start_idx is 0; end_idx is 10000
this is 0 times / overall 2000 times
this is 100 times / overall 2000 times
this is 200 times / overall 2000 times
this is 300 times / overall 2000 times
this is 400 times / overall 2000 times
this is 500 times / overall 2000 times
this is 600 times / overall 2000 times
this is 700 times / overall 2000 times
this is 800 times / overall 2000 times
this is 900 times / overall 2000 times
this is 1000 times / overall 2000 times
this is 1100 times / overall 2000 times
this is 1200 times / overall 2000 times
this is 1300 times / overall 2000 times
this is 1400 times / overall 2000 times
this is 1500 times / overall 2000 times
this is 1600 times / overall 2000 times
this is 1700 times / overall 2000 times
this is 1800 times / overall 2000 times
this is 1900 times / overall 2000 times
this is 37 times which has already done.
----------------------------------------------------------------------------------------------------
this is 38 times / overall 101 times (time step 370, t=3.70s)
1.5896451500343118 1.1180970201679208 1.1108112016840035
----------------------------------------------------------------------------------------------------
find index iteration: 0 10000
short indx is [[   0 2151 1802 ... 7021 6288  664]
 [   1 4871 6695 ... 2824 3226 5861]
 [   2 6263 9575 ...  547 3729   65]
 ...
 [9997 6369 2756 ... 8490 4273 7391]
 [9998 6763 8744 ... 5539 9560 1388]
 [9999 9068 4977 ... 9122 7073 9222]]
Scaled residual std at t=370: [3.1792903  2.23619404 2.2216224 ]
start_idx is 0; end_idx is 10000
this is 0 times / overall 2000 times
this is 100 times / overall 2000 times
this is 200 times / overall 2000 times
this is 300 times / overall 2000 times
this is 400 times / overall 2000 times
this is 500 times / overall 2000 times
this is 600 times / overall 2000 times
this is 700 times / overall 2000 times
this is 800 times / overall 2000 times
this is 900 times / overall 2000 times
this is 1000 times / overall 2000 times
this is 1100 times / overall 2000 times
this is 1200 times / overall 2000 times
this is 1300 times / overall 2000 times
this is 1400 times / overall 2000 times
this is 1500 times / overall 2000 times
this is 1600 times / overall 2000 times
this is 1700 times / overall 2000 times
this is 1800 times / overall 2000 times
this is 1900 times / overall 2000 times
this is 38 times which has already done.
----------------------------------------------------------------------------------------------------
this is 39 times / overall 101 times (time step 380, t=3.80s)
1.5910133244545202 1.1163846267998767 1.1270451217328943
----------------------------------------------------------------------------------------------------
find index iteration: 0 10000
short indx is [[   0 3846 3257 ... 5697 7163 1049]
 [   1 8661 7178 ... 8589 9068 5166]
 [   2 1636  362 ... 1651 8031 2698]
 ...
 [9997 2536  531 ... 5314 3692 4152]
 [9998  175 1753 ... 5522 9735 7576]
 [9999 5563 4956 ... 3693 2856 6754]]
Scaled residual std at t=380: [3.18202665 2.23276925 2.25409024]
start_idx is 0; end_idx is 10000
this is 0 times / overall 2000 times
this is 100 times / overall 2000 times
this is 200 times / overall 2000 times
this is 300 times / overall 2000 times
this is 400 times / overall 2000 times
this is 500 times / overall 2000 times
this is 600 times / overall 2000 times
this is 700 times / overall 2000 times
this is 800 times / overall 2000 times
this is 900 times / overall 2000 times
this is 1000 times / overall 2000 times
this is 1100 times / overall 2000 times
this is 1200 times / overall 2000 times
this is 1300 times / overall 2000 times
this is 1400 times / overall 2000 times
this is 1500 times / overall 2000 times
this is 1600 times / overall 2000 times
this is 1700 times / overall 2000 times
this is 1800 times / overall 2000 times
this is 1900 times / overall 2000 times
this is 39 times which has already done.
----------------------------------------------------------------------------------------------------
this is 40 times / overall 101 times (time step 390, t=3.90s)
1.5863173929444458 1.1221275934258335 1.1062222595283155
----------------------------------------------------------------------------------------------------
find index iteration: 0 10000
short indx is [[   0 8153 1321 ... 5701 3508 9886]
 [   1 4284 3376 ... 1604 4554 8808]
 [   2 1677  664 ... 5064 4281 8492]
 ...
 [9997 5903 7444 ... 8816 3565 2346]
 [9998 3308 2102 ... 7489 6518 4238]
 [9999 7883 7224 ...  816 7949 9410]]
Scaled residual std at t=390: [3.17263479 2.24425519 2.21244452]
start_idx is 0; end_idx is 10000
this is 0 times / overall 2000 times
this is 100 times / overall 2000 times
this is 200 times / overall 2000 times
this is 300 times / overall 2000 times
this is 400 times / overall 2000 times
this is 500 times / overall 2000 times
this is 600 times / overall 2000 times
this is 700 times / overall 2000 times
this is 800 times / overall 2000 times
this is 900 times / overall 2000 times
this is 1000 times / overall 2000 times
this is 1100 times / overall 2000 times
this is 1200 times / overall 2000 times
this is 1300 times / overall 2000 times
this is 1400 times / overall 2000 times
this is 1500 times / overall 2000 times
this is 1600 times / overall 2000 times
this is 1700 times / overall 2000 times
this is 1800 times / overall 2000 times
this is 1900 times / overall 2000 times
this is 40 times which has already done.
----------------------------------------------------------------------------------------------------
this is 41 times / overall 101 times (time step 400, t=4.00s)
1.5806754697200602 1.1116307122302178 1.1123761728096748
----------------------------------------------------------------------------------------------------
find index iteration: 0 10000
short indx is [[   0   67 1237 ... 7130  700 8533]
 [   1 8499 6322 ... 3536 6673 9594]
 [   2 4477 5640 ... 1690 3782 4282]
 ...
 [9997 7042 5903 ... 5234 6649 5552]
 [9998 2592 4655 ...  309 1248 7756]
 [9999 8560 7572 ... 9144 2234 9759]]
Scaled residual std at t=400: [3.16135094 2.22326142 2.22475235]
start_idx is 0; end_idx is 10000
this is 0 times / overall 2000 times
this is 100 times / overall 2000 times
this is 200 times / overall 2000 times
this is 300 times / overall 2000 times
this is 400 times / overall 2000 times
this is 500 times / overall 2000 times
this is 600 times / overall 2000 times
this is 700 times / overall 2000 times
this is 800 times / overall 2000 times
this is 900 times / overall 2000 times
this is 1000 times / overall 2000 times
this is 1100 times / overall 2000 times
this is 1200 times / overall 2000 times
this is 1300 times / overall 2000 times
this is 1400 times / overall 2000 times
this is 1500 times / overall 2000 times
this is 1600 times / overall 2000 times
this is 1700 times / overall 2000 times
this is 1800 times / overall 2000 times
this is 1900 times / overall 2000 times
this is 41 times which has already done.
----------------------------------------------------------------------------------------------------
this is 42 times / overall 101 times (time step 410, t=4.10s)
1.5766989523671175 1.1137074682348114 1.1223499942397674
----------------------------------------------------------------------------------------------------
find index iteration: 0 10000
short indx is [[   0 5177 9037 ... 4371 1600 6654]
 [   1 1875 7200 ... 2633 3757 8286]
 [   2 2154 1412 ... 7060 4552   48]
 ...
 [9997 4220 5903 ... 1855 3593 4072]
 [9998 2519 3277 ... 6468 9117    7]
 [9999 8725 9299 ... 6499  535 6838]]
Scaled residual std at t=410: [3.1533979  2.22741494 2.24469999]
start_idx is 0; end_idx is 10000
this is 0 times / overall 2000 times
this is 100 times / overall 2000 times
this is 200 times / overall 2000 times
this is 300 times / overall 2000 times
this is 400 times / overall 2000 times
this is 500 times / overall 2000 times
this is 600 times / overall 2000 times
this is 700 times / overall 2000 times
this is 800 times / overall 2000 times
this is 900 times / overall 2000 times
this is 1000 times / overall 2000 times
this is 1100 times / overall 2000 times
this is 1200 times / overall 2000 times
this is 1300 times / overall 2000 times
this is 1400 times / overall 2000 times
this is 1500 times / overall 2000 times
this is 1600 times / overall 2000 times
this is 1700 times / overall 2000 times
this is 1800 times / overall 2000 times
this is 1900 times / overall 2000 times
this is 42 times which has already done.
----------------------------------------------------------------------------------------------------
this is 43 times / overall 101 times (time step 420, t=4.20s)
1.5807132703112154 1.1373364599452918 1.1192903976329893
----------------------------------------------------------------------------------------------------
find index iteration: 0 10000
short indx is [[   0 3849 3937 ... 3606 8465 1458]
 [   1 4246 7178 ... 4219 3987 5264]
 [   2 8181 7803 ... 1317 9823 5060]
 ...
 [9997 5616 4780 ... 3476 2616 7481]
 [9998 7415 9707 ... 2329 4750 5767]
 [9999 8186 7883 ... 5358 1480 2479]]
Scaled residual std at t=420: [3.16142654 2.27467292 2.2385808 ]
start_idx is 0; end_idx is 10000
this is 0 times / overall 2000 times
this is 100 times / overall 2000 times
this is 200 times / overall 2000 times
this is 300 times / overall 2000 times
this is 400 times / overall 2000 times
this is 500 times / overall 2000 times
this is 600 times / overall 2000 times
this is 700 times / overall 2000 times
this is 800 times / overall 2000 times
this is 900 times / overall 2000 times
this is 1000 times / overall 2000 times
this is 1100 times / overall 2000 times
this is 1200 times / overall 2000 times
this is 1300 times / overall 2000 times
this is 1400 times / overall 2000 times
this is 1500 times / overall 2000 times
this is 1600 times / overall 2000 times
this is 1700 times / overall 2000 times
this is 1800 times / overall 2000 times
this is 1900 times / overall 2000 times
this is 43 times which has already done.
----------------------------------------------------------------------------------------------------
this is 44 times / overall 101 times (time step 430, t=4.30s)
1.589946426564444 1.1161281040156716 1.1370700552620234
----------------------------------------------------------------------------------------------------
find index iteration: 0 10000
short indx is [[   0 2812 1904 ... 4375 1435 2346]
 [   1 7679 8341 ... 5082 9463 4149]
 [   2  664 5214 ... 1967 2135 9374]
 ...
 [9997 5616 2168 ... 5205 7897 6475]
 [9998 6222 7415 ... 5767 3790 5562]
 [9999  474 5006 ...  896 9749 1215]]
Scaled residual std at t=430: [3.17989285 2.23225621 2.27414011]
start_idx is 0; end_idx is 10000
this is 0 times / overall 2000 times
this is 100 times / overall 2000 times
this is 200 times / overall 2000 times
this is 300 times / overall 2000 times
this is 400 times / overall 2000 times
this is 500 times / overall 2000 times
this is 600 times / overall 2000 times
this is 700 times / overall 2000 times
this is 800 times / overall 2000 times
this is 900 times / overall 2000 times
this is 1000 times / overall 2000 times
this is 1100 times / overall 2000 times
this is 1200 times / overall 2000 times
this is 1300 times / overall 2000 times
this is 1400 times / overall 2000 times
this is 1500 times / overall 2000 times
this is 1600 times / overall 2000 times
this is 1700 times / overall 2000 times
this is 1800 times / overall 2000 times
this is 1900 times / overall 2000 times
this is 44 times which has already done.
----------------------------------------------------------------------------------------------------
this is 45 times / overall 101 times (time step 440, t=4.40s)
1.5580974666755494 1.1192194582192747 1.1115252446770292
----------------------------------------------------------------------------------------------------
find index iteration: 0 10000
short indx is [[   0 5479 7016 ... 9322 9825 9131]
 [   1 5750 5273 ... 7940 4463 2598]
 [   2 5421 8925 ... 3011 1064 1624]
 ...
 [9997  138 6678 ...   93 9570 9915]
 [9998  185 3662 ... 4180  268 4424]
 [9999 9467 6563 ... 5127 7455 6705]]
Scaled residual std at t=440: [3.11619493 2.23843892 2.22305049]
start_idx is 0; end_idx is 10000
this is 0 times / overall 2000 times
this is 100 times / overall 2000 times
this is 200 times / overall 2000 times
this is 300 times / overall 2000 times
this is 400 times / overall 2000 times
this is 500 times / overall 2000 times
this is 600 times / overall 2000 times
this is 700 times / overall 2000 times
this is 800 times / overall 2000 times
this is 900 times / overall 2000 times
this is 1000 times / overall 2000 times
this is 1100 times / overall 2000 times
this is 1200 times / overall 2000 times
this is 1300 times / overall 2000 times
this is 1400 times / overall 2000 times
this is 1500 times / overall 2000 times
this is 1600 times / overall 2000 times
this is 1700 times / overall 2000 times
this is 1800 times / overall 2000 times
this is 1900 times / overall 2000 times
this is 45 times which has already done.
----------------------------------------------------------------------------------------------------
this is 46 times / overall 101 times (time step 450, t=4.50s)
1.5713856225154068 1.104461436998741 1.1158874829280694
----------------------------------------------------------------------------------------------------
find index iteration: 0 10000
short indx is [[   0 4113 2053 ... 8192 5885 2806]
 [   1 8721 1516 ... 9115 3618 4436]
 [   2 3324 1412 ... 6245 5468 4883]
 ...
 [9997 7353 8150 ... 8910 3465 4836]
 [9998 6238 8497 ... 5926 1645 8245]
 [9999 3771 1525 ...  863 7148 5659]]
Scaled residual std at t=450: [3.14277125 2.20892287 2.23177497]
start_idx is 0; end_idx is 10000
this is 0 times / overall 2000 times
this is 100 times / overall 2000 times
this is 200 times / overall 2000 times
this is 300 times / overall 2000 times
this is 400 times / overall 2000 times
this is 500 times / overall 2000 times
this is 600 times / overall 2000 times
this is 700 times / overall 2000 times
this is 800 times / overall 2000 times
this is 900 times / overall 2000 times
this is 1000 times / overall 2000 times
this is 1100 times / overall 2000 times
this is 1200 times / overall 2000 times
this is 1300 times / overall 2000 times
this is 1400 times / overall 2000 times
this is 1500 times / overall 2000 times
this is 1600 times / overall 2000 times
this is 1700 times / overall 2000 times
this is 1800 times / overall 2000 times
this is 1900 times / overall 2000 times
this is 46 times which has already done.
----------------------------------------------------------------------------------------------------
this is 47 times / overall 101 times (time step 460, t=4.60s)
1.573422626656128 1.105126879462413 1.1085214351811912
----------------------------------------------------------------------------------------------------
find index iteration: 0 10000
short indx is [[   0 8506 3187 ... 4231 2733 9579]
 [   1 9456 3442 ... 8945 4857 6116]
 [   2 9632 4067 ... 2388 6042 1198]
 ...
 [9997 3650 2764 ...  235 5596 3344]
 [9998 1388 8617 ... 6715 3638 7713]
 [9999 4296 1690 ...  629 4919 9230]]
Scaled residual std at t=460: [3.14684525 2.21025376 2.21704287]
start_idx is 0; end_idx is 10000
this is 0 times / overall 2000 times
this is 100 times / overall 2000 times
this is 200 times / overall 2000 times
this is 300 times / overall 2000 times
this is 400 times / overall 2000 times
this is 500 times / overall 2000 times
this is 600 times / overall 2000 times
this is 700 times / overall 2000 times
this is 800 times / overall 2000 times
this is 900 times / overall 2000 times
this is 1000 times / overall 2000 times
this is 1100 times / overall 2000 times
this is 1200 times / overall 2000 times
this is 1300 times / overall 2000 times
this is 1400 times / overall 2000 times
this is 1500 times / overall 2000 times
this is 1600 times / overall 2000 times
this is 1700 times / overall 2000 times
this is 1800 times / overall 2000 times
this is 1900 times / overall 2000 times
this is 47 times which has already done.
----------------------------------------------------------------------------------------------------
this is 48 times / overall 101 times (time step 470, t=4.70s)
1.5770638986960794 1.1148647648283359 1.109033908125678
----------------------------------------------------------------------------------------------------
find index iteration: 0 10000
short indx is [[   0 6726  110 ... 6646 9637 5615]
 [   1  383 7904 ... 9913 5138 9677]
 [   2  821 2590 ... 4939 9111 5603]
 ...
 [9997   57 4196 ... 7942 5808  972]
 [9998 6701 4971 ... 4370 9343  855]
 [9999 6176 6740 ... 1472 7309  447]]
Scaled residual std at t=470: [3.1541278  2.22972953 2.21806782]
start_idx is 0; end_idx is 10000
this is 0 times / overall 2000 times
this is 100 times / overall 2000 times
this is 200 times / overall 2000 times
this is 300 times / overall 2000 times
this is 400 times / overall 2000 times
this is 500 times / overall 2000 times
this is 600 times / overall 2000 times
this is 700 times / overall 2000 times
this is 800 times / overall 2000 times
this is 900 times / overall 2000 times
this is 1000 times / overall 2000 times
this is 1100 times / overall 2000 times
this is 1200 times / overall 2000 times
this is 1300 times / overall 2000 times
this is 1400 times / overall 2000 times
this is 1500 times / overall 2000 times
this is 1600 times / overall 2000 times
this is 1700 times / overall 2000 times
this is 1800 times / overall 2000 times
this is 1900 times / overall 2000 times
this is 48 times which has already done.
----------------------------------------------------------------------------------------------------
this is 49 times / overall 101 times (time step 480, t=4.80s)
1.5847901340119492 1.1236789701829182 1.1177823429342637
----------------------------------------------------------------------------------------------------
find index iteration: 0 10000
short indx is [[   0 4977 7575 ... 9640 4185 8955]
 [   1 6169 2298 ... 1812 5831 4978]
 [   2 1349   87 ... 9252 7464 5612]
 ...
 [9997 2939 4220 ... 2291 6667 5071]
 [9998  105 1299 ... 9340 9034  253]
 [9999 1331 4970 ... 1073 9196  607]]
Scaled residual std at t=480: [3.16958027 2.24735794 2.23556469]
start_idx is 0; end_idx is 10000
this is 0 times / overall 2000 times
this is 100 times / overall 2000 times
this is 200 times / overall 2000 times
this is 300 times / overall 2000 times
this is 400 times / overall 2000 times
this is 500 times / overall 2000 times
this is 600 times / overall 2000 times
this is 700 times / overall 2000 times
this is 800 times / overall 2000 times
this is 900 times / overall 2000 times
this is 1000 times / overall 2000 times
this is 1100 times / overall 2000 times
this is 1200 times / overall 2000 times
this is 1300 times / overall 2000 times
this is 1400 times / overall 2000 times
this is 1500 times / overall 2000 times
this is 1600 times / overall 2000 times
this is 1700 times / overall 2000 times
this is 1800 times / overall 2000 times
this is 1900 times / overall 2000 times
this is 49 times which has already done.
----------------------------------------------------------------------------------------------------
this is 50 times / overall 101 times (time step 490, t=4.90s)
1.5594575441516112 1.1194855631137612 1.121058266936166
----------------------------------------------------------------------------------------------------
find index iteration: 0 10000
short indx is [[   0 6349 8730 ... 1690 3356 7272]
 [   1 7529 9674 ... 7165  560 1452]
 [   2 7179 9612 ... 1599 4072  396]
 ...
 [9997 9753 4220 ... 4137 5364 8151]
 [9998 5484 6979 ... 8319 9376 8245]
 [9999 1739  970 ... 6044 8723 3359]]
Scaled residual std at t=490: [3.11891509 2.23897113 2.24211653]
start_idx is 0; end_idx is 10000
this is 0 times / overall 2000 times
this is 100 times / overall 2000 times
this is 200 times / overall 2000 times
this is 300 times / overall 2000 times
this is 400 times / overall 2000 times
this is 500 times / overall 2000 times
this is 600 times / overall 2000 times
this is 700 times / overall 2000 times
this is 800 times / overall 2000 times
this is 900 times / overall 2000 times
this is 1000 times / overall 2000 times
this is 1100 times / overall 2000 times
this is 1200 times / overall 2000 times
this is 1300 times / overall 2000 times
this is 1400 times / overall 2000 times
this is 1500 times / overall 2000 times
this is 1600 times / overall 2000 times
this is 1700 times / overall 2000 times
this is 1800 times / overall 2000 times
this is 1900 times / overall 2000 times
this is 50 times which has already done.
----------------------------------------------------------------------------------------------------
this is 51 times / overall 101 times (time step 500, t=5.00s)
1.5820002706112064 1.107651187680034 1.1213999394550727
----------------------------------------------------------------------------------------------------
find index iteration: 0 10000
short indx is [[   0 9960 4558 ...  367 9994 3166]
 [   1 6830  369 ... 3134 7683 4790]
 [   2 8071  821 ... 4518 4432 7708]
 ...
 [9997 1032 9476 ... 1131 7119 5018]
 [9998 9707 1299 ... 2433 8092 2926]
 [9999 5467 8109 ... 3916 5209 9348]]
Scaled residual std at t=500: [3.16400054 2.21530238 2.24279988]
start_idx is 0; end_idx is 10000
this is 0 times / overall 2000 times
this is 100 times / overall 2000 times
this is 200 times / overall 2000 times
this is 300 times / overall 2000 times
this is 400 times / overall 2000 times
this is 500 times / overall 2000 times
this is 600 times / overall 2000 times
this is 700 times / overall 2000 times
this is 800 times / overall 2000 times
this is 900 times / overall 2000 times
this is 1000 times / overall 2000 times
this is 1100 times / overall 2000 times
this is 1200 times / overall 2000 times
this is 1300 times / overall 2000 times
this is 1400 times / overall 2000 times
this is 1500 times / overall 2000 times
this is 1600 times / overall 2000 times
this is 1700 times / overall 2000 times
this is 1800 times / overall 2000 times
this is 1900 times / overall 2000 times
this is 51 times which has already done.
----------------------------------------------------------------------------------------------------
this is 52 times / overall 101 times (time step 510, t=5.10s)
1.566182770588674 1.123383809051872 1.1277932018058818
----------------------------------------------------------------------------------------------------
find index iteration: 0 10000
short indx is [[   0 7231 9142 ... 7822 7342 9524]
 [   1 6436 2963 ... 8912  687 3252]
 [   2 3234 1359 ... 5293 5920 3716]
 ...
 [9997 5366 5548 ... 7093 8641 1601]
 [9998 9184 2547 ... 2349 1328 5305]
 [9999   65 3774 ... 3811 5030 1105]]
Scaled residual std at t=510: [3.13236554 2.24676762 2.2555864 ]
start_idx is 0; end_idx is 10000
this is 0 times / overall 2000 times
this is 100 times / overall 2000 times
this is 200 times / overall 2000 times
this is 300 times / overall 2000 times
this is 400 times / overall 2000 times
this is 500 times / overall 2000 times
this is 600 times / overall 2000 times
this is 700 times / overall 2000 times
this is 800 times / overall 2000 times
this is 900 times / overall 2000 times
this is 1000 times / overall 2000 times
this is 1100 times / overall 2000 times
this is 1200 times / overall 2000 times
this is 1300 times / overall 2000 times
this is 1400 times / overall 2000 times
this is 1500 times / overall 2000 times
this is 1600 times / overall 2000 times
this is 1700 times / overall 2000 times
this is 1800 times / overall 2000 times
this is 1900 times / overall 2000 times
this is 52 times which has already done.
----------------------------------------------------------------------------------------------------
this is 53 times / overall 101 times (time step 520, t=5.20s)
1.5897502103687968 1.12530278833819 1.130764235756232
----------------------------------------------------------------------------------------------------
find index iteration: 0 10000
short indx is [[   0 9448 4184 ... 2382  579 9781]
 [   1 6972 5084 ... 9032  827 1319]
 [   2 9756 5269 ... 7108 3653 3226]
 ...
 [9997 9043 5548 ... 9121 2632 1287]
 [9998 4052 1299 ... 8418 6561 1477]
 [9999 9513 7597 ... 7048 9349 1243]]
Scaled residual std at t=520: [3.17950042 2.25060558 2.26152847]
start_idx is 0; end_idx is 10000
this is 0 times / overall 2000 times
this is 100 times / overall 2000 times
this is 200 times / overall 2000 times
this is 300 times / overall 2000 times
this is 400 times / overall 2000 times
this is 500 times / overall 2000 times
this is 600 times / overall 2000 times
this is 700 times / overall 2000 times
this is 800 times / overall 2000 times
this is 900 times / overall 2000 times
this is 1000 times / overall 2000 times
this is 1100 times / overall 2000 times
this is 1200 times / overall 2000 times
this is 1300 times / overall 2000 times
this is 1400 times / overall 2000 times
this is 1500 times / overall 2000 times
this is 1600 times / overall 2000 times
this is 1700 times / overall 2000 times
this is 1800 times / overall 2000 times
this is 1900 times / overall 2000 times
this is 53 times which has already done.
----------------------------------------------------------------------------------------------------
this is 54 times / overall 101 times (time step 530, t=5.30s)
1.572528456458742 1.115170792958552 1.1115161642723137
----------------------------------------------------------------------------------------------------
find index iteration: 0 10000
short indx is [[   0 1131 9011 ... 7871  403 7683]
 [   1 4736 7031 ... 8401 2666 8290]
 [   2  306 4067 ... 9401 6702 5770]
 ...
 [9997 9043 1032 ... 8480 2906 6321]
 [9998 4052 8041 ... 6611 6145 3782]
 [9999 5610 9077 ... 5710 8578 3119]]
Scaled residual std at t=530: [3.14505691 2.23034159 2.22303233]
start_idx is 0; end_idx is 10000
this is 0 times / overall 2000 times
this is 100 times / overall 2000 times
this is 200 times / overall 2000 times
this is 300 times / overall 2000 times
this is 400 times / overall 2000 times
this is 500 times / overall 2000 times
this is 600 times / overall 2000 times
this is 700 times / overall 2000 times
this is 800 times / overall 2000 times
this is 900 times / overall 2000 times
this is 1000 times / overall 2000 times
this is 1100 times / overall 2000 times
this is 1200 times / overall 2000 times
this is 1300 times / overall 2000 times
this is 1400 times / overall 2000 times
this is 1500 times / overall 2000 times
this is 1600 times / overall 2000 times
this is 1700 times / overall 2000 times
this is 1800 times / overall 2000 times
this is 1900 times / overall 2000 times
this is 54 times which has already done.
----------------------------------------------------------------------------------------------------
this is 55 times / overall 101 times (time step 540, t=5.40s)
1.5695113941110483 1.1108250049785235 1.0964874880497095
----------------------------------------------------------------------------------------------------
find index iteration: 0 10000
short indx is [[   0 3889 8423 ... 7247 9048 1454]
 [   1 9103 5409 ... 9612 7375 5940]
 [   2 3764 9621 ... 2730 2562 2907]
 ...
 [9997 3267 2198 ...  222 5555 6281]
 [9998 5765 6093 ... 5340 9870 8112]
 [9999 5065 7494 ... 8153 8149 6039]]
Scaled residual std at t=540: [3.13902279 2.22165001 2.19297498]
start_idx is 0; end_idx is 10000
this is 0 times / overall 2000 times
this is 100 times / overall 2000 times
this is 200 times / overall 2000 times
this is 300 times / overall 2000 times
this is 400 times / overall 2000 times
this is 500 times / overall 2000 times
this is 600 times / overall 2000 times
this is 700 times / overall 2000 times
this is 800 times / overall 2000 times
this is 900 times / overall 2000 times
this is 1000 times / overall 2000 times
this is 1100 times / overall 2000 times
this is 1200 times / overall 2000 times
this is 1300 times / overall 2000 times
this is 1400 times / overall 2000 times
this is 1500 times / overall 2000 times
this is 1600 times / overall 2000 times
this is 1700 times / overall 2000 times
this is 1800 times / overall 2000 times
this is 1900 times / overall 2000 times
this is 55 times which has already done.
----------------------------------------------------------------------------------------------------
this is 56 times / overall 101 times (time step 550, t=5.50s)
1.5917765749785366 1.120797195136764 1.131737316895945
----------------------------------------------------------------------------------------------------
find index iteration: 0 10000
short indx is [[   0 7478 6940 ... 8794 2394 2651]
 [   1 2577 6838 ... 6672 9532 6615]
 [   2 9621 4036 ... 6510 1798 7527]
 ...
 [9997  477 3267 ... 5595 9905 7813]
 [9998  503 2277 ... 1700 6818 9564]
 [9999 1739  992 ... 2012 6003 5557]]
Scaled residual std at t=550: [3.18355315 2.24159439 2.26347463]
start_idx is 0; end_idx is 10000
this is 0 times / overall 2000 times
this is 100 times / overall 2000 times
this is 200 times / overall 2000 times
this is 300 times / overall 2000 times
this is 400 times / overall 2000 times
this is 500 times / overall 2000 times
this is 600 times / overall 2000 times
this is 700 times / overall 2000 times
this is 800 times / overall 2000 times
this is 900 times / overall 2000 times
this is 1000 times / overall 2000 times
this is 1100 times / overall 2000 times
this is 1200 times / overall 2000 times
this is 1300 times / overall 2000 times
this is 1400 times / overall 2000 times
this is 1500 times / overall 2000 times
this is 1600 times / overall 2000 times
this is 1700 times / overall 2000 times
this is 1800 times / overall 2000 times
this is 1900 times / overall 2000 times
this is 56 times which has already done.
----------------------------------------------------------------------------------------------------
this is 57 times / overall 101 times (time step 560, t=5.60s)
1.5828794714156003 1.121504534139334 1.1168760589802698
----------------------------------------------------------------------------------------------------
find index iteration: 0 10000
short indx is [[   0 9386  212 ... 6044 6825 5887]
 [   1 7363 9165 ... 7447 9625 4028]
 [   2 9569 2235 ... 9437 1147 7849]
 ...
 [9997 6626  136 ... 4903 5176 1866]
 [9998 9493 5194 ... 6061 5846 1432]
 [9999   62 6239 ... 1490 6036 2890]]
Scaled residual std at t=560: [3.16575894 2.24300907 2.23375212]
start_idx is 0; end_idx is 10000
this is 0 times / overall 2000 times
this is 100 times / overall 2000 times
this is 200 times / overall 2000 times
this is 300 times / overall 2000 times
this is 400 times / overall 2000 times
this is 500 times / overall 2000 times
this is 600 times / overall 2000 times
this is 700 times / overall 2000 times
this is 800 times / overall 2000 times
this is 900 times / overall 2000 times
this is 1000 times / overall 2000 times
this is 1100 times / overall 2000 times
this is 1200 times / overall 2000 times
this is 1300 times / overall 2000 times
this is 1400 times / overall 2000 times
this is 1500 times / overall 2000 times
this is 1600 times / overall 2000 times
this is 1700 times / overall 2000 times
this is 1800 times / overall 2000 times
this is 1900 times / overall 2000 times
this is 57 times which has already done.
----------------------------------------------------------------------------------------------------
this is 58 times / overall 101 times (time step 570, t=5.70s)
1.588414918349511 1.119335233358651 1.1098995484261065
----------------------------------------------------------------------------------------------------
find index iteration: 0 10000
short indx is [[   0 9427 7969 ... 9208 4921  965]
 [   1 7903 2311 ... 8886 7447  885]
 [   2 2235 1073 ... 2542 7059 8901]
 ...
 [9997 5384 5262 ... 6325  191 9913]
 [9998 4992 6113 ... 9242 2766 9108]
 [9999 9648 7723 ...  867 9319 7254]]
Scaled residual std at t=570: [3.17682984 2.23867047 2.2197991 ]
start_idx is 0; end_idx is 10000
this is 0 times / overall 2000 times
this is 100 times / overall 2000 times
this is 200 times / overall 2000 times
this is 300 times / overall 2000 times
this is 400 times / overall 2000 times
this is 500 times / overall 2000 times
this is 600 times / overall 2000 times
this is 700 times / overall 2000 times
this is 800 times / overall 2000 times
this is 900 times / overall 2000 times
this is 1000 times / overall 2000 times
this is 1100 times / overall 2000 times
this is 1200 times / overall 2000 times
this is 1300 times / overall 2000 times
this is 1400 times / overall 2000 times
this is 1500 times / overall 2000 times
this is 1600 times / overall 2000 times
this is 1700 times / overall 2000 times
this is 1800 times / overall 2000 times
this is 1900 times / overall 2000 times
this is 58 times which has already done.
----------------------------------------------------------------------------------------------------
this is 59 times / overall 101 times (time step 580, t=5.80s)
1.5768820229270168 1.1263602008260098 1.118400847333834
----------------------------------------------------------------------------------------------------
find index iteration: 0 10000
short indx is [[   0 7951 6003 ... 8347 7366 7547]
 [   1 5843 6990 ... 8282 5048 7372]
 [   2 2889   33 ... 8105  167 5638]
 ...
 [9997 5384 6683 ... 3838 6325 1023]
 [9998  691 9493 ... 2160 7988 7190]
 [9999 4205 9326 ... 1785 1721 3594]]
Scaled residual std at t=580: [3.15376405 2.2527204  2.23680169]
start_idx is 0; end_idx is 10000
this is 0 times / overall 2000 times
this is 100 times / overall 2000 times
this is 200 times / overall 2000 times
this is 300 times / overall 2000 times
this is 400 times / overall 2000 times
this is 500 times / overall 2000 times
this is 600 times / overall 2000 times
this is 700 times / overall 2000 times
this is 800 times / overall 2000 times
this is 900 times / overall 2000 times
this is 1000 times / overall 2000 times
this is 1100 times / overall 2000 times
this is 1200 times / overall 2000 times
this is 1300 times / overall 2000 times
this is 1400 times / overall 2000 times
this is 1500 times / overall 2000 times
this is 1600 times / overall 2000 times
this is 1700 times / overall 2000 times
this is 1800 times / overall 2000 times
this is 1900 times / overall 2000 times
this is 59 times which has already done.
----------------------------------------------------------------------------------------------------
this is 60 times / overall 101 times (time step 590, t=5.90s)
1.5751556936453683 1.1187198884523308 1.118323711318719
----------------------------------------------------------------------------------------------------
find index iteration: 0 10000
short indx is [[   0 3527 1974 ... 5887 4199 4814]
 [   1  863 1434 ...  986 4497 9688]
 [   2 7563 5874 ... 6591 8160 8857]
 ...
 [9997 2939 6666 ... 4972 2967  611]
 [9998 8378 6445 ... 7492 2814 8859]
 [9999 6862 3475 ... 5204 4258 9628]]
Scaled residual std at t=590: [3.15031139 2.23743978 2.23664742]
start_idx is 0; end_idx is 10000
this is 0 times / overall 2000 times
this is 100 times / overall 2000 times
this is 200 times / overall 2000 times
this is 300 times / overall 2000 times
this is 400 times / overall 2000 times
this is 500 times / overall 2000 times
this is 600 times / overall 2000 times
this is 700 times / overall 2000 times
this is 800 times / overall 2000 times
this is 900 times / overall 2000 times
this is 1000 times / overall 2000 times
this is 1100 times / overall 2000 times
this is 1200 times / overall 2000 times
this is 1300 times / overall 2000 times
this is 1400 times / overall 2000 times
this is 1500 times / overall 2000 times
this is 1600 times / overall 2000 times
this is 1700 times / overall 2000 times
this is 1800 times / overall 2000 times
this is 1900 times / overall 2000 times
this is 60 times which has already done.
----------------------------------------------------------------------------------------------------
this is 61 times / overall 101 times (time step 600, t=6.00s)
1.579646472156228 1.1250235975490204 1.1125070827954744
----------------------------------------------------------------------------------------------------
find index iteration: 0 10000
short indx is [[   0 9403 6286 ... 3130 2062 9795]
 [   1 2153 4613 ... 3928 4856  473]
 [   2 1180 3153 ... 6433 7111 1130]
 ...
 [9997 9540 5396 ... 1967 1005 5515]
 [9998 2022 2813 ... 1004 7475 4274]
 [9999  434 9437 ... 1372 8243 7134]]
Scaled residual std at t=600: [3.15929294 2.2500472  2.22501417]
start_idx is 0; end_idx is 10000
this is 0 times / overall 2000 times
this is 100 times / overall 2000 times
this is 200 times / overall 2000 times
this is 300 times / overall 2000 times
this is 400 times / overall 2000 times
this is 500 times / overall 2000 times
this is 600 times / overall 2000 times
this is 700 times / overall 2000 times
this is 800 times / overall 2000 times
this is 900 times / overall 2000 times
this is 1000 times / overall 2000 times
this is 1100 times / overall 2000 times
this is 1200 times / overall 2000 times
this is 1300 times / overall 2000 times
this is 1400 times / overall 2000 times
this is 1500 times / overall 2000 times
this is 1600 times / overall 2000 times
this is 1700 times / overall 2000 times
this is 1800 times / overall 2000 times
this is 1900 times / overall 2000 times
this is 61 times which has already done.
----------------------------------------------------------------------------------------------------
this is 62 times / overall 101 times (time step 610, t=6.10s)
1.5840199471059968 1.1219159739662061 1.1017449629622298
----------------------------------------------------------------------------------------------------
find index iteration: 0 10000
short indx is [[   0 8501 8582 ... 3466 2410 4529]
 [   1 6958 3561 ... 9252 3512 2199]
 [   2 5187 1701 ... 5257 5259 2164]
 ...
 [9997 2567 7574 ... 5730 1158 9254]
 [9998 7415 1902 ... 9405 1924 9377]
 [9999 6877 3192 ... 9568  380 7322]]
Scaled residual std at t=610: [3.16803989 2.24383195 2.20348993]
start_idx is 0; end_idx is 10000
this is 0 times / overall 2000 times
this is 100 times / overall 2000 times
this is 200 times / overall 2000 times
this is 300 times / overall 2000 times
this is 400 times / overall 2000 times
this is 500 times / overall 2000 times
this is 600 times / overall 2000 times
this is 700 times / overall 2000 times
this is 800 times / overall 2000 times
this is 900 times / overall 2000 times
this is 1000 times / overall 2000 times
this is 1100 times / overall 2000 times
this is 1200 times / overall 2000 times
this is 1300 times / overall 2000 times
this is 1400 times / overall 2000 times
this is 1500 times / overall 2000 times
this is 1600 times / overall 2000 times
this is 1700 times / overall 2000 times
this is 1800 times / overall 2000 times
this is 1900 times / overall 2000 times
this is 62 times which has already done.
----------------------------------------------------------------------------------------------------
this is 63 times / overall 101 times (time step 620, t=6.20s)
1.5676904310196673 1.1059466969990934 1.1191127303650479
----------------------------------------------------------------------------------------------------
find index iteration: 0 10000
short indx is [[   0 9272 4455 ... 4409 2621 2863]
 [   1 6805 2043 ... 2429 6856 2451]
 [   2 4410 6270 ...  189 1969 9427]
 ...
 [9997 5396  531 ...  694 2020  805]
 [9998  566 7415 ... 4048   11  952]
 [9999 6357 3802 ... 1169 3615 6623]]
Scaled residual std at t=620: [3.13538086 2.21189339 2.23822546]
start_idx is 0; end_idx is 10000
this is 0 times / overall 2000 times
this is 100 times / overall 2000 times
this is 200 times / overall 2000 times
this is 300 times / overall 2000 times
this is 400 times / overall 2000 times
this is 500 times / overall 2000 times
this is 600 times / overall 2000 times
this is 700 times / overall 2000 times
this is 800 times / overall 2000 times
this is 900 times / overall 2000 times
this is 1000 times / overall 2000 times
this is 1100 times / overall 2000 times
this is 1200 times / overall 2000 times
this is 1300 times / overall 2000 times
this is 1400 times / overall 2000 times
this is 1500 times / overall 2000 times
this is 1600 times / overall 2000 times
this is 1700 times / overall 2000 times
this is 1800 times / overall 2000 times
this is 1900 times / overall 2000 times
this is 63 times which has already done.
----------------------------------------------------------------------------------------------------
this is 64 times / overall 101 times (time step 630, t=6.30s)
1.570354225338219 1.1011309288754694 1.1106318598464882
----------------------------------------------------------------------------------------------------
find index iteration: 0 10000
short indx is [[   0 2827 2124 ... 7937 8590 4733]
 [   1 5075   83 ...  384 4447 9214]
 [   2 1653 7511 ... 4650 6417 5531]
 ...
 [9997 9357 7574 ... 5369 5795 5554]
 [9998 4686 7415 ... 7023 8363 1279]
 [9999 3511 9442 ... 9277  196 3664]]
Scaled residual std at t=630: [3.14070845 2.20226186 2.22126372]
start_idx is 0; end_idx is 10000
this is 0 times / overall 2000 times
this is 100 times / overall 2000 times
this is 200 times / overall 2000 times
this is 300 times / overall 2000 times
this is 400 times / overall 2000 times
this is 500 times / overall 2000 times
this is 600 times / overall 2000 times
this is 700 times / overall 2000 times
this is 800 times / overall 2000 times
this is 900 times / overall 2000 times
this is 1000 times / overall 2000 times
this is 1100 times / overall 2000 times
this is 1200 times / overall 2000 times
this is 1300 times / overall 2000 times
this is 1400 times / overall 2000 times
this is 1500 times / overall 2000 times
this is 1600 times / overall 2000 times
this is 1700 times / overall 2000 times
this is 1800 times / overall 2000 times
this is 1900 times / overall 2000 times
this is 64 times which has already done.
----------------------------------------------------------------------------------------------------
this is 65 times / overall 101 times (time step 640, t=6.40s)
1.576883888121497 1.1146981476940072 1.1240642631591349
----------------------------------------------------------------------------------------------------
find index iteration: 0 10000
short indx is [[   0 2124 2239 ... 5443 2697 1884]
 [   1 2611 4062 ... 5368 2127 2552]
 [   2 2865 7469 ... 5571  454 9799]
 ...
 [9997 2131 3988 ... 3011 3449 4794]
 [9998 5142 7710 ... 4497 7453 6966]
 [9999 7178 1031 ... 8564 1372 3697]]
Scaled residual std at t=640: [3.15376778 2.2293963  2.24812853]
start_idx is 0; end_idx is 10000
this is 0 times / overall 2000 times
this is 100 times / overall 2000 times
this is 200 times / overall 2000 times
this is 300 times / overall 2000 times
this is 400 times / overall 2000 times
this is 500 times / overall 2000 times
this is 600 times / overall 2000 times
this is 700 times / overall 2000 times
this is 800 times / overall 2000 times
this is 900 times / overall 2000 times
this is 1000 times / overall 2000 times
this is 1100 times / overall 2000 times
this is 1200 times / overall 2000 times
this is 1300 times / overall 2000 times
this is 1400 times / overall 2000 times
this is 1500 times / overall 2000 times
this is 1600 times / overall 2000 times
this is 1700 times / overall 2000 times
this is 1800 times / overall 2000 times
this is 1900 times / overall 2000 times
this is 65 times which has already done.
----------------------------------------------------------------------------------------------------
this is 66 times / overall 101 times (time step 650, t=6.50s)
1.5875813117578024 1.120089556985631 1.1077000572907334
----------------------------------------------------------------------------------------------------
find index iteration: 0 10000
short indx is [[   0 2456 8005 ... 8314 7576 8114]
 [   1 9763 5794 ... 5642  298 5894]
 [   2 4656 3962 ... 5890 2891 5912]
 ...
 [9997 4917 9021 ... 8864 1616 4482]
 [9998 4358 8617 ... 7254 1921 7009]
 [9999  750 3475 ... 7486 3742 1096]]
Scaled residual std at t=650: [3.17516262 2.24017911 2.21540011]
start_idx is 0; end_idx is 10000
this is 0 times / overall 2000 times
this is 100 times / overall 2000 times
this is 200 times / overall 2000 times
this is 300 times / overall 2000 times
this is 400 times / overall 2000 times
this is 500 times / overall 2000 times
this is 600 times / overall 2000 times
this is 700 times / overall 2000 times
this is 800 times / overall 2000 times
this is 900 times / overall 2000 times
this is 1000 times / overall 2000 times
this is 1100 times / overall 2000 times
this is 1200 times / overall 2000 times
this is 1300 times / overall 2000 times
this is 1400 times / overall 2000 times
this is 1500 times / overall 2000 times
this is 1600 times / overall 2000 times
this is 1700 times / overall 2000 times
this is 1800 times / overall 2000 times
this is 1900 times / overall 2000 times
this is 66 times which has already done.
----------------------------------------------------------------------------------------------------
this is 67 times / overall 101 times (time step 660, t=6.60s)
1.5862756844378785 1.11369714734623 1.1272828793890262
----------------------------------------------------------------------------------------------------
find index iteration: 0 10000
short indx is [[   0 2598 6847 ... 6799  462 7909]
 [   1 2546 7452 ... 7253 6989 3197]
 [   2   97 4571 ... 5372 8196 2875]
 ...
 [9997  660 3161 ... 1007 5785  653]
 [9998 5254 6006 ... 8195 3208 9249]
 [9999 9961 2186 ... 1172 9415 8000]]
Scaled residual std at t=660: [3.17255137 2.22739429 2.25456576]
start_idx is 0; end_idx is 10000
this is 0 times / overall 2000 times
this is 100 times / overall 2000 times
this is 200 times / overall 2000 times
this is 300 times / overall 2000 times
this is 400 times / overall 2000 times
this is 500 times / overall 2000 times
this is 600 times / overall 2000 times
this is 700 times / overall 2000 times
this is 800 times / overall 2000 times
this is 900 times / overall 2000 times
this is 1000 times / overall 2000 times
this is 1100 times / overall 2000 times
this is 1200 times / overall 2000 times
this is 1300 times / overall 2000 times
this is 1400 times / overall 2000 times
this is 1500 times / overall 2000 times
this is 1600 times / overall 2000 times
this is 1700 times / overall 2000 times
this is 1800 times / overall 2000 times
this is 1900 times / overall 2000 times
this is 67 times which has already done.
----------------------------------------------------------------------------------------------------
this is 68 times / overall 101 times (time step 670, t=6.70s)
1.5625078374558288 1.1258923340952312 1.1128317584094478
----------------------------------------------------------------------------------------------------
find index iteration: 0 10000
short indx is [[   0 5665 9899 ... 4187 7335 2609]
 [   1 9142 4395 ... 8832 2581 5377]
 [   2 8677 1805 ... 6591 3725 1866]
 ...
 [9997   59 9357 ... 9597 9391 9120]
 [9998 2897 7973 ... 7610 8243 3854]
 [9999 2900 7383 ... 6698 9457 7810]]
Scaled residual std at t=670: [3.12501567 2.25178467 2.22566352]
start_idx is 0; end_idx is 10000
this is 0 times / overall 2000 times
this is 100 times / overall 2000 times
this is 200 times / overall 2000 times
this is 300 times / overall 2000 times
this is 400 times / overall 2000 times
this is 500 times / overall 2000 times
this is 600 times / overall 2000 times
this is 700 times / overall 2000 times
this is 800 times / overall 2000 times
this is 900 times / overall 2000 times
this is 1000 times / overall 2000 times
this is 1100 times / overall 2000 times
this is 1200 times / overall 2000 times
this is 1300 times / overall 2000 times
this is 1400 times / overall 2000 times
this is 1500 times / overall 2000 times
this is 1600 times / overall 2000 times
this is 1700 times / overall 2000 times
this is 1800 times / overall 2000 times
this is 1900 times / overall 2000 times
this is 68 times which has already done.
----------------------------------------------------------------------------------------------------
this is 69 times / overall 101 times (time step 680, t=6.80s)
1.5858102544823043 1.1310414754675717 1.1120115163695126
----------------------------------------------------------------------------------------------------
find index iteration: 0 10000
short indx is [[   0 1809 2124 ... 2148 8061 6505]
 [   1 6787 9915 ... 5472 1885  454]
 [   2 1805 4630 ... 5586 4198 2605]
 ...
 [9997 9043 4263 ...  980 2997 2633]
 [9998 9370 3048 ... 3404 7216 2336]
 [9999 9310 9971 ... 1815 7549 4970]]
Scaled residual std at t=680: [3.17162051 2.26208295 2.22402303]
start_idx is 0; end_idx is 10000
this is 0 times / overall 2000 times
this is 100 times / overall 2000 times
this is 200 times / overall 2000 times
this is 300 times / overall 2000 times
this is 400 times / overall 2000 times
this is 500 times / overall 2000 times
this is 600 times / overall 2000 times
this is 700 times / overall 2000 times
this is 800 times / overall 2000 times
this is 900 times / overall 2000 times
this is 1000 times / overall 2000 times
this is 1100 times / overall 2000 times
this is 1200 times / overall 2000 times
this is 1300 times / overall 2000 times
this is 1400 times / overall 2000 times
this is 1500 times / overall 2000 times
this is 1600 times / overall 2000 times
this is 1700 times / overall 2000 times
this is 1800 times / overall 2000 times
this is 1900 times / overall 2000 times
this is 69 times which has already done.
----------------------------------------------------------------------------------------------------
this is 70 times / overall 101 times (time step 690, t=6.90s)
1.5673299661834974 1.1194051595373726 1.1119046368978684
----------------------------------------------------------------------------------------------------
find index iteration: 0 10000
short indx is [[   0 5234 9384 ...  576 5679 5926]
 [   1 2227 4568 ... 5021 4452 5336]
 [   2 9207 9024 ... 7185 2350 8525]
 ...
 [9997  703  115 ... 1620 4631 7898]
 [9998 9370 2249 ... 4157 1076 2510]
 [9999 5542 8398 ... 9000 5105 9055]]
Scaled residual std at t=690: [3.13465993 2.23881032 2.22380927]
start_idx is 0; end_idx is 10000
this is 0 times / overall 2000 times
this is 100 times / overall 2000 times
this is 200 times / overall 2000 times
this is 300 times / overall 2000 times
this is 400 times / overall 2000 times
this is 500 times / overall 2000 times
this is 600 times / overall 2000 times
this is 700 times / overall 2000 times
this is 800 times / overall 2000 times
this is 900 times / overall 2000 times
this is 1000 times / overall 2000 times
this is 1100 times / overall 2000 times
this is 1200 times / overall 2000 times
this is 1300 times / overall 2000 times
this is 1400 times / overall 2000 times
this is 1500 times / overall 2000 times
this is 1600 times / overall 2000 times
this is 1700 times / overall 2000 times
this is 1800 times / overall 2000 times
this is 1900 times / overall 2000 times
this is 70 times which has already done.
----------------------------------------------------------------------------------------------------
this is 71 times / overall 101 times (time step 700, t=7.00s)
1.5964056440120613 1.1273247891742577 1.1311702975606481
----------------------------------------------------------------------------------------------------
find index iteration: 0 10000
short indx is [[   0 7346 3607 ... 1137 5172 8774]
 [   1 2531 8296 ... 7609 2757 5652]
 [   2 9317 1577 ...  208 1509 7229]
 ...
 [9997  703  487 ... 3888 2020 5038]
 [9998 9808 8617 ... 6467 3761 3406]
 [9999 7952 5002 ... 9965 9095 8442]]
Scaled residual std at t=700: [3.19281129 2.25464958 2.2623406 ]
start_idx is 0; end_idx is 10000
this is 0 times / overall 2000 times
this is 100 times / overall 2000 times
this is 200 times / overall 2000 times
this is 300 times / overall 2000 times
this is 400 times / overall 2000 times
this is 500 times / overall 2000 times
this is 600 times / overall 2000 times
this is 700 times / overall 2000 times
this is 800 times / overall 2000 times
this is 900 times / overall 2000 times
this is 1000 times / overall 2000 times
this is 1100 times / overall 2000 times
this is 1200 times / overall 2000 times
this is 1300 times / overall 2000 times
this is 1400 times / overall 2000 times
this is 1500 times / overall 2000 times
this is 1600 times / overall 2000 times
this is 1700 times / overall 2000 times
this is 1800 times / overall 2000 times
this is 1900 times / overall 2000 times
this is 71 times which has already done.
----------------------------------------------------------------------------------------------------
this is 72 times / overall 101 times (time step 710, t=7.10s)
1.6068162337661112 1.1077831120882842 1.1141859046755687
----------------------------------------------------------------------------------------------------
find index iteration: 0 10000
short indx is [[   0 6847 1142 ... 2222 1673 7173]
 [   1 3208 4251 ... 7399 4696 4894]
 [   2 6285 6431 ... 2505 3116 2431]
 ...
 [9997  662  487 ... 8022 6914 3363]
 [9998 1078 9550 ...  836 6568 3292]
 [9999 2513 9380 ... 1635 3084 9981]]
Scaled residual std at t=710: [3.21363247 2.21556622 2.22837181]
start_idx is 0; end_idx is 10000
this is 0 times / overall 2000 times
this is 100 times / overall 2000 times
this is 200 times / overall 2000 times
this is 300 times / overall 2000 times
this is 400 times / overall 2000 times
this is 500 times / overall 2000 times
this is 600 times / overall 2000 times
this is 700 times / overall 2000 times
this is 800 times / overall 2000 times
this is 900 times / overall 2000 times
this is 1000 times / overall 2000 times
this is 1100 times / overall 2000 times
this is 1200 times / overall 2000 times
this is 1300 times / overall 2000 times
this is 1400 times / overall 2000 times
this is 1500 times / overall 2000 times
this is 1600 times / overall 2000 times
this is 1700 times / overall 2000 times
this is 1800 times / overall 2000 times
this is 1900 times / overall 2000 times
this is 72 times which has already done.
----------------------------------------------------------------------------------------------------
this is 73 times / overall 101 times (time step 720, t=7.20s)
1.604446141276803 1.1238305718383945 1.106624529671308
----------------------------------------------------------------------------------------------------
find index iteration: 0 10000
short indx is [[   0 8040 7346 ... 6742 6949 2015]
 [   1 1045 8196 ... 6547 1674 9424]
 [   2  683 5253 ... 1834 2154 5569]
 ...
 [9997  703 6106 ...  437 5708 4008]
 [9998 3048 1508 ... 7896 5726 9609]
 [9999 9959 5618 ... 9222 1715 3454]]
Scaled residual std at t=720: [3.20889228 2.24766114 2.21324906]
start_idx is 0; end_idx is 10000
this is 0 times / overall 2000 times
this is 100 times / overall 2000 times
this is 200 times / overall 2000 times
this is 300 times / overall 2000 times
this is 400 times / overall 2000 times
this is 500 times / overall 2000 times
this is 600 times / overall 2000 times
this is 700 times / overall 2000 times
this is 800 times / overall 2000 times
this is 900 times / overall 2000 times
this is 1000 times / overall 2000 times
this is 1100 times / overall 2000 times
this is 1200 times / overall 2000 times
this is 1300 times / overall 2000 times
this is 1400 times / overall 2000 times
this is 1500 times / overall 2000 times
this is 1600 times / overall 2000 times
this is 1700 times / overall 2000 times
this is 1800 times / overall 2000 times
this is 1900 times / overall 2000 times
this is 73 times which has already done.
----------------------------------------------------------------------------------------------------
this is 74 times / overall 101 times (time step 730, t=7.30s)
1.5661426165793213 1.1121144236300586 1.114532321477755
----------------------------------------------------------------------------------------------------
find index iteration: 0 10000
short indx is [[   0 4481  378 ... 8404  924 2952]
 [   1 8697 5513 ... 4923 3420 3141]
 [   2 7901 2700 ... 7368 3249 4204]
 ...
 [9997  703 5025 ... 6907   42 1478]
 [9998 9498 1832 ... 1182 3605 7819]
 [9999 9386 1821 ... 2196 3512 1097]]
Scaled residual std at t=730: [3.13228523 2.22422885 2.22906464]
start_idx is 0; end_idx is 10000
this is 0 times / overall 2000 times
this is 100 times / overall 2000 times
this is 200 times / overall 2000 times
this is 300 times / overall 2000 times
this is 400 times / overall 2000 times
this is 500 times / overall 2000 times
this is 600 times / overall 2000 times
this is 700 times / overall 2000 times
this is 800 times / overall 2000 times
this is 900 times / overall 2000 times
this is 1000 times / overall 2000 times
this is 1100 times / overall 2000 times
this is 1200 times / overall 2000 times
this is 1300 times / overall 2000 times
this is 1400 times / overall 2000 times
this is 1500 times / overall 2000 times
this is 1600 times / overall 2000 times
this is 1700 times / overall 2000 times
this is 1800 times / overall 2000 times
this is 1900 times / overall 2000 times
this is 74 times which has already done.
----------------------------------------------------------------------------------------------------
this is 75 times / overall 101 times (time step 740, t=7.40s)
1.5774764016612401 1.1162701252039051 1.1281840726232122
----------------------------------------------------------------------------------------------------
find index iteration: 0 10000
short indx is [[   0 8557  198 ... 2267 9881 1635]
 [   1   92 7886 ... 1048 1815 4557]
 [   2 1624 9522 ... 4491 7250 2703]
 ...
 [9997 3665 9117 ... 8880 5156 2038]
 [9998 4001 4783 ...  268 9448 3203]
 [9999 8030 9928 ... 5926 5792 7943]]
Scaled residual std at t=740: [3.1549528  2.23254025 2.25636815]
start_idx is 0; end_idx is 10000
this is 0 times / overall 2000 times
this is 100 times / overall 2000 times
this is 200 times / overall 2000 times
this is 300 times / overall 2000 times
this is 400 times / overall 2000 times
this is 500 times / overall 2000 times
this is 600 times / overall 2000 times
this is 700 times / overall 2000 times
this is 800 times / overall 2000 times
this is 900 times / overall 2000 times
this is 1000 times / overall 2000 times
this is 1100 times / overall 2000 times
this is 1200 times / overall 2000 times
this is 1300 times / overall 2000 times
this is 1400 times / overall 2000 times
this is 1500 times / overall 2000 times
this is 1600 times / overall 2000 times
this is 1700 times / overall 2000 times
this is 1800 times / overall 2000 times
this is 1900 times / overall 2000 times
this is 75 times which has already done.
----------------------------------------------------------------------------------------------------
this is 76 times / overall 101 times (time step 750, t=7.50s)
1.5579035621626436 1.110286933427253 1.116405098203802
----------------------------------------------------------------------------------------------------
find index iteration: 0 10000
short indx is [[   0  453 1827 ... 9782 8074 7079]
 [   1 2021 5798 ... 6184 5441 3591]
 [   2 3107 2700 ... 1734  834 5618]
 ...
 [9997 6962 6520 ... 6757 4544 9754]
 [9998 6668 5291 ... 2453 9188 2018]
 [9999 7238 3982 ... 6118 4135 3236]]
Scaled residual std at t=750: [3.11580712 2.22057387 2.2328102 ]
start_idx is 0; end_idx is 10000
this is 0 times / overall 2000 times
this is 100 times / overall 2000 times
this is 200 times / overall 2000 times
this is 300 times / overall 2000 times
this is 400 times / overall 2000 times
this is 500 times / overall 2000 times
this is 600 times / overall 2000 times
this is 700 times / overall 2000 times
this is 800 times / overall 2000 times
this is 900 times / overall 2000 times
this is 1000 times / overall 2000 times
this is 1100 times / overall 2000 times
this is 1200 times / overall 2000 times
this is 1300 times / overall 2000 times
this is 1400 times / overall 2000 times
this is 1500 times / overall 2000 times
this is 1600 times / overall 2000 times
this is 1700 times / overall 2000 times
this is 1800 times / overall 2000 times
this is 1900 times / overall 2000 times
this is 76 times which has already done.
----------------------------------------------------------------------------------------------------
this is 77 times / overall 101 times (time step 760, t=7.60s)
1.5938991955884676 1.11247960755986 1.115304109936518
----------------------------------------------------------------------------------------------------
find index iteration: 0 10000
short indx is [[   0 5234 3637 ... 3228   18  127]
 [   1 6583 9720 ... 1294 5554 5270]
 [   2 1106 4194 ... 3795 1439 4958]
 ...
 [9997 2258 2704 ... 7579 5735  303]
 [9998 3033 8439 ... 8279 3272 8112]
 [9999 3271  584 ... 7174 5003 3793]]
Scaled residual std at t=760: [3.18779839 2.22495922 2.23060822]
start_idx is 0; end_idx is 10000
this is 0 times / overall 2000 times
this is 100 times / overall 2000 times
this is 200 times / overall 2000 times
this is 300 times / overall 2000 times
this is 400 times / overall 2000 times
this is 500 times / overall 2000 times
this is 600 times / overall 2000 times
this is 700 times / overall 2000 times
this is 800 times / overall 2000 times
this is 900 times / overall 2000 times
this is 1000 times / overall 2000 times
this is 1100 times / overall 2000 times
this is 1200 times / overall 2000 times
this is 1300 times / overall 2000 times
this is 1400 times / overall 2000 times
this is 1500 times / overall 2000 times
this is 1600 times / overall 2000 times
this is 1700 times / overall 2000 times
this is 1800 times / overall 2000 times
this is 1900 times / overall 2000 times
this is 77 times which has already done.
----------------------------------------------------------------------------------------------------
this is 78 times / overall 101 times (time step 770, t=7.70s)
1.5773445603990557 1.1167816901568088 1.12270894244578
----------------------------------------------------------------------------------------------------
find index iteration: 0 10000
short indx is [[   0 5084 8952 ... 9178 9291 1622]
 [   1 9954 2500 ... 9898 1839 6164]
 [   2 9213 5133 ... 6016 8939 1184]
 ...
 [9997 3896 5052 ... 4361  610 7921]
 [9998 5715 8644 ... 1729 3257 5770]
 [9999 7091 6853 ... 6971 2046 6196]]
Scaled residual std at t=770: [3.15468912 2.23356338 2.24541788]
start_idx is 0; end_idx is 10000
this is 0 times / overall 2000 times
this is 100 times / overall 2000 times
this is 200 times / overall 2000 times
this is 300 times / overall 2000 times
this is 400 times / overall 2000 times
this is 500 times / overall 2000 times
this is 600 times / overall 2000 times
this is 700 times / overall 2000 times
this is 800 times / overall 2000 times
this is 900 times / overall 2000 times
this is 1000 times / overall 2000 times
this is 1100 times / overall 2000 times
this is 1200 times / overall 2000 times
this is 1300 times / overall 2000 times
this is 1400 times / overall 2000 times
this is 1500 times / overall 2000 times
this is 1600 times / overall 2000 times
this is 1700 times / overall 2000 times
this is 1800 times / overall 2000 times
this is 1900 times / overall 2000 times
this is 78 times which has already done.
----------------------------------------------------------------------------------------------------
this is 79 times / overall 101 times (time step 780, t=7.80s)
1.5777989388708986 1.107123132691946 1.1220335386294154
----------------------------------------------------------------------------------------------------
find index iteration: 0 10000
short indx is [[   0 4287 6673 ... 7691 2498 2792]
 [   1 3191 9096 ... 4467 3171 7230]
 [   2 5390  158 ... 8875 9563 1407]
 ...
 [9997 9626 1404 ... 8687 9844 3056]
 [9998 6404 5254 ...  305 4225 9410]
 [9999 5539 7303 ... 8903 8809 8706]]
Scaled residual std at t=780: [3.15559788 2.21424627 2.24406708]
start_idx is 0; end_idx is 10000
this is 0 times / overall 2000 times
this is 100 times / overall 2000 times
this is 200 times / overall 2000 times
this is 300 times / overall 2000 times
this is 400 times / overall 2000 times
this is 500 times / overall 2000 times
this is 600 times / overall 2000 times
this is 700 times / overall 2000 times
this is 800 times / overall 2000 times
this is 900 times / overall 2000 times
this is 1000 times / overall 2000 times
this is 1100 times / overall 2000 times
this is 1200 times / overall 2000 times
this is 1300 times / overall 2000 times
this is 1400 times / overall 2000 times
this is 1500 times / overall 2000 times
this is 1600 times / overall 2000 times
this is 1700 times / overall 2000 times
this is 1800 times / overall 2000 times
this is 1900 times / overall 2000 times
this is 79 times which has already done.
----------------------------------------------------------------------------------------------------
this is 80 times / overall 101 times (time step 790, t=7.90s)
1.5770903664754856 1.1091019121428933 1.1084733752301503
----------------------------------------------------------------------------------------------------
find index iteration: 0 10000
short indx is [[   0 1911 5718 ... 7172 7219 6705]
 [   1 4001 1071 ... 2896 7671 3317]
 [   2 8434 4679 ... 3112 2078  880]
 ...
 [9997  406 6128 ... 1908 8371 9438]
 [9998 7886  286 ... 3936 9165 9153]
 [9999 7342 7303 ...  449 9327 9671]]
Scaled residual std at t=790: [3.15418073 2.21820382 2.21694675]
start_idx is 0; end_idx is 10000
this is 0 times / overall 2000 times
this is 100 times / overall 2000 times
this is 200 times / overall 2000 times
this is 300 times / overall 2000 times
this is 400 times / overall 2000 times
this is 500 times / overall 2000 times
this is 600 times / overall 2000 times
this is 700 times / overall 2000 times
this is 800 times / overall 2000 times
this is 900 times / overall 2000 times
this is 1000 times / overall 2000 times
this is 1100 times / overall 2000 times
this is 1200 times / overall 2000 times
this is 1300 times / overall 2000 times
this is 1400 times / overall 2000 times
this is 1500 times / overall 2000 times
this is 1600 times / overall 2000 times
this is 1700 times / overall 2000 times
this is 1800 times / overall 2000 times
this is 1900 times / overall 2000 times
this is 80 times which has already done.
----------------------------------------------------------------------------------------------------
this is 81 times / overall 101 times (time step 800, t=8.00s)
1.5739314539939337 1.0981029804427682 1.1156056127737974
----------------------------------------------------------------------------------------------------
find index iteration: 0 10000
short indx is [[   0 9129 9230 ... 6895 7202 1615]
 [   1  763 6443 ... 4814 6309 5870]
 [   2 8895 2562 ... 9398 5020  686]
 ...
 [9997 1738 3620 ... 9972  440 6506]
 [9998 2837 9411 ... 3354 3349 6401]
 [9999 2599  426 ... 9702 4066 9221]]
Scaled residual std at t=800: [3.14786291 2.19620596 2.23121123]
start_idx is 0; end_idx is 10000
this is 0 times / overall 2000 times
this is 100 times / overall 2000 times
this is 200 times / overall 2000 times
this is 300 times / overall 2000 times
this is 400 times / overall 2000 times
this is 500 times / overall 2000 times
this is 600 times / overall 2000 times
this is 700 times / overall 2000 times
this is 800 times / overall 2000 times
this is 900 times / overall 2000 times
this is 1000 times / overall 2000 times
this is 1100 times / overall 2000 times
this is 1200 times / overall 2000 times
this is 1300 times / overall 2000 times
this is 1400 times / overall 2000 times
this is 1500 times / overall 2000 times
this is 1600 times / overall 2000 times
this is 1700 times / overall 2000 times
this is 1800 times / overall 2000 times
this is 1900 times / overall 2000 times
this is 81 times which has already done.
----------------------------------------------------------------------------------------------------
this is 82 times / overall 101 times (time step 810, t=8.10s)
1.574331753084643 1.1207576086459867 1.1219290916043658
----------------------------------------------------------------------------------------------------
find index iteration: 0 10000
short indx is [[   0 3541 2644 ... 6362 2789 4203]
 [   1 5820 4916 ... 4582 4141 8864]
 [   2  943 5415 ...  376  370 9260]
 ...
 [9997  514 5717 ... 8085 4306 7000]
 [9998 4871 7299 ... 2169  824 1488]
 [9999 1146 8000 ... 3107  896 9435]]
Scaled residual std at t=810: [3.14866351 2.24151522 2.24385818]
start_idx is 0; end_idx is 10000
this is 0 times / overall 2000 times
this is 100 times / overall 2000 times
this is 200 times / overall 2000 times
this is 300 times / overall 2000 times
this is 400 times / overall 2000 times
this is 500 times / overall 2000 times
this is 600 times / overall 2000 times
this is 700 times / overall 2000 times
this is 800 times / overall 2000 times
this is 900 times / overall 2000 times
this is 1000 times / overall 2000 times
this is 1100 times / overall 2000 times
this is 1200 times / overall 2000 times
this is 1300 times / overall 2000 times
this is 1400 times / overall 2000 times
this is 1500 times / overall 2000 times
this is 1600 times / overall 2000 times
this is 1700 times / overall 2000 times
this is 1800 times / overall 2000 times
this is 1900 times / overall 2000 times
this is 82 times which has already done.
----------------------------------------------------------------------------------------------------
this is 83 times / overall 101 times (time step 820, t=8.20s)
1.6039754590559288 1.1208768299427851 1.1107996503167221
----------------------------------------------------------------------------------------------------
find index iteration: 0 10000
short indx is [[   0  865 2881 ... 4057 5229 7701]
 [   1 5240  419 ... 5556 9435 1547]
 [   2 4725 5270 ...   94 5437 3788]
 ...
 [9997 9441 9843 ... 2744 9702 5323]
 [9998 2812 3877 ...  141 7456 8682]
 [9999 7342 2012 ... 9259 7075 1942]]
Scaled residual std at t=820: [3.20795092 2.24175366 2.2215993 ]
start_idx is 0; end_idx is 10000
this is 0 times / overall 2000 times
this is 100 times / overall 2000 times
this is 200 times / overall 2000 times
this is 300 times / overall 2000 times
this is 400 times / overall 2000 times
this is 500 times / overall 2000 times
this is 600 times / overall 2000 times
this is 700 times / overall 2000 times
this is 800 times / overall 2000 times
this is 900 times / overall 2000 times
this is 1000 times / overall 2000 times
this is 1100 times / overall 2000 times
this is 1200 times / overall 2000 times
this is 1300 times / overall 2000 times
this is 1400 times / overall 2000 times
this is 1500 times / overall 2000 times
this is 1600 times / overall 2000 times
this is 1700 times / overall 2000 times
this is 1800 times / overall 2000 times
this is 1900 times / overall 2000 times
this is 83 times which has already done.
----------------------------------------------------------------------------------------------------
this is 84 times / overall 101 times (time step 830, t=8.30s)
1.5801501402862457 1.112110239990298 1.1211134365400859
----------------------------------------------------------------------------------------------------
find index iteration: 0 10000
short indx is [[   0 7522 2397 ... 5077 9298 1133]
 [   1  163 5240 ... 9903 4753 4288]
 [   2 5400 3993 ... 9632 4557 6359]
 ...
 [9997 7802 7030 ... 1443 3256 9178]
 [9998 8893 6247 ... 1669 2458 7048]
 [9999  584 6997 ... 5997 9052 9513]]
Scaled residual std at t=830: [3.16030028 2.22422048 2.24222687]
start_idx is 0; end_idx is 10000
this is 0 times / overall 2000 times
this is 100 times / overall 2000 times
this is 200 times / overall 2000 times
this is 300 times / overall 2000 times
this is 400 times / overall 2000 times
this is 500 times / overall 2000 times
this is 600 times / overall 2000 times
this is 700 times / overall 2000 times
this is 800 times / overall 2000 times
this is 900 times / overall 2000 times
this is 1000 times / overall 2000 times
this is 1100 times / overall 2000 times
this is 1200 times / overall 2000 times
this is 1300 times / overall 2000 times
this is 1400 times / overall 2000 times
this is 1500 times / overall 2000 times
this is 1600 times / overall 2000 times
this is 1700 times / overall 2000 times
this is 1800 times / overall 2000 times
this is 1900 times / overall 2000 times
this is 84 times which has already done.
----------------------------------------------------------------------------------------------------
this is 85 times / overall 101 times (time step 840, t=8.40s)
1.5844240473075522 1.1332572845021884 1.124735759832309
----------------------------------------------------------------------------------------------------
find index iteration: 0 10000
short indx is [[   0 2452  808 ... 8139 7400 4573]
 [   1 2343 6443 ...  788 5839 7223]
 [   2 5206  176 ... 2302 6657 8615]
 ...
 [9997 7802  657 ... 5498 6734 4479]
 [9998 6247 8153 ... 2826 4587 5365]
 [9999 7078 4659 ... 9502 2818 8710]]
Scaled residual std at t=840: [3.16884809 2.26651457 2.24947152]
start_idx is 0; end_idx is 10000
this is 0 times / overall 2000 times
this is 100 times / overall 2000 times
this is 200 times / overall 2000 times
this is 300 times / overall 2000 times
this is 400 times / overall 2000 times
this is 500 times / overall 2000 times
this is 600 times / overall 2000 times
this is 700 times / overall 2000 times
this is 800 times / overall 2000 times
this is 900 times / overall 2000 times
this is 1000 times / overall 2000 times
this is 1100 times / overall 2000 times
this is 1200 times / overall 2000 times
this is 1300 times / overall 2000 times
this is 1400 times / overall 2000 times
this is 1500 times / overall 2000 times
this is 1600 times / overall 2000 times
this is 1700 times / overall 2000 times
this is 1800 times / overall 2000 times
this is 1900 times / overall 2000 times
this is 85 times which has already done.
----------------------------------------------------------------------------------------------------
this is 86 times / overall 101 times (time step 850, t=8.50s)
1.5714659062119625 1.1121504463146639 1.1076504133734322
----------------------------------------------------------------------------------------------------
find index iteration: 0 10000
short indx is [[   0 6695 5750 ...  255 8976 7690]
 [   1 8463 1301 ... 6003 5430  753]
 [   2 3950 5931 ... 8305 2600 4398]
 ...
 [9997 1033 8609 ... 7992 2654 4591]
 [9998 4169 8264 ...  853 1065 5321]
 [9999 5588 2921 ... 2907  917  594]]
Scaled residual std at t=850: [3.14293181 2.22430089 2.21530083]
start_idx is 0; end_idx is 10000
this is 0 times / overall 2000 times
this is 100 times / overall 2000 times
this is 200 times / overall 2000 times
this is 300 times / overall 2000 times
this is 400 times / overall 2000 times
this is 500 times / overall 2000 times
this is 600 times / overall 2000 times
this is 700 times / overall 2000 times
this is 800 times / overall 2000 times
this is 900 times / overall 2000 times
this is 1000 times / overall 2000 times
this is 1100 times / overall 2000 times
this is 1200 times / overall 2000 times
this is 1300 times / overall 2000 times
this is 1400 times / overall 2000 times
this is 1500 times / overall 2000 times
this is 1600 times / overall 2000 times
this is 1700 times / overall 2000 times
this is 1800 times / overall 2000 times
this is 1900 times / overall 2000 times
this is 86 times which has already done.
----------------------------------------------------------------------------------------------------
this is 87 times / overall 101 times (time step 860, t=8.60s)
1.601317181331916 1.1170150212653847 1.1190442524386157
----------------------------------------------------------------------------------------------------
find index iteration: 0 10000
short indx is [[   0 2393 3282 ... 8001 9561 2289]
 [   1 9093 6541 ... 2569 7190 3067]
 [   2 7869 1151 ... 2193  183 2603]
 ...
 [9997 7029 9970 ... 3663  117 8959]
 [9998 2332 8947 ... 2572 6895 1079]
 [9999 9913 4821 ... 9162  850 4862]]
Scaled residual std at t=860: [3.20263436 2.23403004 2.2380885 ]
start_idx is 0; end_idx is 10000
this is 0 times / overall 2000 times
this is 100 times / overall 2000 times
this is 200 times / overall 2000 times
this is 300 times / overall 2000 times
this is 400 times / overall 2000 times
this is 500 times / overall 2000 times
this is 600 times / overall 2000 times
this is 700 times / overall 2000 times
this is 800 times / overall 2000 times
this is 900 times / overall 2000 times
this is 1000 times / overall 2000 times
this is 1100 times / overall 2000 times
this is 1200 times / overall 2000 times
this is 1300 times / overall 2000 times
this is 1400 times / overall 2000 times
this is 1500 times / overall 2000 times
this is 1600 times / overall 2000 times
this is 1700 times / overall 2000 times
this is 1800 times / overall 2000 times
this is 1900 times / overall 2000 times
this is 87 times which has already done.
----------------------------------------------------------------------------------------------------
this is 88 times / overall 101 times (time step 870, t=8.70s)
1.5783986730351962 1.1110895438778718 1.1220471565856156
----------------------------------------------------------------------------------------------------
find index iteration: 0 10000
short indx is [[   0 1306 5476 ... 7265  206 1880]
 [   1 7243 1536 ... 2478 3373 3577]
 [   2 3360 8812 ... 4059 1586 7998]
 ...
 [9997 5731 9970 ... 4436 6514 5696]
 [9998 2332  842 ...  578 6716 7063]
 [9999 5995 4659 ...  610   24 3978]]
Scaled residual std at t=870: [3.15679735 2.22217909 2.24409431]
start_idx is 0; end_idx is 10000
this is 0 times / overall 2000 times
this is 100 times / overall 2000 times
this is 200 times / overall 2000 times
this is 300 times / overall 2000 times
this is 400 times / overall 2000 times
this is 500 times / overall 2000 times
this is 600 times / overall 2000 times
this is 700 times / overall 2000 times
this is 800 times / overall 2000 times
this is 900 times / overall 2000 times
this is 1000 times / overall 2000 times
this is 1100 times / overall 2000 times
this is 1200 times / overall 2000 times
this is 1300 times / overall 2000 times
this is 1400 times / overall 2000 times
this is 1500 times / overall 2000 times
this is 1600 times / overall 2000 times
this is 1700 times / overall 2000 times
this is 1800 times / overall 2000 times
this is 1900 times / overall 2000 times
this is 88 times which has already done.
----------------------------------------------------------------------------------------------------
this is 89 times / overall 101 times (time step 880, t=8.80s)
1.5843196384661755 1.1274277819444647 1.1246393119857505
----------------------------------------------------------------------------------------------------
find index iteration: 0 10000
short indx is [[   0 5842  439 ... 6191 1004 5248]
 [   1 8513 2460 ... 8036 6573 7975]
 [   2 3167  500 ... 1344 6004 1554]
 ...
 [9997  632 7585 ... 5520 7670 1156]
 [9998 5285  283 ... 4076 3648  699]
 [9999 2717 1039 ... 1505 7027 1241]]
Scaled residual std at t=880: [3.16863928 2.25485556 2.24927862]
start_idx is 0; end_idx is 10000
this is 0 times / overall 2000 times
this is 100 times / overall 2000 times
this is 200 times / overall 2000 times
this is 300 times / overall 2000 times
this is 400 times / overall 2000 times
this is 500 times / overall 2000 times
this is 600 times / overall 2000 times
this is 700 times / overall 2000 times
this is 800 times / overall 2000 times
this is 900 times / overall 2000 times
this is 1000 times / overall 2000 times
this is 1100 times / overall 2000 times
this is 1200 times / overall 2000 times
this is 1300 times / overall 2000 times
this is 1400 times / overall 2000 times
this is 1500 times / overall 2000 times
this is 1600 times / overall 2000 times
this is 1700 times / overall 2000 times
this is 1800 times / overall 2000 times
this is 1900 times / overall 2000 times
this is 89 times which has already done.
----------------------------------------------------------------------------------------------------
this is 90 times / overall 101 times (time step 890, t=8.90s)
1.5895299690917903 1.118277104274236 1.1130888907144825
----------------------------------------------------------------------------------------------------
find index iteration: 0 10000
short indx is [[   0  439 3345 ... 3736 3754  996]
 [   1 5637 6340 ... 4670 2795 7970]
 [   2  385 8083 ... 2347  495 3823]
 ...
 [9997  571 8880 ... 7725 1536 7451]
 [9998  753 4154 ... 7996 2092 7482]
 [9999 7438 4360 ... 1113 2428 1990]]
Scaled residual std at t=890: [3.17905994 2.23655421 2.22617778]
start_idx is 0; end_idx is 10000
this is 0 times / overall 2000 times
this is 100 times / overall 2000 times
this is 200 times / overall 2000 times
this is 300 times / overall 2000 times
this is 400 times / overall 2000 times
this is 500 times / overall 2000 times
this is 600 times / overall 2000 times
this is 700 times / overall 2000 times
this is 800 times / overall 2000 times
this is 900 times / overall 2000 times
this is 1000 times / overall 2000 times
this is 1100 times / overall 2000 times
this is 1200 times / overall 2000 times
this is 1300 times / overall 2000 times
this is 1400 times / overall 2000 times
this is 1500 times / overall 2000 times
this is 1600 times / overall 2000 times
this is 1700 times / overall 2000 times
this is 1800 times / overall 2000 times
this is 1900 times / overall 2000 times
this is 90 times which has already done.
----------------------------------------------------------------------------------------------------
this is 91 times / overall 101 times (time step 900, t=9.00s)
1.5780262559456633 1.1196153017575772 1.1183176958933099
----------------------------------------------------------------------------------------------------
find index iteration: 0 10000
short indx is [[   0  439  304 ... 4074 8300 2702]
 [   1 9183 3544 ... 2208  265 4538]
 [   2 4751 3866 ... 1518 9768  717]
 ...
 [9997  531 3438 ... 9759   50 9904]
 [9998 3565  286 ...  514 7459 6634]
 [9999 2478 3641 ... 9116 2867 6515]]
Scaled residual std at t=900: [3.15605251 2.2392306  2.23663539]
start_idx is 0; end_idx is 10000
this is 0 times / overall 2000 times
this is 100 times / overall 2000 times
this is 200 times / overall 2000 times
this is 300 times / overall 2000 times
this is 400 times / overall 2000 times
this is 500 times / overall 2000 times
this is 600 times / overall 2000 times
this is 700 times / overall 2000 times
this is 800 times / overall 2000 times
this is 900 times / overall 2000 times
this is 1000 times / overall 2000 times
this is 1100 times / overall 2000 times
this is 1200 times / overall 2000 times
this is 1300 times / overall 2000 times
this is 1400 times / overall 2000 times
this is 1500 times / overall 2000 times
this is 1600 times / overall 2000 times
this is 1700 times / overall 2000 times
this is 1800 times / overall 2000 times
this is 1900 times / overall 2000 times
this is 91 times which has already done.
----------------------------------------------------------------------------------------------------
this is 92 times / overall 101 times (time step 910, t=9.10s)
1.5735650024535743 1.1109987224531064 1.1168939469362777
----------------------------------------------------------------------------------------------------
find index iteration: 0 10000
short indx is [[   0 3345   81 ... 8888   30 5581]
 [   1 3544  743 ...  131 4220 2820]
 [   2 3249 6863 ... 5658 1948 8335]
 ...
 [9997 3438 7029 ... 5609  620 9696]
 [9998 8758 9125 ... 9472 2813 8241]
 [9999 2298 9290 ... 5438 9111 1415]]
Scaled residual std at t=910: [3.14713    2.22199744 2.23378789]
start_idx is 0; end_idx is 10000
this is 0 times / overall 2000 times
this is 100 times / overall 2000 times
this is 200 times / overall 2000 times
this is 300 times / overall 2000 times
this is 400 times / overall 2000 times
this is 500 times / overall 2000 times
this is 600 times / overall 2000 times
this is 700 times / overall 2000 times
this is 800 times / overall 2000 times
this is 900 times / overall 2000 times
this is 1000 times / overall 2000 times
this is 1100 times / overall 2000 times
this is 1200 times / overall 2000 times
this is 1300 times / overall 2000 times
this is 1400 times / overall 2000 times
this is 1500 times / overall 2000 times
this is 1600 times / overall 2000 times
this is 1700 times / overall 2000 times
this is 1800 times / overall 2000 times
this is 1900 times / overall 2000 times
this is 92 times which has already done.
----------------------------------------------------------------------------------------------------
this is 93 times / overall 101 times (time step 920, t=9.20s)
1.5704685968923109 1.112413450235702 1.1084087486457688
----------------------------------------------------------------------------------------------------
find index iteration: 0 10000
short indx is [[   0 9988 3329 ... 6967  301 9685]
 [   1  743 5817 ... 5606 4063 1197]
 [   2 5255 2232 ... 2048 2762 9828]
 ...
 [9997 7361 8500 ... 3498 3948 7613]
 [9998 7776 1366 ... 2258 9057 1887]
 [9999 7505 3761 ... 7161 3139  279]]
Scaled residual std at t=920: [3.14093719 2.2248269  2.2168175 ]
start_idx is 0; end_idx is 10000
this is 0 times / overall 2000 times
this is 100 times / overall 2000 times
this is 200 times / overall 2000 times
this is 300 times / overall 2000 times
this is 400 times / overall 2000 times
this is 500 times / overall 2000 times
this is 600 times / overall 2000 times
this is 700 times / overall 2000 times
this is 800 times / overall 2000 times
this is 900 times / overall 2000 times
this is 1000 times / overall 2000 times
this is 1100 times / overall 2000 times
this is 1200 times / overall 2000 times
this is 1300 times / overall 2000 times
this is 1400 times / overall 2000 times
this is 1500 times / overall 2000 times
this is 1600 times / overall 2000 times
this is 1700 times / overall 2000 times
this is 1800 times / overall 2000 times
this is 1900 times / overall 2000 times
this is 93 times which has already done.
----------------------------------------------------------------------------------------------------
this is 94 times / overall 101 times (time step 930, t=9.30s)
1.5956953583637103 1.121411756307726 1.1163850301396543
----------------------------------------------------------------------------------------------------
find index iteration: 0 10000
short indx is [[   0 4904 3482 ... 1873 2421 9159]
 [   1 3823 6833 ... 9438 4262 9455]
 [   2 1080 4741 ... 1745 7374 1465]
 ...
 [9997 7361 9311 ... 7537 3108  735]
 [9998 1677 5115 ... 4570 4436 1016]
 [9999 1233 7193 ... 1066  545 6642]]
Scaled residual std at t=930: [3.19139072 2.24282351 2.23277006]
start_idx is 0; end_idx is 10000
this is 0 times / overall 2000 times
this is 100 times / overall 2000 times
this is 200 times / overall 2000 times
this is 300 times / overall 2000 times
this is 400 times / overall 2000 times
this is 500 times / overall 2000 times
this is 600 times / overall 2000 times
this is 700 times / overall 2000 times
this is 800 times / overall 2000 times
this is 900 times / overall 2000 times
this is 1000 times / overall 2000 times
this is 1100 times / overall 2000 times
this is 1200 times / overall 2000 times
this is 1300 times / overall 2000 times
this is 1400 times / overall 2000 times
this is 1500 times / overall 2000 times
this is 1600 times / overall 2000 times
this is 1700 times / overall 2000 times
this is 1800 times / overall 2000 times
this is 1900 times / overall 2000 times
this is 94 times which has already done.
----------------------------------------------------------------------------------------------------
this is 95 times / overall 101 times (time step 940, t=9.40s)
1.5865242426797048 1.1288561729815054 1.1276566973465385
----------------------------------------------------------------------------------------------------
find index iteration: 0 10000
short indx is [[   0 8262 5872 ... 4396 3211 8017]
 [   1 7431 5005 ... 6008 7283 4310]
 [   2  259  428 ... 5678  175 6520]
 ...
 [9997 5022 8500 ... 6050 1821 6211]
 [9998 6518 1837 ... 1703 9088 4225]
 [9999 3301 7882 ... 9144 1667 4379]]
Scaled residual std at t=940: [3.17304849 2.25771235 2.25531339]
start_idx is 0; end_idx is 10000
this is 0 times / overall 2000 times
this is 100 times / overall 2000 times
this is 200 times / overall 2000 times
this is 300 times / overall 2000 times
this is 400 times / overall 2000 times
this is 500 times / overall 2000 times
this is 600 times / overall 2000 times
this is 700 times / overall 2000 times
this is 800 times / overall 2000 times
this is 900 times / overall 2000 times
this is 1000 times / overall 2000 times
this is 1100 times / overall 2000 times
this is 1200 times / overall 2000 times
this is 1300 times / overall 2000 times
this is 1400 times / overall 2000 times
this is 1500 times / overall 2000 times
this is 1600 times / overall 2000 times
this is 1700 times / overall 2000 times
this is 1800 times / overall 2000 times
this is 1900 times / overall 2000 times
this is 95 times which has already done.
----------------------------------------------------------------------------------------------------
this is 96 times / overall 101 times (time step 950, t=9.50s)
1.6047811904146405 1.120166233989034 1.140926082869848
----------------------------------------------------------------------------------------------------
find index iteration: 0 10000
short indx is [[   0 8610  506 ... 8630 9179 4678]
 [   1 3198 1154 ...   13  756 7819]
 [   2 9424 5351 ... 2813 5948 9079]
 ...
 [9997 4130 5388 ... 1978 6970 8441]
 [9998 1837 3901 ...  367 7972 3278]
 [9999 5487 7896 ... 4008 8305 8724]]
Scaled residual std at t=950: [3.20956238 2.24033247 2.28185217]
start_idx is 0; end_idx is 10000
this is 0 times / overall 2000 times
this is 100 times / overall 2000 times
this is 200 times / overall 2000 times
this is 300 times / overall 2000 times
this is 400 times / overall 2000 times
this is 500 times / overall 2000 times
this is 600 times / overall 2000 times
this is 700 times / overall 2000 times
this is 800 times / overall 2000 times
this is 900 times / overall 2000 times
this is 1000 times / overall 2000 times
this is 1100 times / overall 2000 times
this is 1200 times / overall 2000 times
this is 1300 times / overall 2000 times
this is 1400 times / overall 2000 times
this is 1500 times / overall 2000 times
this is 1600 times / overall 2000 times
this is 1700 times / overall 2000 times
this is 1800 times / overall 2000 times
this is 1900 times / overall 2000 times
this is 96 times which has already done.
----------------------------------------------------------------------------------------------------
this is 97 times / overall 101 times (time step 960, t=9.60s)
1.5770509158392156 1.1199922684200136 1.1124063475282782
----------------------------------------------------------------------------------------------------
find index iteration: 0 10000
short indx is [[   0 8066 3956 ... 4435 3493 2232]
 [   1 3744 7107 ... 3912 4295 2266]
 [   2 9560 7028 ... 3009  149 6309]
 ...
 [9997 8500 7268 ... 2711 2585 4697]
 [9998  472 5779 ... 6661 4525 5618]
 [9999 2309 6755 ... 9423 2060 1649]]
Scaled residual std at t=960: [3.15410183 2.23998454 2.2248127 ]
start_idx is 0; end_idx is 10000
this is 0 times / overall 2000 times
this is 100 times / overall 2000 times
this is 200 times / overall 2000 times
this is 300 times / overall 2000 times
this is 400 times / overall 2000 times
this is 500 times / overall 2000 times
this is 600 times / overall 2000 times
this is 700 times / overall 2000 times
this is 800 times / overall 2000 times
this is 900 times / overall 2000 times
this is 1000 times / overall 2000 times
this is 1100 times / overall 2000 times
this is 1200 times / overall 2000 times
this is 1300 times / overall 2000 times
this is 1400 times / overall 2000 times
this is 1500 times / overall 2000 times
this is 1600 times / overall 2000 times
this is 1700 times / overall 2000 times
this is 1800 times / overall 2000 times
this is 1900 times / overall 2000 times
this is 97 times which has already done.
----------------------------------------------------------------------------------------------------
this is 98 times / overall 101 times (time step 970, t=9.70s)
1.5727195672356 1.1207255530435534 1.1103984696336506
----------------------------------------------------------------------------------------------------
find index iteration: 0 10000
short indx is [[   0 6990  506 ... 1350 5995 8201]
 [   1 9904 1059 ... 2830 1807 5180]
 [   2 5732 1394 ... 6082 4173 4951]
 ...
 [9997 9597 8500 ... 6907 6707   51]
 [9998 8230 6461 ... 4011 5885 9132]
 [9999 8574 6230 ... 5019 9513 8355]]
Scaled residual std at t=970: [3.14543913 2.24145111 2.22079694]
start_idx is 0; end_idx is 10000
this is 0 times / overall 2000 times
this is 100 times / overall 2000 times
this is 200 times / overall 2000 times
this is 300 times / overall 2000 times
this is 400 times / overall 2000 times
this is 500 times / overall 2000 times
this is 600 times / overall 2000 times
this is 700 times / overall 2000 times
this is 800 times / overall 2000 times
this is 900 times / overall 2000 times
this is 1000 times / overall 2000 times
this is 1100 times / overall 2000 times
this is 1200 times / overall 2000 times
this is 1300 times / overall 2000 times
this is 1400 times / overall 2000 times
this is 1500 times / overall 2000 times
this is 1600 times / overall 2000 times
this is 1700 times / overall 2000 times
this is 1800 times / overall 2000 times
this is 1900 times / overall 2000 times
this is 98 times which has already done.
----------------------------------------------------------------------------------------------------
this is 99 times / overall 101 times (time step 980, t=9.80s)
1.6035574118083158 1.124410501220683 1.1142281954746112
----------------------------------------------------------------------------------------------------
find index iteration: 0 10000
short indx is [[   0 7098  822 ... 1104 5843 1458]
 [   1 3318 5555 ... 3976 3654 6246]
 [   2 8535 5116 ... 3006 2909 8192]
 ...
 [9997 5199 4645 ... 1636 2239 8725]
 [9998 1384 3114 ...  145 9005 5144]
 [9999 6251 5895 ... 9007 9438 5808]]
Scaled residual std at t=980: [3.20711482 2.248821   2.22845639]
start_idx is 0; end_idx is 10000
this is 0 times / overall 2000 times
this is 100 times / overall 2000 times
this is 200 times / overall 2000 times
this is 300 times / overall 2000 times
this is 400 times / overall 2000 times
this is 500 times / overall 2000 times
this is 600 times / overall 2000 times
this is 700 times / overall 2000 times
this is 800 times / overall 2000 times
this is 900 times / overall 2000 times
this is 1000 times / overall 2000 times
this is 1100 times / overall 2000 times
this is 1200 times / overall 2000 times
this is 1300 times / overall 2000 times
this is 1400 times / overall 2000 times
this is 1500 times / overall 2000 times
this is 1600 times / overall 2000 times
this is 1700 times / overall 2000 times
this is 1800 times / overall 2000 times
this is 1900 times / overall 2000 times
this is 99 times which has already done.
----------------------------------------------------------------------------------------------------
this is 100 times / overall 101 times (time step 990, t=9.90s)
1.5740127581515564 1.1122987799739987 1.1232794683407232
----------------------------------------------------------------------------------------------------
find index iteration: 0 10000
short indx is [[   0 9003 8066 ... 4659 1289 4478]
 [   1 2751 1961 ... 3608 7106 2228]
 [   2  754 1200 ... 3240 4341 3830]
 ...
 [9997 9188 7182 ... 5740 9784 6346]
 [9998 1734 9092 ... 5333 5780 5380]
 [9999  123 1670 ... 1732 2306 3677]]
Scaled residual std at t=990: [3.14802552 2.22459756 2.24655894]
start_idx is 0; end_idx is 10000
this is 0 times / overall 2000 times
this is 100 times / overall 2000 times
this is 200 times / overall 2000 times
this is 300 times / overall 2000 times
this is 400 times / overall 2000 times
this is 500 times / overall 2000 times
this is 600 times / overall 2000 times
this is 700 times / overall 2000 times
this is 800 times / overall 2000 times
this is 900 times / overall 2000 times
this is 1000 times / overall 2000 times
this is 1100 times / overall 2000 times
this is 1200 times / overall 2000 times
this is 1300 times / overall 2000 times
this is 1400 times / overall 2000 times
this is 1500 times / overall 2000 times
this is 1600 times / overall 2000 times
this is 1700 times / overall 2000 times
this is 1800 times / overall 2000 times
this is 1900 times / overall 2000 times
this is 100 times which has already done.
----------------------------------------------------------------------------------------------------
this is 101 times / overall 101 times (time step 999, t=10.00s)
1.5703999916975333 1.126124511519458 1.1157569310999833
----------------------------------------------------------------------------------------------------
find index iteration: 0 10000
short indx is [[   0 6381 3030 ... 2074 5098 5737]
 [   1 1524 1860 ... 4336 9067 2067]
 [   2 3541 8022 ... 6339 5769 3261]
 ...
 [9997 6881 9954 ... 2125 1574 6692]
 [9998 5546 8919 ... 5230 2381 5380]
 [9999  535 4198 ... 5725 6916 5553]]
Scaled residual std at t=999: [3.14079998 2.25224902 2.23151386]
start_idx is 0; end_idx is 10000
this is 0 times / overall 2000 times
this is 100 times / overall 2000 times
this is 200 times / overall 2000 times
this is 300 times / overall 2000 times
this is 400 times / overall 2000 times
this is 500 times / overall 2000 times
this is 600 times / overall 2000 times
this is 700 times / overall 2000 times
this is 800 times / overall 2000 times
this is 900 times / overall 2000 times
this is 1000 times / overall 2000 times
this is 1100 times / overall 2000 times
this is 1200 times / overall 2000 times
this is 1300 times / overall 2000 times
this is 1400 times / overall 2000 times
this is 1500 times / overall 2000 times
this is 1600 times / overall 2000 times
this is 1700 times / overall 2000 times
this is 1800 times / overall 2000 times
this is 1900 times / overall 2000 times
this is 101 times which has already done.
[INFO] the ODE solution shape is: (10000, 3, 101)
[INFO] this is print for mean and std: (101, 3) (101, 3)
Training on 100 time points out of 101 total
Time range: 0.00s to 1.00s
this is 1 times / overall 100 times (time step 0, t=0.00s)
this is 1 dimension / overall 3 dimensions
Training model 1/5
Training model 2/5
Training model 3/5
Training model 4/5
Training model 5/5
this is 2 dimension / overall 3 dimensions
Training model 1/5
Training model 2/5
Training model 3/5
Training model 4/5
Training model 5/5
this is 3 dimension / overall 3 dimensions
Training model 1/5
Training model 2/5
Training model 3/5
Training model 4/5
Training model 5/5
this is 2 times / overall 100 times (time step 1, t=0.01s)
this is 1 dimension / overall 3 dimensions
Training model 1/5
Training model 2/5
Training model 3/5
Training model 4/5
Training model 5/5
this is 2 dimension / overall 3 dimensions
Training model 1/5
Training model 2/5
Training model 3/5
Training model 4/5
Training model 5/5
this is 3 dimension / overall 3 dimensions
Training model 1/5
Training model 2/5
Training model 3/5
Training model 4/5
Training model 5/5
this is 3 times / overall 100 times (time step 2, t=0.02s)
this is 1 dimension / overall 3 dimensions
Training model 1/5
Training model 2/5
Training model 3/5
Training model 4/5
Training model 5/5
this is 2 dimension / overall 3 dimensions
Training model 1/5
Training model 2/5
Training model 3/5
Training model 4/5
Training model 5/5
this is 3 dimension / overall 3 dimensions
Training model 1/5
Training model 2/5
Training model 3/5
Training model 4/5
Training model 5/5
this is 4 times / overall 100 times (time step 3, t=0.03s)
this is 1 dimension / overall 3 dimensions
Training model 1/5
Training model 2/5
Training model 3/5
Training model 4/5
Training model 5/5
this is 2 dimension / overall 3 dimensions
Training model 1/5
Training model 2/5
Training model 3/5
Training model 4/5
Training model 5/5
this is 3 dimension / overall 3 dimensions
Training model 1/5
Training model 2/5
Training model 3/5
Training model 4/5
Training model 5/5
this is 5 times / overall 100 times (time step 4, t=0.04s)
this is 1 dimension / overall 3 dimensions
Training model 1/5
Training model 2/5
Training model 3/5
Training model 4/5
Training model 5/5
this is 2 dimension / overall 3 dimensions
Training model 1/5
Training model 2/5
Training model 3/5
Training model 4/5
Training model 5/5
this is 3 dimension / overall 3 dimensions
Training model 1/5
Training model 2/5
Training model 3/5
Training model 4/5
Training model 5/5
this is 6 times / overall 100 times (time step 5, t=0.05s)
this is 1 dimension / overall 3 dimensions
Training model 1/5
Training model 2/5
Training model 3/5
Training model 4/5
Training model 5/5
this is 2 dimension / overall 3 dimensions
Training model 1/5
Training model 2/5
Training model 3/5
Training model 4/5
Training model 5/5
this is 3 dimension / overall 3 dimensions
Training model 1/5
Training model 2/5
Training model 3/5
Training model 4/5
Training model 5/5
this is 7 times / overall 100 times (time step 6, t=0.06s)
this is 1 dimension / overall 3 dimensions
Training model 1/5
Training model 2/5
Training model 3/5
Training model 4/5
Training model 5/5
this is 2 dimension / overall 3 dimensions
Training model 1/5
Training model 2/5
Training model 3/5
Training model 4/5
Training model 5/5
this is 3 dimension / overall 3 dimensions
Training model 1/5
Training model 2/5
Training model 3/5
Training model 4/5
Training model 5/5
this is 8 times / overall 100 times (time step 7, t=0.07s)
this is 1 dimension / overall 3 dimensions
Training model 1/5
Training model 2/5
Training model 3/5
Training model 4/5
Training model 5/5
this is 2 dimension / overall 3 dimensions
Training model 1/5
Training model 2/5
Training model 3/5
Training model 4/5
Training model 5/5
this is 3 dimension / overall 3 dimensions
Training model 1/5
Training model 2/5
Training model 3/5
Training model 4/5
Training model 5/5
this is 9 times / overall 100 times (time step 8, t=0.08s)
this is 1 dimension / overall 3 dimensions
Training model 1/5
Training model 2/5
Training model 3/5
Training model 4/5
Training model 5/5
this is 2 dimension / overall 3 dimensions
Training model 1/5
Training model 2/5
Training model 3/5
Training model 4/5
Training model 5/5
this is 3 dimension / overall 3 dimensions
Training model 1/5
Training model 2/5
Training model 3/5
Training model 4/5
Training model 5/5
this is 10 times / overall 100 times (time step 9, t=0.09s)
this is 1 dimension / overall 3 dimensions
Training model 1/5
Training model 2/5
Training model 3/5
Training model 4/5
Training model 5/5
this is 2 dimension / overall 3 dimensions
Training model 1/5
Training model 2/5
Training model 3/5
Training model 4/5
Training model 5/5
this is 3 dimension / overall 3 dimensions
Training model 1/5
Training model 2/5
Training model 3/5
Training model 4/5
Training model 5/5
this is 11 times / overall 100 times (time step 10, t=0.10s)
this is 1 dimension / overall 3 dimensions
Training model 1/5
Training model 2/5
Training model 3/5
Training model 4/5
Training model 5/5
this is 2 dimension / overall 3 dimensions
Training model 1/5
Training model 2/5
Training model 3/5
Training model 4/5
Training model 5/5
this is 3 dimension / overall 3 dimensions
Training model 1/5
Training model 2/5
Training model 3/5
Training model 4/5
Training model 5/5
this is 12 times / overall 100 times (time step 11, t=0.11s)
this is 1 dimension / overall 3 dimensions
Training model 1/5
Training model 2/5
Training model 3/5
Training model 4/5
Training model 5/5
this is 2 dimension / overall 3 dimensions
Training model 1/5
Training model 2/5
Training model 3/5
Training model 4/5
Training model 5/5
this is 3 dimension / overall 3 dimensions
Training model 1/5
Training model 2/5
Training model 3/5
Training model 4/5
Training model 5/5
this is 13 times / overall 100 times (time step 12, t=0.12s)
this is 1 dimension / overall 3 dimensions
Training model 1/5
Training model 2/5
Training model 3/5
Training model 4/5
Training model 5/5
this is 2 dimension / overall 3 dimensions
Training model 1/5
Training model 2/5
Training model 3/5
Training model 4/5
Training model 5/5
this is 3 dimension / overall 3 dimensions
Training model 1/5
Training model 2/5
Training model 3/5
Training model 4/5
Training model 5/5
this is 14 times / overall 100 times (time step 13, t=0.13s)
this is 1 dimension / overall 3 dimensions
Training model 1/5
Training model 2/5
Training model 3/5
Training model 4/5
Training model 5/5
this is 2 dimension / overall 3 dimensions
Training model 1/5
Training model 2/5
Training model 3/5
Training model 4/5
Training model 5/5
this is 3 dimension / overall 3 dimensions
Training model 1/5
Training model 2/5
Training model 3/5
Training model 4/5
Training model 5/5
this is 15 times / overall 100 times (time step 14, t=0.14s)
this is 1 dimension / overall 3 dimensions
Training model 1/5
Training model 2/5
Training model 3/5
Training model 4/5
Training model 5/5
this is 2 dimension / overall 3 dimensions
Training model 1/5
Training model 2/5
Training model 3/5
Training model 4/5
Training model 5/5
this is 3 dimension / overall 3 dimensions
Training model 1/5
Training model 2/5
Training model 3/5
Training model 4/5
Training model 5/5
this is 16 times / overall 100 times (time step 15, t=0.15s)
this is 1 dimension / overall 3 dimensions
Training model 1/5
Training model 2/5
Training model 3/5
Training model 4/5
Training model 5/5
this is 2 dimension / overall 3 dimensions
Training model 1/5
Training model 2/5
Training model 3/5
Training model 4/5
Training model 5/5
this is 3 dimension / overall 3 dimensions
Training model 1/5
Training model 2/5
Training model 3/5
Training model 4/5
Training model 5/5
this is 17 times / overall 100 times (time step 16, t=0.16s)
this is 1 dimension / overall 3 dimensions
Training model 1/5
Training model 2/5
Training model 3/5
Training model 4/5
Training model 5/5
this is 2 dimension / overall 3 dimensions
Training model 1/5
Training model 2/5
Training model 3/5
Training model 4/5
Training model 5/5
this is 3 dimension / overall 3 dimensions
Training model 1/5
Training model 2/5
Training model 3/5
Training model 4/5
Training model 5/5
this is 18 times / overall 100 times (time step 17, t=0.17s)
this is 1 dimension / overall 3 dimensions
Training model 1/5
Training model 2/5
Training model 3/5
Training model 4/5
Training model 5/5
this is 2 dimension / overall 3 dimensions
Training model 1/5
Training model 2/5
Training model 3/5
Training model 4/5
Training model 5/5
this is 3 dimension / overall 3 dimensions
Training model 1/5
Training model 2/5
Training model 3/5
Training model 4/5
Training model 5/5
this is 19 times / overall 100 times (time step 18, t=0.18s)
this is 1 dimension / overall 3 dimensions
Training model 1/5
Training model 2/5
Training model 3/5
Training model 4/5
Training model 5/5
this is 2 dimension / overall 3 dimensions
Training model 1/5
Training model 2/5
Training model 3/5
Training model 4/5
Training model 5/5
this is 3 dimension / overall 3 dimensions
Training model 1/5
Training model 2/5
Training model 3/5
Training model 4/5
Training model 5/5
this is 20 times / overall 100 times (time step 19, t=0.19s)
this is 1 dimension / overall 3 dimensions
Training model 1/5
Training model 2/5
Training model 3/5
Training model 4/5
Training model 5/5
this is 2 dimension / overall 3 dimensions
Training model 1/5
Training model 2/5
Training model 3/5
Training model 4/5
Training model 5/5
this is 3 dimension / overall 3 dimensions
Training model 1/5
Training model 2/5
Training model 3/5
Training model 4/5
Training model 5/5
this is 21 times / overall 100 times (time step 20, t=0.20s)
this is 1 dimension / overall 3 dimensions
Training model 1/5
Training model 2/5
Training model 3/5
Training model 4/5
Training model 5/5
this is 2 dimension / overall 3 dimensions
Training model 1/5
Training model 2/5
Training model 3/5
Training model 4/5
Training model 5/5
this is 3 dimension / overall 3 dimensions
Training model 1/5
Training model 2/5
Training model 3/5
Training model 4/5
Training model 5/5
this is 22 times / overall 100 times (time step 21, t=0.21s)
this is 1 dimension / overall 3 dimensions
Training model 1/5
Training model 2/5
Training model 3/5
Training model 4/5
Training model 5/5
this is 2 dimension / overall 3 dimensions
Training model 1/5
Training model 2/5
Training model 3/5
Training model 4/5
Training model 5/5
this is 3 dimension / overall 3 dimensions
Training model 1/5
Training model 2/5
Training model 3/5
Training model 4/5
Training model 5/5
this is 23 times / overall 100 times (time step 22, t=0.22s)
this is 1 dimension / overall 3 dimensions
Training model 1/5
Training model 2/5
Training model 3/5
Training model 4/5
Training model 5/5
this is 2 dimension / overall 3 dimensions
Training model 1/5
Training model 2/5
Training model 3/5
Training model 4/5
Training model 5/5
this is 3 dimension / overall 3 dimensions
Training model 1/5
Training model 2/5
Training model 3/5
Training model 4/5
Training model 5/5
this is 24 times / overall 100 times (time step 23, t=0.23s)
this is 1 dimension / overall 3 dimensions
Training model 1/5
Training model 2/5
Training model 3/5
Training model 4/5
Training model 5/5
this is 2 dimension / overall 3 dimensions
Training model 1/5
Training model 2/5
Training model 3/5
Training model 4/5
Training model 5/5
this is 3 dimension / overall 3 dimensions
Training model 1/5
Training model 2/5
Training model 3/5
Training model 4/5
Training model 5/5
this is 25 times / overall 100 times (time step 24, t=0.24s)
this is 1 dimension / overall 3 dimensions
Training model 1/5
Training model 2/5
Training model 3/5
Training model 4/5
Training model 5/5
this is 2 dimension / overall 3 dimensions
Training model 1/5
Training model 2/5
Training model 3/5
Training model 4/5
Training model 5/5
this is 3 dimension / overall 3 dimensions
Training model 1/5
Training model 2/5
Training model 3/5
Training model 4/5
Training model 5/5
this is 26 times / overall 100 times (time step 25, t=0.25s)
this is 1 dimension / overall 3 dimensions
Training model 1/5
Training model 2/5
Training model 3/5
Training model 4/5
Training model 5/5
this is 2 dimension / overall 3 dimensions
Training model 1/5
Training model 2/5
Training model 3/5
Training model 4/5
Training model 5/5
this is 3 dimension / overall 3 dimensions
Training model 1/5
Training model 2/5
Training model 3/5
Training model 4/5
Training model 5/5
this is 27 times / overall 100 times (time step 26, t=0.26s)
this is 1 dimension / overall 3 dimensions
Training model 1/5
Training model 2/5
Training model 3/5
Training model 4/5
Training model 5/5
this is 2 dimension / overall 3 dimensions
Training model 1/5
Training model 2/5
Training model 3/5
Training model 4/5
Training model 5/5
this is 3 dimension / overall 3 dimensions
Training model 1/5
Training model 2/5
Training model 3/5
Training model 4/5
Training model 5/5
this is 28 times / overall 100 times (time step 27, t=0.27s)
this is 1 dimension / overall 3 dimensions
Training model 1/5
Training model 2/5
Training model 3/5
Training model 4/5
Training model 5/5
this is 2 dimension / overall 3 dimensions
Training model 1/5
Training model 2/5
Training model 3/5
Training model 4/5
Training model 5/5
this is 3 dimension / overall 3 dimensions
Training model 1/5
Training model 2/5
Training model 3/5
Training model 4/5
Training model 5/5
this is 29 times / overall 100 times (time step 28, t=0.28s)
this is 1 dimension / overall 3 dimensions
Training model 1/5
Training model 2/5
Training model 3/5
Training model 4/5
Training model 5/5
this is 2 dimension / overall 3 dimensions
Training model 1/5
Training model 2/5
Training model 3/5
Training model 4/5
Training model 5/5
this is 3 dimension / overall 3 dimensions
Training model 1/5
Training model 2/5
Training model 3/5
Training model 4/5
Training model 5/5
this is 30 times / overall 100 times (time step 29, t=0.29s)
this is 1 dimension / overall 3 dimensions
Training model 1/5
Training model 2/5
Training model 3/5
Training model 4/5
Training model 5/5
this is 2 dimension / overall 3 dimensions
Training model 1/5
Training model 2/5
Training model 3/5
Training model 4/5
Training model 5/5
this is 3 dimension / overall 3 dimensions
Training model 1/5
Training model 2/5
Training model 3/5
Training model 4/5
Training model 5/5
this is 31 times / overall 100 times (time step 30, t=0.30s)
this is 1 dimension / overall 3 dimensions
Training model 1/5
Training model 2/5
Training model 3/5
Training model 4/5
Training model 5/5
this is 2 dimension / overall 3 dimensions
Training model 1/5
Training model 2/5
Training model 3/5
Training model 4/5
Training model 5/5
this is 3 dimension / overall 3 dimensions
Training model 1/5
Training model 2/5
Training model 3/5
Training model 4/5
Training model 5/5
this is 32 times / overall 100 times (time step 31, t=0.31s)
this is 1 dimension / overall 3 dimensions
Training model 1/5
Training model 2/5
Training model 3/5
Training model 4/5
Training model 5/5
this is 2 dimension / overall 3 dimensions
Training model 1/5
Training model 2/5
Training model 3/5
Training model 4/5
Training model 5/5
this is 3 dimension / overall 3 dimensions
Training model 1/5
Training model 2/5
Training model 3/5
Training model 4/5
Training model 5/5
this is 33 times / overall 100 times (time step 32, t=0.32s)
this is 1 dimension / overall 3 dimensions
Training model 1/5
Training model 2/5
Training model 3/5
Training model 4/5
Training model 5/5
this is 2 dimension / overall 3 dimensions
Training model 1/5
Training model 2/5
Training model 3/5
Training model 4/5
Training model 5/5
this is 3 dimension / overall 3 dimensions
Training model 1/5
Training model 2/5
Training model 3/5
Training model 4/5
Training model 5/5
this is 34 times / overall 100 times (time step 33, t=0.33s)
this is 1 dimension / overall 3 dimensions
Training model 1/5
Training model 2/5
Training model 3/5
Training model 4/5
Training model 5/5
this is 2 dimension / overall 3 dimensions
Training model 1/5
Training model 2/5
Training model 3/5
Training model 4/5
Training model 5/5
this is 3 dimension / overall 3 dimensions
Training model 1/5
Training model 2/5
Training model 3/5
Training model 4/5
Training model 5/5
this is 35 times / overall 100 times (time step 34, t=0.34s)
this is 1 dimension / overall 3 dimensions
Training model 1/5
Training model 2/5
Training model 3/5
Training model 4/5
Training model 5/5
this is 2 dimension / overall 3 dimensions
Training model 1/5
Training model 2/5
Training model 3/5
Training model 4/5
Training model 5/5
this is 3 dimension / overall 3 dimensions
Training model 1/5
Training model 2/5
Training model 3/5
Training model 4/5
Training model 5/5
this is 36 times / overall 100 times (time step 35, t=0.35s)
this is 1 dimension / overall 3 dimensions
Training model 1/5
Training model 2/5
Training model 3/5
Training model 4/5
Training model 5/5
this is 2 dimension / overall 3 dimensions
Training model 1/5
Training model 2/5
Training model 3/5
Training model 4/5
Training model 5/5
this is 3 dimension / overall 3 dimensions
Training model 1/5
Training model 2/5
Training model 3/5
Training model 4/5
Training model 5/5
this is 37 times / overall 100 times (time step 36, t=0.36s)
this is 1 dimension / overall 3 dimensions
Training model 1/5
Training model 2/5
Training model 3/5
Training model 4/5
Training model 5/5
this is 2 dimension / overall 3 dimensions
Training model 1/5
Training model 2/5
Training model 3/5
Training model 4/5
Training model 5/5
this is 3 dimension / overall 3 dimensions
Training model 1/5
Training model 2/5
Training model 3/5
Training model 4/5
Training model 5/5
this is 38 times / overall 100 times (time step 37, t=0.37s)
this is 1 dimension / overall 3 dimensions
Training model 1/5
Training model 2/5
Training model 3/5
Training model 4/5
Training model 5/5
this is 2 dimension / overall 3 dimensions
Training model 1/5
Training model 2/5
Training model 3/5
Training model 4/5
Training model 5/5
this is 3 dimension / overall 3 dimensions
Training model 1/5
Training model 2/5
Training model 3/5
Training model 4/5
Training model 5/5
this is 39 times / overall 100 times (time step 38, t=0.38s)
this is 1 dimension / overall 3 dimensions
Training model 1/5
Training model 2/5
Training model 3/5
Training model 4/5
Training model 5/5
this is 2 dimension / overall 3 dimensions
Training model 1/5
Training model 2/5
Training model 3/5
Training model 4/5
Training model 5/5
this is 3 dimension / overall 3 dimensions
Training model 1/5
Training model 2/5
Training model 3/5
Training model 4/5
Training model 5/5
this is 40 times / overall 100 times (time step 39, t=0.39s)
this is 1 dimension / overall 3 dimensions
Training model 1/5
Training model 2/5
Training model 3/5
Training model 4/5
Training model 5/5
this is 2 dimension / overall 3 dimensions
Training model 1/5
Training model 2/5
Training model 3/5
Training model 4/5
Training model 5/5
this is 3 dimension / overall 3 dimensions
Training model 1/5
Training model 2/5
Training model 3/5
Training model 4/5
Training model 5/5
this is 41 times / overall 100 times (time step 40, t=0.40s)
this is 1 dimension / overall 3 dimensions
Training model 1/5
Training model 2/5
Training model 3/5
Training model 4/5
Training model 5/5
this is 2 dimension / overall 3 dimensions
Training model 1/5
Training model 2/5
Training model 3/5
Training model 4/5
Training model 5/5
this is 3 dimension / overall 3 dimensions
Training model 1/5
Training model 2/5
Training model 3/5
Training model 4/5
Training model 5/5
this is 42 times / overall 100 times (time step 41, t=0.41s)
this is 1 dimension / overall 3 dimensions
Training model 1/5
Training model 2/5
Training model 3/5
Training model 4/5
Training model 5/5
this is 2 dimension / overall 3 dimensions
Training model 1/5
Training model 2/5
Training model 3/5
Training model 4/5
Training model 5/5
this is 3 dimension / overall 3 dimensions
Training model 1/5
Training model 2/5
Training model 3/5
Training model 4/5
Training model 5/5
this is 43 times / overall 100 times (time step 42, t=0.42s)
this is 1 dimension / overall 3 dimensions
Training model 1/5
Training model 2/5
Training model 3/5
Training model 4/5
Training model 5/5
this is 2 dimension / overall 3 dimensions
Training model 1/5
Training model 2/5
Training model 3/5
Training model 4/5
Training model 5/5
this is 3 dimension / overall 3 dimensions
Training model 1/5
Training model 2/5
Training model 3/5
Training model 4/5
Training model 5/5
this is 44 times / overall 100 times (time step 43, t=0.43s)
this is 1 dimension / overall 3 dimensions
Training model 1/5
Training model 2/5
Training model 3/5
Training model 4/5
Training model 5/5
this is 2 dimension / overall 3 dimensions
Training model 1/5
Training model 2/5
Training model 3/5
Training model 4/5
Training model 5/5
this is 3 dimension / overall 3 dimensions
Training model 1/5
Training model 2/5
Training model 3/5
Training model 4/5
Training model 5/5
this is 45 times / overall 100 times (time step 44, t=0.44s)
this is 1 dimension / overall 3 dimensions
Training model 1/5
Training model 2/5
Training model 3/5
Training model 4/5
Training model 5/5
this is 2 dimension / overall 3 dimensions
Training model 1/5
Training model 2/5
Training model 3/5
Training model 4/5
Training model 5/5
this is 3 dimension / overall 3 dimensions
Training model 1/5
Training model 2/5
Training model 3/5
Training model 4/5
Training model 5/5
this is 46 times / overall 100 times (time step 45, t=0.45s)
this is 1 dimension / overall 3 dimensions
Training model 1/5
Training model 2/5
Training model 3/5
Training model 4/5
Training model 5/5
this is 2 dimension / overall 3 dimensions
Training model 1/5
Training model 2/5
Training model 3/5
Training model 4/5
Training model 5/5
this is 3 dimension / overall 3 dimensions
Training model 1/5
Training model 2/5
Training model 3/5
Training model 4/5
Training model 5/5
this is 47 times / overall 100 times (time step 46, t=0.46s)
this is 1 dimension / overall 3 dimensions
Training model 1/5
Training model 2/5
Training model 3/5
Training model 4/5
Training model 5/5
this is 2 dimension / overall 3 dimensions
Training model 1/5
Training model 2/5
Training model 3/5
Training model 4/5
Training model 5/5
this is 3 dimension / overall 3 dimensions
Training model 1/5
Training model 2/5
Training model 3/5
Training model 4/5
Training model 5/5
this is 48 times / overall 100 times (time step 47, t=0.47s)
this is 1 dimension / overall 3 dimensions
Training model 1/5
Training model 2/5
Training model 3/5
Training model 4/5
Training model 5/5
this is 2 dimension / overall 3 dimensions
Training model 1/5
Training model 2/5
Training model 3/5
Training model 4/5
Training model 5/5
this is 3 dimension / overall 3 dimensions
Training model 1/5
Training model 2/5
Training model 3/5
Training model 4/5
Training model 5/5
this is 49 times / overall 100 times (time step 48, t=0.48s)
this is 1 dimension / overall 3 dimensions
Training model 1/5
Training model 2/5
Training model 3/5
Training model 4/5
Training model 5/5
this is 2 dimension / overall 3 dimensions
Training model 1/5
Training model 2/5
Training model 3/5
Training model 4/5
Training model 5/5
this is 3 dimension / overall 3 dimensions
Training model 1/5
Training model 2/5
Training model 3/5
Training model 4/5
Training model 5/5
this is 50 times / overall 100 times (time step 49, t=0.49s)
this is 1 dimension / overall 3 dimensions
Training model 1/5
Training model 2/5
Training model 3/5
Training model 4/5
Training model 5/5
this is 2 dimension / overall 3 dimensions
Training model 1/5
Training model 2/5
Training model 3/5
Training model 4/5
Training model 5/5
this is 3 dimension / overall 3 dimensions
Training model 1/5
Training model 2/5
Training model 3/5
Training model 4/5
Training model 5/5
this is 51 times / overall 100 times (time step 50, t=0.51s)
this is 1 dimension / overall 3 dimensions
Training model 1/5
Training model 2/5
Training model 3/5
Training model 4/5
Training model 5/5
this is 2 dimension / overall 3 dimensions
Training model 1/5
Training model 2/5
Training model 3/5
Training model 4/5
Training model 5/5
this is 3 dimension / overall 3 dimensions
Training model 1/5
Training model 2/5
Training model 3/5
Training model 4/5
Training model 5/5
this is 52 times / overall 100 times (time step 52, t=0.52s)
this is 1 dimension / overall 3 dimensions
Training model 1/5
Training model 2/5
Training model 3/5
Training model 4/5
Training model 5/5
this is 2 dimension / overall 3 dimensions
Training model 1/5
Training model 2/5
Training model 3/5
Training model 4/5
Training model 5/5
this is 3 dimension / overall 3 dimensions
Training model 1/5
Training model 2/5
Training model 3/5
Training model 4/5
Training model 5/5
this is 53 times / overall 100 times (time step 53, t=0.53s)
this is 1 dimension / overall 3 dimensions
Training model 1/5
Training model 2/5
Training model 3/5
Training model 4/5
Training model 5/5
this is 2 dimension / overall 3 dimensions
Training model 1/5
Training model 2/5
Training model 3/5
Training model 4/5
Training model 5/5
this is 3 dimension / overall 3 dimensions
Training model 1/5
Training model 2/5
Training model 3/5
Training model 4/5
Training model 5/5
this is 54 times / overall 100 times (time step 54, t=0.54s)
this is 1 dimension / overall 3 dimensions
Training model 1/5
Training model 2/5
Training model 3/5
Training model 4/5
Training model 5/5
this is 2 dimension / overall 3 dimensions
Training model 1/5
Training model 2/5
Training model 3/5
Training model 4/5
Training model 5/5
this is 3 dimension / overall 3 dimensions
Training model 1/5
Training model 2/5
Training model 3/5
Training model 4/5
Training model 5/5
this is 55 times / overall 100 times (time step 55, t=0.55s)
this is 1 dimension / overall 3 dimensions
Training model 1/5
Training model 2/5
Training model 3/5
Training model 4/5
Training model 5/5
this is 2 dimension / overall 3 dimensions
Training model 1/5
Training model 2/5
Training model 3/5
Training model 4/5
Training model 5/5
this is 3 dimension / overall 3 dimensions
Training model 1/5
Training model 2/5
Training model 3/5
Training model 4/5
Training model 5/5
this is 56 times / overall 100 times (time step 56, t=0.56s)
this is 1 dimension / overall 3 dimensions
Training model 1/5
Training model 2/5
Training model 3/5
Training model 4/5
Training model 5/5
this is 2 dimension / overall 3 dimensions
Training model 1/5
Training model 2/5
Training model 3/5
Training model 4/5
Training model 5/5
this is 3 dimension / overall 3 dimensions
Training model 1/5
Training model 2/5
Training model 3/5
Training model 4/5
Training model 5/5
this is 57 times / overall 100 times (time step 57, t=0.57s)
this is 1 dimension / overall 3 dimensions
Training model 1/5
Training model 2/5
Training model 3/5
Training model 4/5
Training model 5/5
this is 2 dimension / overall 3 dimensions
Training model 1/5
Training model 2/5
Training model 3/5
Training model 4/5
Training model 5/5
this is 3 dimension / overall 3 dimensions
Training model 1/5
Training model 2/5
Training model 3/5
Training model 4/5
Training model 5/5
this is 58 times / overall 100 times (time step 58, t=0.58s)
this is 1 dimension / overall 3 dimensions
Training model 1/5
Training model 2/5
Training model 3/5
Training model 4/5
Training model 5/5
this is 2 dimension / overall 3 dimensions
Training model 1/5
Training model 2/5
Training model 3/5
Training model 4/5
Training model 5/5
this is 3 dimension / overall 3 dimensions
Training model 1/5
Training model 2/5
Training model 3/5
Training model 4/5
Training model 5/5
this is 59 times / overall 100 times (time step 59, t=0.59s)
this is 1 dimension / overall 3 dimensions
Training model 1/5
Training model 2/5
Training model 3/5
Training model 4/5
Training model 5/5
this is 2 dimension / overall 3 dimensions
Training model 1/5
Training model 2/5
Training model 3/5
Training model 4/5
Training model 5/5
this is 3 dimension / overall 3 dimensions
Training model 1/5
Training model 2/5
Training model 3/5
Training model 4/5
Training model 5/5
this is 60 times / overall 100 times (time step 60, t=0.60s)
this is 1 dimension / overall 3 dimensions
Training model 1/5
Training model 2/5
Training model 3/5
Training model 4/5
Training model 5/5
this is 2 dimension / overall 3 dimensions
Training model 1/5
Training model 2/5
Training model 3/5
Training model 4/5
Training model 5/5
this is 3 dimension / overall 3 dimensions
Training model 1/5
Training model 2/5
Training model 3/5
Training model 4/5
Training model 5/5
this is 61 times / overall 100 times (time step 61, t=0.61s)
this is 1 dimension / overall 3 dimensions
Training model 1/5
Training model 2/5
Training model 3/5
Training model 4/5
Training model 5/5
this is 2 dimension / overall 3 dimensions
Training model 1/5
Training model 2/5
Training model 3/5
Training model 4/5
Training model 5/5
this is 3 dimension / overall 3 dimensions
Training model 1/5
Training model 2/5
Training model 3/5
Training model 4/5
Training model 5/5
this is 62 times / overall 100 times (time step 62, t=0.62s)
this is 1 dimension / overall 3 dimensions
Training model 1/5
Training model 2/5
Training model 3/5
Training model 4/5
Training model 5/5
this is 2 dimension / overall 3 dimensions
Training model 1/5
Training model 2/5
Training model 3/5
Training model 4/5
Training model 5/5
this is 3 dimension / overall 3 dimensions
Training model 1/5
Training model 2/5
Training model 3/5
Training model 4/5
Training model 5/5
this is 63 times / overall 100 times (time step 63, t=0.63s)
this is 1 dimension / overall 3 dimensions
Training model 1/5
Training model 2/5
Training model 3/5
Training model 4/5
Training model 5/5
this is 2 dimension / overall 3 dimensions
Training model 1/5
Training model 2/5
Training model 3/5
Training model 4/5
Training model 5/5
this is 3 dimension / overall 3 dimensions
Training model 1/5
Training model 2/5
Training model 3/5
Training model 4/5
Training model 5/5
this is 64 times / overall 100 times (time step 64, t=0.64s)
this is 1 dimension / overall 3 dimensions
Training model 1/5
Training model 2/5
Training model 3/5
Training model 4/5
Training model 5/5
this is 2 dimension / overall 3 dimensions
Training model 1/5
Training model 2/5
Training model 3/5
Training model 4/5
Training model 5/5
this is 3 dimension / overall 3 dimensions
Training model 1/5
Training model 2/5
Training model 3/5
Training model 4/5
Training model 5/5
this is 65 times / overall 100 times (time step 65, t=0.65s)
this is 1 dimension / overall 3 dimensions
Training model 1/5
Training model 2/5
Training model 3/5
Training model 4/5
Training model 5/5
this is 2 dimension / overall 3 dimensions
Training model 1/5
Training model 2/5
Training model 3/5
Training model 4/5
Training model 5/5
this is 3 dimension / overall 3 dimensions
Training model 1/5
Training model 2/5
Training model 3/5
Training model 4/5
Training model 5/5
this is 66 times / overall 100 times (time step 66, t=0.66s)
this is 1 dimension / overall 3 dimensions
Training model 1/5
Training model 2/5
Training model 3/5
Training model 4/5
Training model 5/5
this is 2 dimension / overall 3 dimensions
Training model 1/5
Training model 2/5
Training model 3/5
Training model 4/5
Training model 5/5
this is 3 dimension / overall 3 dimensions
Training model 1/5
Training model 2/5
Training model 3/5
Training model 4/5
Training model 5/5
this is 67 times / overall 100 times (time step 67, t=0.67s)
this is 1 dimension / overall 3 dimensions
Training model 1/5
Training model 2/5
Training model 3/5
Training model 4/5
Training model 5/5
this is 2 dimension / overall 3 dimensions
Training model 1/5
Training model 2/5
Training model 3/5
Training model 4/5
Training model 5/5
this is 3 dimension / overall 3 dimensions
Training model 1/5
Training model 2/5
Training model 3/5
Training model 4/5
Training model 5/5
this is 68 times / overall 100 times (time step 68, t=0.68s)
this is 1 dimension / overall 3 dimensions
Training model 1/5
Training model 2/5
Training model 3/5
Training model 4/5
Training model 5/5
this is 2 dimension / overall 3 dimensions
Training model 1/5
Training model 2/5
Training model 3/5
Training model 4/5
Training model 5/5
this is 3 dimension / overall 3 dimensions
Training model 1/5
Training model 2/5
Training model 3/5
Training model 4/5
Training model 5/5
this is 69 times / overall 100 times (time step 69, t=0.69s)
this is 1 dimension / overall 3 dimensions
Training model 1/5
Training model 2/5
Training model 3/5
Training model 4/5
Training model 5/5
this is 2 dimension / overall 3 dimensions
Training model 1/5
Training model 2/5
Training model 3/5
Training model 4/5
Training model 5/5
this is 3 dimension / overall 3 dimensions
Training model 1/5
Training model 2/5
Training model 3/5
Training model 4/5
Training model 5/5
this is 70 times / overall 100 times (time step 70, t=0.70s)
this is 1 dimension / overall 3 dimensions
Training model 1/5
Training model 2/5
Training model 3/5
Training model 4/5
Training model 5/5
this is 2 dimension / overall 3 dimensions
Training model 1/5
Training model 2/5
Training model 3/5
Training model 4/5
Training model 5/5
this is 3 dimension / overall 3 dimensions
Training model 1/5
Training model 2/5
Training model 3/5
Training model 4/5
Training model 5/5
this is 71 times / overall 100 times (time step 71, t=0.71s)
this is 1 dimension / overall 3 dimensions
Training model 1/5
Training model 2/5
Training model 3/5
Training model 4/5
Training model 5/5
this is 2 dimension / overall 3 dimensions
Training model 1/5
Training model 2/5
Training model 3/5
Training model 4/5
Training model 5/5
this is 3 dimension / overall 3 dimensions
Training model 1/5
Training model 2/5
Training model 3/5
Training model 4/5
Training model 5/5
this is 72 times / overall 100 times (time step 72, t=0.72s)
this is 1 dimension / overall 3 dimensions
Training model 1/5
Training model 2/5
Training model 3/5
Training model 4/5
Training model 5/5
this is 2 dimension / overall 3 dimensions
Training model 1/5
Training model 2/5
Training model 3/5
Training model 4/5
Training model 5/5
this is 3 dimension / overall 3 dimensions
Training model 1/5
Training model 2/5
Training model 3/5
Training model 4/5
Training model 5/5
this is 73 times / overall 100 times (time step 73, t=0.73s)
this is 1 dimension / overall 3 dimensions
Training model 1/5
Training model 2/5
Training model 3/5
Training model 4/5
Training model 5/5
this is 2 dimension / overall 3 dimensions
Training model 1/5
Training model 2/5
Training model 3/5
Training model 4/5
Training model 5/5
this is 3 dimension / overall 3 dimensions
Training model 1/5
Training model 2/5
Training model 3/5
Training model 4/5
Training model 5/5
this is 74 times / overall 100 times (time step 74, t=0.74s)
this is 1 dimension / overall 3 dimensions
Training model 1/5
Training model 2/5
Training model 3/5
Training model 4/5
Training model 5/5
this is 2 dimension / overall 3 dimensions
Training model 1/5
Training model 2/5
Training model 3/5
Training model 4/5
Training model 5/5
this is 3 dimension / overall 3 dimensions
Training model 1/5
Training model 2/5
Training model 3/5
Training model 4/5
Training model 5/5
this is 75 times / overall 100 times (time step 75, t=0.75s)
this is 1 dimension / overall 3 dimensions
Training model 1/5
Training model 2/5
Training model 3/5
Training model 4/5
Training model 5/5
this is 2 dimension / overall 3 dimensions
Training model 1/5
Training model 2/5
Training model 3/5
Training model 4/5
Training model 5/5
this is 3 dimension / overall 3 dimensions
Training model 1/5
Training model 2/5
Training model 3/5
Training model 4/5
Training model 5/5
this is 76 times / overall 100 times (time step 76, t=0.76s)
this is 1 dimension / overall 3 dimensions
Training model 1/5
Training model 2/5
Training model 3/5
Training model 4/5
Training model 5/5
this is 2 dimension / overall 3 dimensions
Training model 1/5
Training model 2/5
Training model 3/5
Training model 4/5
Training model 5/5
this is 3 dimension / overall 3 dimensions
Training model 1/5
Training model 2/5
Training model 3/5
Training model 4/5
Training model 5/5
this is 77 times / overall 100 times (time step 77, t=0.77s)
this is 1 dimension / overall 3 dimensions
Training model 1/5
Training model 2/5
Training model 3/5
Training model 4/5
Training model 5/5
this is 2 dimension / overall 3 dimensions
Training model 1/5
Training model 2/5
Training model 3/5
Training model 4/5
Training model 5/5
this is 3 dimension / overall 3 dimensions
Training model 1/5
Training model 2/5
Training model 3/5
Training model 4/5
Training model 5/5
this is 78 times / overall 100 times (time step 78, t=0.78s)
this is 1 dimension / overall 3 dimensions
Training model 1/5
Training model 2/5
Training model 3/5
Training model 4/5
Training model 5/5
this is 2 dimension / overall 3 dimensions
Training model 1/5
Training model 2/5
Training model 3/5
Training model 4/5
Training model 5/5
this is 3 dimension / overall 3 dimensions
Training model 1/5
Training model 2/5
Training model 3/5
Training model 4/5
Training model 5/5
this is 79 times / overall 100 times (time step 79, t=0.79s)
this is 1 dimension / overall 3 dimensions
Training model 1/5
Training model 2/5
Training model 3/5
Training model 4/5
Training model 5/5
this is 2 dimension / overall 3 dimensions
Training model 1/5
Training model 2/5
Training model 3/5
Training model 4/5
Training model 5/5
this is 3 dimension / overall 3 dimensions
Training model 1/5
Training model 2/5
Training model 3/5
Training model 4/5
Training model 5/5
this is 80 times / overall 100 times (time step 80, t=0.80s)
this is 1 dimension / overall 3 dimensions
Training model 1/5
Training model 2/5
Training model 3/5
Training model 4/5
Training model 5/5
this is 2 dimension / overall 3 dimensions
Training model 1/5
Training model 2/5
Training model 3/5
Training model 4/5
Training model 5/5
this is 3 dimension / overall 3 dimensions
Training model 1/5
Training model 2/5
Training model 3/5
Training model 4/5
Training model 5/5
this is 81 times / overall 100 times (time step 81, t=0.81s)
this is 1 dimension / overall 3 dimensions
Training model 1/5
Training model 2/5
Training model 3/5
Training model 4/5
Training model 5/5
this is 2 dimension / overall 3 dimensions
Training model 1/5
Training model 2/5
Training model 3/5
Training model 4/5
Training model 5/5
this is 3 dimension / overall 3 dimensions
Training model 1/5
Training model 2/5
Training model 3/5
Training model 4/5
Training model 5/5
this is 82 times / overall 100 times (time step 82, t=0.82s)
this is 1 dimension / overall 3 dimensions
Training model 1/5
Training model 2/5
Training model 3/5
Training model 4/5
Training model 5/5
this is 2 dimension / overall 3 dimensions
Training model 1/5
Training model 2/5
Training model 3/5
Training model 4/5
Training model 5/5
this is 3 dimension / overall 3 dimensions
Training model 1/5
Training model 2/5
Training model 3/5
Training model 4/5
Training model 5/5
this is 83 times / overall 100 times (time step 83, t=0.83s)
this is 1 dimension / overall 3 dimensions
Training model 1/5
Training model 2/5
Training model 3/5
Training model 4/5
Training model 5/5
this is 2 dimension / overall 3 dimensions
Training model 1/5
Training model 2/5
Training model 3/5
Training model 4/5
Training model 5/5
this is 3 dimension / overall 3 dimensions
Training model 1/5
Training model 2/5
Training model 3/5
Training model 4/5
Training model 5/5
this is 84 times / overall 100 times (time step 84, t=0.84s)
this is 1 dimension / overall 3 dimensions
Training model 1/5
Training model 2/5
Training model 3/5
Training model 4/5
Training model 5/5
this is 2 dimension / overall 3 dimensions
Training model 1/5
Training model 2/5
Training model 3/5
Training model 4/5
Training model 5/5
this is 3 dimension / overall 3 dimensions
Training model 1/5
Training model 2/5
Training model 3/5
Training model 4/5
Training model 5/5
this is 85 times / overall 100 times (time step 85, t=0.85s)
this is 1 dimension / overall 3 dimensions
Training model 1/5
Training model 2/5
Training model 3/5
Training model 4/5
Training model 5/5
this is 2 dimension / overall 3 dimensions
Training model 1/5
Training model 2/5
Training model 3/5
Training model 4/5
Training model 5/5
this is 3 dimension / overall 3 dimensions
Training model 1/5
Training model 2/5
Training model 3/5
Training model 4/5
Training model 5/5
this is 86 times / overall 100 times (time step 86, t=0.86s)
this is 1 dimension / overall 3 dimensions
Training model 1/5
Training model 2/5
Training model 3/5
Training model 4/5
Training model 5/5
this is 2 dimension / overall 3 dimensions
Training model 1/5
Training model 2/5
Training model 3/5
Training model 4/5
Training model 5/5
this is 3 dimension / overall 3 dimensions
Training model 1/5
Training model 2/5
Training model 3/5
Training model 4/5
Training model 5/5
this is 87 times / overall 100 times (time step 87, t=0.87s)
this is 1 dimension / overall 3 dimensions
Training model 1/5
Training model 2/5
Training model 3/5
Training model 4/5
Training model 5/5
this is 2 dimension / overall 3 dimensions
Training model 1/5
Training model 2/5
Training model 3/5
Training model 4/5
Training model 5/5
this is 3 dimension / overall 3 dimensions
Training model 1/5
Training model 2/5
Training model 3/5
Training model 4/5
Training model 5/5
this is 88 times / overall 100 times (time step 88, t=0.88s)
this is 1 dimension / overall 3 dimensions
Training model 1/5
Training model 2/5
Training model 3/5
Training model 4/5
Training model 5/5
this is 2 dimension / overall 3 dimensions
Training model 1/5
Training model 2/5
Training model 3/5
Training model 4/5
Training model 5/5
this is 3 dimension / overall 3 dimensions
Training model 1/5
Training model 2/5
Training model 3/5
Training model 4/5
Training model 5/5
this is 89 times / overall 100 times (time step 89, t=0.89s)
this is 1 dimension / overall 3 dimensions
Training model 1/5
Training model 2/5
Training model 3/5
Training model 4/5
Training model 5/5
this is 2 dimension / overall 3 dimensions
Training model 1/5
Training model 2/5
Training model 3/5
Training model 4/5
Training model 5/5
this is 3 dimension / overall 3 dimensions
Training model 1/5
Training model 2/5
Training model 3/5
Training model 4/5
Training model 5/5
this is 90 times / overall 100 times (time step 90, t=0.90s)
this is 1 dimension / overall 3 dimensions
Training model 1/5
Training model 2/5
Training model 3/5
Training model 4/5
Training model 5/5
this is 2 dimension / overall 3 dimensions
Training model 1/5
Training model 2/5
Training model 3/5
Training model 4/5
Training model 5/5
this is 3 dimension / overall 3 dimensions
Training model 1/5
Training model 2/5
Training model 3/5
Training model 4/5
Training model 5/5
this is 91 times / overall 100 times (time step 91, t=0.91s)
this is 1 dimension / overall 3 dimensions
Training model 1/5
Training model 2/5
Training model 3/5
Training model 4/5
Training model 5/5
this is 2 dimension / overall 3 dimensions
Training model 1/5
Training model 2/5
Training model 3/5
Training model 4/5
Training model 5/5
this is 3 dimension / overall 3 dimensions
Training model 1/5
Training model 2/5
Training model 3/5
Training model 4/5
Training model 5/5
this is 92 times / overall 100 times (time step 92, t=0.92s)
this is 1 dimension / overall 3 dimensions
Training model 1/5
Training model 2/5
Training model 3/5
Training model 4/5
Training model 5/5
this is 2 dimension / overall 3 dimensions
Training model 1/5
Training model 2/5
Training model 3/5
Training model 4/5
Training model 5/5
this is 3 dimension / overall 3 dimensions
Training model 1/5
Training model 2/5
Training model 3/5
Training model 4/5
Training model 5/5
this is 93 times / overall 100 times (time step 93, t=0.93s)
this is 1 dimension / overall 3 dimensions
Training model 1/5
Training model 2/5
Training model 3/5
Training model 4/5
Training model 5/5
this is 2 dimension / overall 3 dimensions
Training model 1/5
Training model 2/5
Training model 3/5
Training model 4/5
Training model 5/5
this is 3 dimension / overall 3 dimensions
Training model 1/5
Training model 2/5
Training model 3/5
Training model 4/5
Training model 5/5
this is 94 times / overall 100 times (time step 94, t=0.94s)
this is 1 dimension / overall 3 dimensions
Training model 1/5
Training model 2/5
Training model 3/5
Training model 4/5
Training model 5/5
this is 2 dimension / overall 3 dimensions
Training model 1/5
Training model 2/5
Training model 3/5
Training model 4/5
Training model 5/5
this is 3 dimension / overall 3 dimensions
Training model 1/5
Training model 2/5
Training model 3/5
Training model 4/5
Training model 5/5
this is 95 times / overall 100 times (time step 95, t=0.95s)
this is 1 dimension / overall 3 dimensions
Training model 1/5
Training model 2/5
Training model 3/5
Training model 4/5
Training model 5/5
this is 2 dimension / overall 3 dimensions
Training model 1/5
Training model 2/5
Training model 3/5
Training model 4/5
Training model 5/5
this is 3 dimension / overall 3 dimensions
Training model 1/5
Training model 2/5
Training model 3/5
Training model 4/5
Training model 5/5
this is 96 times / overall 100 times (time step 96, t=0.96s)
this is 1 dimension / overall 3 dimensions
Training model 1/5
Training model 2/5
Training model 3/5
Training model 4/5
Training model 5/5
this is 2 dimension / overall 3 dimensions
Training model 1/5
Training model 2/5
Training model 3/5
Training model 4/5
Training model 5/5
this is 3 dimension / overall 3 dimensions
Training model 1/5
Training model 2/5
Training model 3/5
Training model 4/5
Training model 5/5
this is 97 times / overall 100 times (time step 97, t=0.97s)
this is 1 dimension / overall 3 dimensions
Training model 1/5
Training model 2/5
Training model 3/5
Training model 4/5
Training model 5/5
this is 2 dimension / overall 3 dimensions
Training model 1/5
Training model 2/5
Training model 3/5
Training model 4/5
Training model 5/5
this is 3 dimension / overall 3 dimensions
Training model 1/5
Training model 2/5
Training model 3/5
Training model 4/5
Training model 5/5
this is 98 times / overall 100 times (time step 98, t=0.98s)
this is 1 dimension / overall 3 dimensions
Training model 1/5
Training model 2/5
Training model 3/5
Training model 4/5
Training model 5/5
this is 2 dimension / overall 3 dimensions
Training model 1/5
Training model 2/5
Training model 3/5
Training model 4/5
Training model 5/5
this is 3 dimension / overall 3 dimensions
Training model 1/5
Training model 2/5
Training model 3/5
Training model 4/5
Training model 5/5
this is 99 times / overall 100 times (time step 99, t=0.99s)
this is 1 dimension / overall 3 dimensions
Training model 1/5
Training model 2/5
Training model 3/5
Training model 4/5
Training model 5/5
this is 2 dimension / overall 3 dimensions
Training model 1/5
Training model 2/5
Training model 3/5
Training model 4/5
Training model 5/5
this is 3 dimension / overall 3 dimensions
Training model 1/5
Training model 2/5
Training model 3/5
Training model 4/5
Training model 5/5
this is 100 times / overall 100 times (time step 100, t=1.00s)
this is 1 dimension / overall 3 dimensions
Training model 1/5
Training model 2/5
Training model 3/5
Training model 4/5
Training model 5/5
this is 2 dimension / overall 3 dimensions
Training model 1/5
Training model 2/5
Training model 3/5
Training model 4/5
Training model 5/5
this is 3 dimension / overall 3 dimensions
Training model 1/5
Training model 2/5
Training model 3/5
Training model 4/5
Training model 5/5

============================================================

[INFO] Testing ensemble predictions...

=== Ensemble Prediction Results ===
Processing 101 time points out of 1000 total
Time range: 0.00s to 10.00s
Time 0.00s, Dimension 1: 1.562498
Comparison with Ground Truth: 1.583276
Time 0.00s, Dimension 2: 1.122661
Comparison with Ground Truth: 1.130939
Time 0.00s, Dimension 3: 1.068249
Comparison with Ground Truth: 1.111303
Time 0.10s, Dimension 1: 1.569519
Comparison with Ground Truth: 1.582759
Time 0.10s, Dimension 2: 1.116412
Comparison with Ground Truth: 1.102581
Time 0.10s, Dimension 3: 1.100178
Comparison with Ground Truth: 1.114235
Time 0.20s, Dimension 1: 1.564023
Comparison with Ground Truth: 1.576219
Time 0.20s, Dimension 2: 1.081577
Comparison with Ground Truth: 1.124952
Time 0.20s, Dimension 3: 1.092922
Comparison with Ground Truth: 1.112214
Time 0.30s, Dimension 1: 1.558601
Comparison with Ground Truth: 1.573876
Time 0.30s, Dimension 2: 1.086120
Comparison with Ground Truth: 1.104685
Time 0.30s, Dimension 3: 1.077552
Comparison with Ground Truth: 1.121578
Time 0.40s, Dimension 1: 1.571998
Comparison with Ground Truth: 1.569092
Time 0.40s, Dimension 2: 1.079100
Comparison with Ground Truth: 1.127308
Time 0.40s, Dimension 3: 1.059067
Comparison with Ground Truth: 1.126605
Time 0.50s, Dimension 1: 1.524396
Comparison with Ground Truth: 1.580436
Time 0.50s, Dimension 2: 1.074889
Comparison with Ground Truth: 1.120930
Time 0.50s, Dimension 3: 1.067169
Comparison with Ground Truth: 1.117614
Time 0.60s, Dimension 1: 1.540521
Comparison with Ground Truth: 1.586469
Time 0.60s, Dimension 2: 1.076905
Comparison with Ground Truth: 1.109503
Time 0.60s, Dimension 3: 1.079653
Comparison with Ground Truth: 1.103457
Time 0.70s, Dimension 1: 1.523807
Comparison with Ground Truth: 1.588181
Time 0.70s, Dimension 2: 1.070705
Comparison with Ground Truth: 1.122458
Time 0.70s, Dimension 3: 1.069626
Comparison with Ground Truth: 1.128411
Time 0.80s, Dimension 1: 1.544802
Comparison with Ground Truth: 1.596674
Time 0.80s, Dimension 2: 1.055223
Comparison with Ground Truth: 1.119689
Time 0.80s, Dimension 3: 1.075215
Comparison with Ground Truth: 1.110277
Time 0.90s, Dimension 1: 1.536808
Comparison with Ground Truth: 1.572040
Time 0.90s, Dimension 2: 1.073559
Comparison with Ground Truth: 1.112635
Time 0.90s, Dimension 3: 1.062423
Comparison with Ground Truth: 1.118249
Time 1.00s, Dimension 1: 1.517845
Comparison with Ground Truth: 1.565527
Time 1.00s, Dimension 2: 1.081771
Comparison with Ground Truth: 1.124805
Time 1.00s, Dimension 3: 1.073070
Comparison with Ground Truth: 1.118342
Warning: Normalization parameters not found for dim1_t110
Warning: Normalization parameters not found for dim2_t110
Warning: Normalization parameters not found for dim3_t110
Warning: Normalization parameters not found for dim1_t120
Warning: Normalization parameters not found for dim2_t120
Warning: Normalization parameters not found for dim3_t120
Warning: Normalization parameters not found for dim1_t130
Warning: Normalization parameters not found for dim2_t130
Warning: Normalization parameters not found for dim3_t130
Warning: Normalization parameters not found for dim1_t140
Warning: Normalization parameters not found for dim2_t140
Warning: Normalization parameters not found for dim3_t140
Warning: Normalization parameters not found for dim1_t150
Warning: Normalization parameters not found for dim2_t150
Warning: Normalization parameters not found for dim3_t150
Warning: Normalization parameters not found for dim1_t160
Warning: Normalization parameters not found for dim2_t160
Warning: Normalization parameters not found for dim3_t160
Warning: Normalization parameters not found for dim1_t170
Warning: Normalization parameters not found for dim2_t170
Warning: Normalization parameters not found for dim3_t170
Warning: Normalization parameters not found for dim1_t180
Warning: Normalization parameters not found for dim2_t180
Warning: Normalization parameters not found for dim3_t180
Warning: Normalization parameters not found for dim1_t190
Warning: Normalization parameters not found for dim2_t190
Warning: Normalization parameters not found for dim3_t190
Warning: Normalization parameters not found for dim1_t200
Warning: Normalization parameters not found for dim2_t200
Warning: Normalization parameters not found for dim3_t200
Warning: Normalization parameters not found for dim1_t210
Warning: Normalization parameters not found for dim2_t210
Warning: Normalization parameters not found for dim3_t210
Warning: Normalization parameters not found for dim1_t220
Warning: Normalization parameters not found for dim2_t220
Warning: Normalization parameters not found for dim3_t220
Warning: Normalization parameters not found for dim1_t230
Warning: Normalization parameters not found for dim2_t230
Warning: Normalization parameters not found for dim3_t230
Warning: Normalization parameters not found for dim1_t240
Warning: Normalization parameters not found for dim2_t240
Warning: Normalization parameters not found for dim3_t240
Warning: Normalization parameters not found for dim1_t250
Warning: Normalization parameters not found for dim2_t250
Warning: Normalization parameters not found for dim3_t250
Warning: Normalization parameters not found for dim1_t260
Warning: Normalization parameters not found for dim2_t260
Warning: Normalization parameters not found for dim3_t260
Warning: Normalization parameters not found for dim1_t270
Warning: Normalization parameters not found for dim2_t270
Warning: Normalization parameters not found for dim3_t270
Warning: Normalization parameters not found for dim1_t280
Warning: Normalization parameters not found for dim2_t280
Warning: Normalization parameters not found for dim3_t280
Warning: Normalization parameters not found for dim1_t290
Warning: Normalization parameters not found for dim2_t290
Warning: Normalization parameters not found for dim3_t290
Warning: Normalization parameters not found for dim1_t300
Warning: Normalization parameters not found for dim2_t300
Warning: Normalization parameters not found for dim3_t300
Warning: Normalization parameters not found for dim1_t310
Warning: Normalization parameters not found for dim2_t310
Warning: Normalization parameters not found for dim3_t310
Warning: Normalization parameters not found for dim1_t320
Warning: Normalization parameters not found for dim2_t320
Warning: Normalization parameters not found for dim3_t320
Warning: Normalization parameters not found for dim1_t330
Warning: Normalization parameters not found for dim2_t330
Warning: Normalization parameters not found for dim3_t330
Warning: Normalization parameters not found for dim1_t340
Warning: Normalization parameters not found for dim2_t340
Warning: Normalization parameters not found for dim3_t340
Warning: Normalization parameters not found for dim1_t350
Warning: Normalization parameters not found for dim2_t350
Warning: Normalization parameters not found for dim3_t350
Warning: Normalization parameters not found for dim1_t360
Warning: Normalization parameters not found for dim2_t360
Warning: Normalization parameters not found for dim3_t360
Warning: Normalization parameters not found for dim1_t370
Warning: Normalization parameters not found for dim2_t370
Warning: Normalization parameters not found for dim3_t370
Warning: Normalization parameters not found for dim1_t380
Warning: Normalization parameters not found for dim2_t380
Warning: Normalization parameters not found for dim3_t380
Warning: Normalization parameters not found for dim1_t390
Warning: Normalization parameters not found for dim2_t390
Warning: Normalization parameters not found for dim3_t390
Warning: Normalization parameters not found for dim1_t400
Warning: Normalization parameters not found for dim2_t400
Warning: Normalization parameters not found for dim3_t400
Warning: Normalization parameters not found for dim1_t410
Warning: Normalization parameters not found for dim2_t410
Warning: Normalization parameters not found for dim3_t410
Warning: Normalization parameters not found for dim1_t420
Warning: Normalization parameters not found for dim2_t420
Warning: Normalization parameters not found for dim3_t420
Warning: Normalization parameters not found for dim1_t430
Warning: Normalization parameters not found for dim2_t430
Warning: Normalization parameters not found for dim3_t430
Warning: Normalization parameters not found for dim1_t440
Warning: Normalization parameters not found for dim2_t440
Warning: Normalization parameters not found for dim3_t440
Warning: Normalization parameters not found for dim1_t450
Warning: Normalization parameters not found for dim2_t450
Warning: Normalization parameters not found for dim3_t450
Warning: Normalization parameters not found for dim1_t460
Warning: Normalization parameters not found for dim2_t460
Warning: Normalization parameters not found for dim3_t460
Warning: Normalization parameters not found for dim1_t470
Warning: Normalization parameters not found for dim2_t470
Warning: Normalization parameters not found for dim3_t470
Warning: Normalization parameters not found for dim1_t480
Warning: Normalization parameters not found for dim2_t480
Warning: Normalization parameters not found for dim3_t480
Warning: Normalization parameters not found for dim1_t490
Warning: Normalization parameters not found for dim2_t490
Warning: Normalization parameters not found for dim3_t490
Warning: Normalization parameters not found for dim1_t500
Warning: Normalization parameters not found for dim2_t500
Warning: Normalization parameters not found for dim3_t500
Warning: Normalization parameters not found for dim1_t510
Warning: Normalization parameters not found for dim2_t510
Warning: Normalization parameters not found for dim3_t510
Warning: Normalization parameters not found for dim1_t520
Warning: Normalization parameters not found for dim2_t520
Warning: Normalization parameters not found for dim3_t520
Warning: Normalization parameters not found for dim1_t530
Warning: Normalization parameters not found for dim2_t530
Warning: Normalization parameters not found for dim3_t530
Warning: Normalization parameters not found for dim1_t540
Warning: Normalization parameters not found for dim2_t540
Warning: Normalization parameters not found for dim3_t540
Warning: Normalization parameters not found for dim1_t550
Warning: Normalization parameters not found for dim2_t550
Warning: Normalization parameters not found for dim3_t550
Warning: Normalization parameters not found for dim1_t560
Warning: Normalization parameters not found for dim2_t560
Warning: Normalization parameters not found for dim3_t560
Warning: Normalization parameters not found for dim1_t570
Warning: Normalization parameters not found for dim2_t570
Warning: Normalization parameters not found for dim3_t570
Warning: Normalization parameters not found for dim1_t580
Warning: Normalization parameters not found for dim2_t580
Warning: Normalization parameters not found for dim3_t580
Warning: Normalization parameters not found for dim1_t590
Warning: Normalization parameters not found for dim2_t590
Warning: Normalization parameters not found for dim3_t590
Warning: Normalization parameters not found for dim1_t600
Warning: Normalization parameters not found for dim2_t600
Warning: Normalization parameters not found for dim3_t600
Warning: Normalization parameters not found for dim1_t610
Warning: Normalization parameters not found for dim2_t610
Warning: Normalization parameters not found for dim3_t610
Warning: Normalization parameters not found for dim1_t620
Warning: Normalization parameters not found for dim2_t620
Warning: Normalization parameters not found for dim3_t620
Warning: Normalization parameters not found for dim1_t630
Warning: Normalization parameters not found for dim2_t630
Warning: Normalization parameters not found for dim3_t630
Warning: Normalization parameters not found for dim1_t640
Warning: Normalization parameters not found for dim2_t640
Warning: Normalization parameters not found for dim3_t640
Warning: Normalization parameters not found for dim1_t650
Warning: Normalization parameters not found for dim2_t650
Warning: Normalization parameters not found for dim3_t650
Warning: Normalization parameters not found for dim1_t660
Warning: Normalization parameters not found for dim2_t660
Warning: Normalization parameters not found for dim3_t660
Warning: Normalization parameters not found for dim1_t670
Warning: Normalization parameters not found for dim2_t670
Warning: Normalization parameters not found for dim3_t670
Warning: Normalization parameters not found for dim1_t680
Warning: Normalization parameters not found for dim2_t680
Warning: Normalization parameters not found for dim3_t680
Warning: Normalization parameters not found for dim1_t690
Warning: Normalization parameters not found for dim2_t690
Warning: Normalization parameters not found for dim3_t690
Warning: Normalization parameters not found for dim1_t700
Warning: Normalization parameters not found for dim2_t700
Warning: Normalization parameters not found for dim3_t700
Warning: Normalization parameters not found for dim1_t710
Warning: Normalization parameters not found for dim2_t710
Warning: Normalization parameters not found for dim3_t710
Warning: Normalization parameters not found for dim1_t720
Warning: Normalization parameters not found for dim2_t720
Warning: Normalization parameters not found for dim3_t720
Warning: Normalization parameters not found for dim1_t730
Warning: Normalization parameters not found for dim2_t730
Warning: Normalization parameters not found for dim3_t730
Warning: Normalization parameters not found for dim1_t740
Warning: Normalization parameters not found for dim2_t740
Warning: Normalization parameters not found for dim3_t740
Warning: Normalization parameters not found for dim1_t750
Warning: Normalization parameters not found for dim2_t750
Warning: Normalization parameters not found for dim3_t750
Warning: Normalization parameters not found for dim1_t760
Warning: Normalization parameters not found for dim2_t760
Warning: Normalization parameters not found for dim3_t760
Warning: Normalization parameters not found for dim1_t770
Warning: Normalization parameters not found for dim2_t770
Warning: Normalization parameters not found for dim3_t770
Warning: Normalization parameters not found for dim1_t780
Warning: Normalization parameters not found for dim2_t780
Warning: Normalization parameters not found for dim3_t780
Warning: Normalization parameters not found for dim1_t790
Warning: Normalization parameters not found for dim2_t790
Warning: Normalization parameters not found for dim3_t790
Warning: Normalization parameters not found for dim1_t800
Warning: Normalization parameters not found for dim2_t800
Warning: Normalization parameters not found for dim3_t800
Warning: Normalization parameters not found for dim1_t810
Warning: Normalization parameters not found for dim2_t810
Warning: Normalization parameters not found for dim3_t810
Warning: Normalization parameters not found for dim1_t820
Warning: Normalization parameters not found for dim2_t820
Warning: Normalization parameters not found for dim3_t820
Warning: Normalization parameters not found for dim1_t830
Warning: Normalization parameters not found for dim2_t830
Warning: Normalization parameters not found for dim3_t830
Warning: Normalization parameters not found for dim1_t840
Warning: Normalization parameters not found for dim2_t840
Warning: Normalization parameters not found for dim3_t840
Warning: Normalization parameters not found for dim1_t850
Warning: Normalization parameters not found for dim2_t850
Warning: Normalization parameters not found for dim3_t850
Warning: Normalization parameters not found for dim1_t860
Warning: Normalization parameters not found for dim2_t860
Warning: Normalization parameters not found for dim3_t860
Warning: Normalization parameters not found for dim1_t870
Warning: Normalization parameters not found for dim2_t870
Warning: Normalization parameters not found for dim3_t870
Warning: Normalization parameters not found for dim1_t880
Warning: Normalization parameters not found for dim2_t880
Warning: Normalization parameters not found for dim3_t880
Warning: Normalization parameters not found for dim1_t890
Warning: Normalization parameters not found for dim2_t890
Warning: Normalization parameters not found for dim3_t890
Warning: Normalization parameters not found for dim1_t900
Warning: Normalization parameters not found for dim2_t900
Warning: Normalization parameters not found for dim3_t900
Warning: Normalization parameters not found for dim1_t910
Warning: Normalization parameters not found for dim2_t910
Warning: Normalization parameters not found for dim3_t910
Warning: Normalization parameters not found for dim1_t920
Warning: Normalization parameters not found for dim2_t920
Warning: Normalization parameters not found for dim3_t920
Warning: Normalization parameters not found for dim1_t930
Warning: Normalization parameters not found for dim2_t930
Warning: Normalization parameters not found for dim3_t930
Warning: Normalization parameters not found for dim1_t940
Warning: Normalization parameters not found for dim2_t940
Warning: Normalization parameters not found for dim3_t940
Warning: Normalization parameters not found for dim1_t950
Warning: Normalization parameters not found for dim2_t950
Warning: Normalization parameters not found for dim3_t950
Warning: Normalization parameters not found for dim1_t960
Warning: Normalization parameters not found for dim2_t960
Warning: Normalization parameters not found for dim3_t960
Warning: Normalization parameters not found for dim1_t970
Warning: Normalization parameters not found for dim2_t970
Warning: Normalization parameters not found for dim3_t970
Warning: Normalization parameters not found for dim1_t980
Warning: Normalization parameters not found for dim2_t980
Warning: Normalization parameters not found for dim3_t980
Warning: Normalization parameters not found for dim1_t990
Warning: Normalization parameters not found for dim2_t990
Warning: Normalization parameters not found for dim3_t990
Warning: Normalization parameters not found for dim1_t999
Warning: Normalization parameters not found for dim2_t999
Warning: Normalization parameters not found for dim3_t999

Expected values should be close to original
Ensemble method should provide more accurate results!
[SUCCESS] Ensemble prediction completed.
============================================================
[SUCCESS] training process finished.

============================================================
[INFO] Creating plots and visualizations...
============================================================
[INFO] Looking for cases in: /home/xingjianxu/TurbulentFEX/src/Example/MC_triad/Results/Results/equipart
[INFO] Found case: case_15000 (sample size: 15000)
[INFO] Found case: case_10000 (sample size: 10000)
[INFO] Found case: case_5000 (sample size: 5000)
[INFO] Found case: case_1000 (sample size: 1000)
[INFO] Found case: case_20000 (sample size: 20000)
[INFO] Found case: case_40000 (sample size: 40000)
[INFO] Found case: case_30000 (sample size: 30000)
[INFO] Found 7 cases: ('case_1000', 'case_5000', 'case_10000', 'case_15000', 'case_20000', 'case_30000', 'case_40000')
[INFO] Loading data from case_1000...
  - Ground truth shape: (1000, 3)
  - Predicted shape: (101, 3)
  - Time points: 101
[INFO] Loading data from case_5000...
  - Ground truth shape: (1000, 3)
  - Predicted shape: (101, 3)
  - Time points: 101
[INFO] Loading data from case_10000...
  - Ground truth shape: (1000, 3)
  - Predicted shape: (101, 3)
  - Time points: 101
[WARNING] Missing residual data in case_15000
  - Missing: /home/xingjianxu/TurbulentFEX/src/Example/MC_triad/Results/Results/equipart/case_15000/residual_cov_pred.npy
[WARNING] Missing residual data in case_20000
  - Missing: /home/xingjianxu/TurbulentFEX/src/Example/MC_triad/Results/Results/equipart/case_20000/residual_cov_pred.npy
[WARNING] Missing residual data in case_30000
  - Missing: /home/xingjianxu/TurbulentFEX/src/Example/MC_triad/Results/Results/equipart/case_30000/residual_cov_pred.npy
[WARNING] Missing residual data in case_40000
  - Missing: /home/xingjianxu/TurbulentFEX/src/Example/MC_triad/Results/Results/equipart/case_40000/residual_cov_pred.npy

[INFO] Creating plots with 3 datasets: ['Sample Size 1000', 'Sample Size 5000', 'Sample Size 10000']

[INFO] Creating multiple dataset comparison plots...
Multiple residual covariance plot saved to /home/xingjianxu/TurbulentFEX/src/Example/MC_triad/Results/Results/equipart/case_10000/plots/multiple_residual_covariance.pdf
Multiple log10 error plot saved to /home/xingjianxu/TurbulentFEX/src/Example/MC_triad/Results/Results/equipart/case_10000/plots/multiple_log10_error.pdf

[INFO] Creating individual comparison plots...
[INFO] Creating plots for Sample Size 1000...
Plot saved to /home/xingjianxu/TurbulentFEX/src/Example/MC_triad/Results/Results/equipart/case_10000/plots/dataset_1_Sample_Size_1000/residual_covariance_comparison.pdf
===== JOB FINISHED =====
Thu Jul  3 11:40:31 PM EDT 2025
