===== SLURM JOB STARTED =====
Date      = Thu Jul  3 09:55:16 PM EDT 2025
Host      = c0607a-s21
Start Dir = /home/xingjianxu/TurbulentFEX/src/slurm
Using cuda:0

============================================================

[INFO] Setting up the path...
[INFO] Right now we use hipergator workspace path.
[INFO] The save directory is /home/xingjianxu/TurbulentFEX/src/Example/MC_triad/Results/Results/equipart/case_20000
============================================================

============================================================
SECOND STAGE: STOCHASTIC OPTIONS
============================================================
1. Train everything in second stage
2. Skip to calculate the measurements
3. Skip all and plot the results
============================================================

[INFO] Training everything in second stage...
SAMPLE size for each time step is 20000
[SUCCESS] data has already been generated in this folder,you just need to train the following.
Processing time step 0/1000
Processing time step 100/1000
Processing time step 200/1000
Processing time step 300/1000
Processing time step 400/1000
Processing time step 500/1000
Processing time step 600/1000
Processing time step 700/1000
Processing time step 800/1000
Processing time step 900/1000
Time 0: 1.580523, 1.122399, 1.121249
Time 100: 1.576135, 1.126088, 1.116389
Time 200: 1.583231, 1.124063, 1.118824
Time 300: 1.574158, 1.118447, 1.116513
Time 400: 1.579278, 1.118098, 1.121378
Time 500: 1.574642, 1.117386, 1.125114
Time 600: 1.589780, 1.119572, 1.113837
Time 700: 1.572768, 1.116719, 1.123176
Time 800: 1.596365, 1.111490, 1.116722
Time 900: 1.583052, 1.118815, 1.121991
Residual covariance shape: (1000, 3)
First time step covariance: [1.58052339 1.12239918 1.12124897]
[INFO] the residual shape is (20000, 3, 1000),the state of dyamics is (20000, 3, 1000)
Processing 101 time points out of 1000 total
Time range: 0.00s to 10.00s
Scaler values: [20. 20. 20.]
Original residual std at t=0: [0.15805234 0.11223992 0.1121249 ]
Using train_size: 20000 out of total size: 20000
----------------------------------------------------------------------------------------------------
this is 1 times / overall 101 times (time step 0, t=0.00s)
1.580523389673138 1.1223991814441552 1.121248974641527
----------------------------------------------------------------------------------------------------
find index iteration: 0 20000
short indx is [[    0 13463 17600 ... 16848 15442 10697]
 [    1  3359 10435 ...   745 14424  4526]
 [    2  5863  2127 ...  6751 17859 18340]
 ...
 [19997  1145  8781 ...  5358 18266 15178]
 [19998  5528 13069 ... 19431 12529 11389]
 [19999  6357   534 ... 17096  1859 15257]]
Scaled residual std at t=0: [3.16104678 2.24479836 2.24249795]
start_idx is 0; end_idx is 20000
this is 0 times / overall 2000 times
this is 100 times / overall 2000 times
this is 200 times / overall 2000 times
this is 300 times / overall 2000 times
this is 400 times / overall 2000 times
this is 500 times / overall 2000 times
this is 600 times / overall 2000 times
this is 700 times / overall 2000 times
this is 800 times / overall 2000 times
this is 900 times / overall 2000 times
this is 1000 times / overall 2000 times
this is 1100 times / overall 2000 times
this is 1200 times / overall 2000 times
this is 1300 times / overall 2000 times
this is 1400 times / overall 2000 times
this is 1500 times / overall 2000 times
this is 1600 times / overall 2000 times
this is 1700 times / overall 2000 times
this is 1800 times / overall 2000 times
this is 1900 times / overall 2000 times
this is 1 times which has already done.
----------------------------------------------------------------------------------------------------
this is 2 times / overall 101 times (time step 10, t=0.10s)
1.5703555512056038 1.1140394795897546 1.1228237661010338
----------------------------------------------------------------------------------------------------
find index iteration: 0 20000
short indx is [[    0 19535  8015 ...  9125 13468 15930]
 [    1  3237 17144 ...  6765  1712  4569]
 [    2 11912 19084 ...  8558 18460  1378]
 ...
 [19997  4708 15798 ...  4382 13015 17060]
 [19998  6322  5169 ...  1686  9676  8449]
 [19999 12177  6935 ...  4829  9948  8340]]
Scaled residual std at t=10: [3.1407111  2.22807896 2.24564753]
start_idx is 0; end_idx is 20000
this is 0 times / overall 2000 times
this is 100 times / overall 2000 times
this is 200 times / overall 2000 times
this is 300 times / overall 2000 times
this is 400 times / overall 2000 times
this is 500 times / overall 2000 times
this is 600 times / overall 2000 times
this is 700 times / overall 2000 times
this is 800 times / overall 2000 times
this is 900 times / overall 2000 times
this is 1000 times / overall 2000 times
this is 1100 times / overall 2000 times
this is 1200 times / overall 2000 times
this is 1300 times / overall 2000 times
this is 1400 times / overall 2000 times
this is 1500 times / overall 2000 times
this is 1600 times / overall 2000 times
this is 1700 times / overall 2000 times
this is 1800 times / overall 2000 times
this is 1900 times / overall 2000 times
this is 2 times which has already done.
----------------------------------------------------------------------------------------------------
this is 3 times / overall 101 times (time step 20, t=0.20s)
1.564159027211381 1.1197583644129343 1.106614946982925
----------------------------------------------------------------------------------------------------
find index iteration: 0 20000
short indx is [[    0 14712  8334 ... 18002  5212 19494]
 [    1  3039  4790 ...  3400  6543 15169]
 [    2  9808 15488 ... 14536  9123 17886]
 ...
 [19997  3112 16465 ... 15334    41  3873]
 [19998  3128 19330 ... 19275  7863 13238]
 [19999 11539  8021 ...  9660 12159 15725]]
Scaled residual std at t=20: [3.12831805 2.23951673 2.21322989]
start_idx is 0; end_idx is 20000
this is 0 times / overall 2000 times
this is 100 times / overall 2000 times
this is 200 times / overall 2000 times
this is 300 times / overall 2000 times
this is 400 times / overall 2000 times
this is 500 times / overall 2000 times
this is 600 times / overall 2000 times
this is 700 times / overall 2000 times
this is 800 times / overall 2000 times
this is 900 times / overall 2000 times
this is 1000 times / overall 2000 times
this is 1100 times / overall 2000 times
this is 1200 times / overall 2000 times
this is 1300 times / overall 2000 times
this is 1400 times / overall 2000 times
this is 1500 times / overall 2000 times
this is 1600 times / overall 2000 times
this is 1700 times / overall 2000 times
this is 1800 times / overall 2000 times
this is 1900 times / overall 2000 times
this is 3 times which has already done.
----------------------------------------------------------------------------------------------------
this is 4 times / overall 101 times (time step 30, t=0.30s)
1.5827134003925016 1.121190282571727 1.1224478452920386
----------------------------------------------------------------------------------------------------
find index iteration: 0 20000
short indx is [[    0 13224 11306 ...  5090  7014  8095]
 [    1 16188 15902 ... 16055 12722  4771]
 [    2  5772  5631 ...  8062  7726   296]
 ...
 [19997 12925  4229 ... 12569  2661 19967]
 [19998  8436 14758 ... 19446 14011  9087]
 [19999 16920  5632 ... 12824 10721  4476]]
Scaled residual std at t=30: [3.1654268  2.24238057 2.24489569]
start_idx is 0; end_idx is 20000
this is 0 times / overall 2000 times
this is 100 times / overall 2000 times
this is 200 times / overall 2000 times
this is 300 times / overall 2000 times
this is 400 times / overall 2000 times
this is 500 times / overall 2000 times
this is 600 times / overall 2000 times
this is 700 times / overall 2000 times
this is 800 times / overall 2000 times
this is 900 times / overall 2000 times
this is 1000 times / overall 2000 times
this is 1100 times / overall 2000 times
this is 1200 times / overall 2000 times
this is 1300 times / overall 2000 times
this is 1400 times / overall 2000 times
this is 1500 times / overall 2000 times
this is 1600 times / overall 2000 times
this is 1700 times / overall 2000 times
this is 1800 times / overall 2000 times
this is 1900 times / overall 2000 times
this is 4 times which has already done.
----------------------------------------------------------------------------------------------------
this is 5 times / overall 101 times (time step 40, t=0.40s)
1.5896903946123597 1.1289456914778986 1.116906129291158
----------------------------------------------------------------------------------------------------
find index iteration: 0 20000
short indx is [[    0 15331 17903 ...  2749  1527  7481]
 [    1  7986  9708 ... 11873 10476 13016]
 [    2   748 17509 ...  1106  7681 13667]
 ...
 [19997 16365 17657 ...  6255  6420 11785]
 [19998  3813 17846 ... 14787 14907  4150]
 [19999 15365 16319 ... 15937 11589  5347]]
Scaled residual std at t=40: [3.17938079 2.25789138 2.23381226]
start_idx is 0; end_idx is 20000
this is 0 times / overall 2000 times
this is 100 times / overall 2000 times
this is 200 times / overall 2000 times
this is 300 times / overall 2000 times
this is 400 times / overall 2000 times
this is 500 times / overall 2000 times
this is 600 times / overall 2000 times
this is 700 times / overall 2000 times
this is 800 times / overall 2000 times
this is 900 times / overall 2000 times
this is 1000 times / overall 2000 times
this is 1100 times / overall 2000 times
this is 1200 times / overall 2000 times
this is 1300 times / overall 2000 times
this is 1400 times / overall 2000 times
this is 1500 times / overall 2000 times
this is 1600 times / overall 2000 times
this is 1700 times / overall 2000 times
this is 1800 times / overall 2000 times
this is 1900 times / overall 2000 times
this is 5 times which has already done.
----------------------------------------------------------------------------------------------------
this is 6 times / overall 101 times (time step 50, t=0.50s)
1.5939214972411424 1.123679183492122 1.117996718496188
----------------------------------------------------------------------------------------------------
find index iteration: 0 20000
short indx is [[    0  1303 18888 ...  8870  5394  9996]
 [    1 19715 19951 ... 19303  5146  1775]
 [    2   447 18106 ... 10511  5285  3000]
 ...
 [19997 19388 14103 ... 18369 10527  9479]
 [19998 18993 17186 ...  7974 11753  3366]
 [19999 11029 16920 ...  9792  8345 11319]]
Scaled residual std at t=50: [3.18784299 2.24735837 2.23599344]
start_idx is 0; end_idx is 20000
this is 0 times / overall 2000 times
this is 100 times / overall 2000 times
this is 200 times / overall 2000 times
this is 300 times / overall 2000 times
this is 400 times / overall 2000 times
this is 500 times / overall 2000 times
this is 600 times / overall 2000 times
this is 700 times / overall 2000 times
this is 800 times / overall 2000 times
this is 900 times / overall 2000 times
this is 1000 times / overall 2000 times
this is 1100 times / overall 2000 times
this is 1200 times / overall 2000 times
this is 1300 times / overall 2000 times
this is 1400 times / overall 2000 times
this is 1500 times / overall 2000 times
this is 1600 times / overall 2000 times
this is 1700 times / overall 2000 times
this is 1800 times / overall 2000 times
this is 1900 times / overall 2000 times
this is 6 times which has already done.
----------------------------------------------------------------------------------------------------
this is 7 times / overall 101 times (time step 60, t=0.60s)
1.5805593427102211 1.1192457902332096 1.1270802346189464
----------------------------------------------------------------------------------------------------
find index iteration: 0 20000
short indx is [[    0   690 13569 ... 12216 16219  3129]
 [    1  6357  3741 ... 17513 12899 11534]
 [    2 14855  7333 ... 19698 11799  6122]
 ...
 [19997 10906 18124 ... 19747  3301 14904]
 [19998  9334 15120 ...  8304 18497  3951]
 [19999  6793  9169 ...  3467 19330  8576]]
Scaled residual std at t=60: [3.16111869 2.23849158 2.25416047]
start_idx is 0; end_idx is 20000
this is 0 times / overall 2000 times
this is 100 times / overall 2000 times
this is 200 times / overall 2000 times
this is 300 times / overall 2000 times
this is 400 times / overall 2000 times
this is 500 times / overall 2000 times
this is 600 times / overall 2000 times
this is 700 times / overall 2000 times
this is 800 times / overall 2000 times
this is 900 times / overall 2000 times
this is 1000 times / overall 2000 times
this is 1100 times / overall 2000 times
this is 1200 times / overall 2000 times
this is 1300 times / overall 2000 times
this is 1400 times / overall 2000 times
this is 1500 times / overall 2000 times
this is 1600 times / overall 2000 times
this is 1700 times / overall 2000 times
this is 1800 times / overall 2000 times
this is 1900 times / overall 2000 times
this is 7 times which has already done.
----------------------------------------------------------------------------------------------------
this is 8 times / overall 101 times (time step 70, t=0.70s)
1.5852808933129543 1.121085853960521 1.1169375586199475
----------------------------------------------------------------------------------------------------
find index iteration: 0 20000
short indx is [[    0  4286  2875 ...  4181  7711 17077]
 [    1   731 14535 ...  4153  6057  5715]
 [    2  8105  6832 ... 12286  2206 14883]
 ...
 [19997   989  3141 ...  9495  4109  7922]
 [19998  1147 19745 ... 11146 18397  1844]
 [19999 18605  8255 ...  2849  8113 12339]]
Scaled residual std at t=70: [3.17056179 2.24217171 2.23387512]
start_idx is 0; end_idx is 20000
this is 0 times / overall 2000 times
this is 100 times / overall 2000 times
this is 200 times / overall 2000 times
this is 300 times / overall 2000 times
this is 400 times / overall 2000 times
this is 500 times / overall 2000 times
this is 600 times / overall 2000 times
this is 700 times / overall 2000 times
this is 800 times / overall 2000 times
this is 900 times / overall 2000 times
this is 1000 times / overall 2000 times
this is 1100 times / overall 2000 times
this is 1200 times / overall 2000 times
this is 1300 times / overall 2000 times
this is 1400 times / overall 2000 times
this is 1500 times / overall 2000 times
this is 1600 times / overall 2000 times
this is 1700 times / overall 2000 times
this is 1800 times / overall 2000 times
this is 1900 times / overall 2000 times
this is 8 times which has already done.
----------------------------------------------------------------------------------------------------
this is 9 times / overall 101 times (time step 80, t=0.80s)
1.5868400125802025 1.112098118420018 1.1203238177164214
----------------------------------------------------------------------------------------------------
find index iteration: 0 20000
short indx is [[    0 19174  3136 ... 13865  9648 16002]
 [    1 18317  4419 ... 14856  9229 16771]
 [    2  3352  5478 ...  1382 15659  5652]
 ...
 [19997 16256  3122 ... 12135  7225  2825]
 [19998  9632  1453 ...  8963 13918 13469]
 [19999 19900 12924 ... 10065  2130  6762]]
Scaled residual std at t=80: [3.17368003 2.22419624 2.24064764]
start_idx is 0; end_idx is 20000
this is 0 times / overall 2000 times
this is 100 times / overall 2000 times
this is 200 times / overall 2000 times
this is 300 times / overall 2000 times
this is 400 times / overall 2000 times
this is 500 times / overall 2000 times
this is 600 times / overall 2000 times
this is 700 times / overall 2000 times
this is 800 times / overall 2000 times
this is 900 times / overall 2000 times
this is 1000 times / overall 2000 times
this is 1100 times / overall 2000 times
this is 1200 times / overall 2000 times
this is 1300 times / overall 2000 times
this is 1400 times / overall 2000 times
this is 1500 times / overall 2000 times
this is 1600 times / overall 2000 times
this is 1700 times / overall 2000 times
this is 1800 times / overall 2000 times
this is 1900 times / overall 2000 times
this is 9 times which has already done.
----------------------------------------------------------------------------------------------------
this is 10 times / overall 101 times (time step 90, t=0.90s)
1.5733002164491163 1.1120696148400298 1.1165138869214724
----------------------------------------------------------------------------------------------------
find index iteration: 0 20000
short indx is [[    0 18164 11594 ...  3994 11582  2512]
 [    1 13867  3728 ... 10086  5370  1855]
 [    2 15124 18689 ...  7044  1624 16173]
 ...
 [19997  8288  1502 ...  7221  9612  6507]
 [19998  6177  7656 ...  6922  4263  7722]
 [19999 10729  6793 ... 14090 11399  6702]]
Scaled residual std at t=90: [3.14660043 2.22413923 2.23302777]
start_idx is 0; end_idx is 20000
this is 0 times / overall 2000 times
this is 100 times / overall 2000 times
this is 200 times / overall 2000 times
this is 300 times / overall 2000 times
this is 400 times / overall 2000 times
this is 500 times / overall 2000 times
this is 600 times / overall 2000 times
this is 700 times / overall 2000 times
this is 800 times / overall 2000 times
this is 900 times / overall 2000 times
this is 1000 times / overall 2000 times
this is 1100 times / overall 2000 times
this is 1200 times / overall 2000 times
this is 1300 times / overall 2000 times
this is 1400 times / overall 2000 times
this is 1500 times / overall 2000 times
this is 1600 times / overall 2000 times
this is 1700 times / overall 2000 times
this is 1800 times / overall 2000 times
this is 1900 times / overall 2000 times
this is 10 times which has already done.
----------------------------------------------------------------------------------------------------
this is 11 times / overall 101 times (time step 100, t=1.00s)
1.5761354453326755 1.126087720342861 1.1163886635072477
----------------------------------------------------------------------------------------------------
find index iteration: 0 20000
short indx is [[    0 18755 14409 ... 12692  1250  6441]
 [    1 10719  8831 ...  1973  9433 12033]
 [    2 18732  1199 ...  7101 16504  2333]
 ...
 [19997  5098  7760 ...   868 11218  1490]
 [19998 17878 19637 ...  8202 19260  1044]
 [19999 10290 11591 ... 14447 19185 10497]]
Scaled residual std at t=100: [3.15227089 2.25217544 2.23277733]
start_idx is 0; end_idx is 20000
this is 0 times / overall 2000 times
this is 100 times / overall 2000 times
this is 200 times / overall 2000 times
this is 300 times / overall 2000 times
this is 400 times / overall 2000 times
this is 500 times / overall 2000 times
this is 600 times / overall 2000 times
this is 700 times / overall 2000 times
this is 800 times / overall 2000 times
this is 900 times / overall 2000 times
this is 1000 times / overall 2000 times
this is 1100 times / overall 2000 times
this is 1200 times / overall 2000 times
this is 1300 times / overall 2000 times
this is 1400 times / overall 2000 times
this is 1500 times / overall 2000 times
this is 1600 times / overall 2000 times
this is 1700 times / overall 2000 times
this is 1800 times / overall 2000 times
this is 1900 times / overall 2000 times
this is 11 times which has already done.
----------------------------------------------------------------------------------------------------
this is 12 times / overall 101 times (time step 110, t=1.10s)
1.574394186437646 1.1268012251748123 1.126411511985823
----------------------------------------------------------------------------------------------------
find index iteration: 0 20000
short indx is [[    0  4814 17732 ...  6588 13232 11580]
 [    1 12347 10645 ...  1478 15022 14696]
 [    2  3272 18640 ...  9928  1764 14471]
 ...
 [19997 12897 11573 ...  4901 14480 12945]
 [19998 13955   180 ... 12403 15224   618]
 [19999  2027 19604 ...  7642  8620  2931]]
Scaled residual std at t=110: [3.14878837 2.25360245 2.25282302]
start_idx is 0; end_idx is 20000
this is 0 times / overall 2000 times
this is 100 times / overall 2000 times
this is 200 times / overall 2000 times
this is 300 times / overall 2000 times
this is 400 times / overall 2000 times
this is 500 times / overall 2000 times
this is 600 times / overall 2000 times
this is 700 times / overall 2000 times
this is 800 times / overall 2000 times
this is 900 times / overall 2000 times
this is 1000 times / overall 2000 times
this is 1100 times / overall 2000 times
this is 1200 times / overall 2000 times
this is 1300 times / overall 2000 times
this is 1400 times / overall 2000 times
this is 1500 times / overall 2000 times
this is 1600 times / overall 2000 times
this is 1700 times / overall 2000 times
this is 1800 times / overall 2000 times
this is 1900 times / overall 2000 times
this is 12 times which has already done.
----------------------------------------------------------------------------------------------------
this is 13 times / overall 101 times (time step 120, t=1.20s)
1.5886040293402597 1.1216922566050818 1.120962092350676
----------------------------------------------------------------------------------------------------
find index iteration: 0 20000
short indx is [[    0 14079  3674 ... 11671  9870  7586]
 [    1  5707 11892 ...   532  4571  4392]
 [    2  3216  9057 ... 16563 11646  3963]
 ...
 [19997 16300 10551 ... 15666  5342  8387]
 [19998 18861  4160 ... 14390 17196  4612]
 [19999 19026  9621 ...  6354 17324 18213]]
Scaled residual std at t=120: [3.17720806 2.24338451 2.24192418]
start_idx is 0; end_idx is 20000
this is 0 times / overall 2000 times
this is 100 times / overall 2000 times
this is 200 times / overall 2000 times
this is 300 times / overall 2000 times
this is 400 times / overall 2000 times
this is 500 times / overall 2000 times
this is 600 times / overall 2000 times
this is 700 times / overall 2000 times
this is 800 times / overall 2000 times
this is 900 times / overall 2000 times
this is 1000 times / overall 2000 times
this is 1100 times / overall 2000 times
this is 1200 times / overall 2000 times
this is 1300 times / overall 2000 times
this is 1400 times / overall 2000 times
this is 1500 times / overall 2000 times
this is 1600 times / overall 2000 times
this is 1700 times / overall 2000 times
this is 1800 times / overall 2000 times
this is 1900 times / overall 2000 times
this is 13 times which has already done.
----------------------------------------------------------------------------------------------------
this is 14 times / overall 101 times (time step 130, t=1.30s)
1.5721674614266925 1.1181562433152286 1.117271125062442
----------------------------------------------------------------------------------------------------
find index iteration: 0 20000
short indx is [[    0 10327  3582 ...  5402  4100 10251]
 [    1  8583 17339 ... 18879  9415  2267]
 [    2 11283  6575 ... 16695 14660  6695]
 ...
 [19997  6360 17592 ... 12401 16914  8254]
 [19998 14366  7834 ... 12669  1629 19581]
 [19999 11872 16862 ...  1957 13647  5604]]
Scaled residual std at t=130: [3.14433492 2.23631249 2.23454225]
start_idx is 0; end_idx is 20000
this is 0 times / overall 2000 times
this is 100 times / overall 2000 times
this is 200 times / overall 2000 times
this is 300 times / overall 2000 times
this is 400 times / overall 2000 times
this is 500 times / overall 2000 times
this is 600 times / overall 2000 times
this is 700 times / overall 2000 times
this is 800 times / overall 2000 times
this is 900 times / overall 2000 times
this is 1000 times / overall 2000 times
this is 1100 times / overall 2000 times
this is 1200 times / overall 2000 times
this is 1300 times / overall 2000 times
this is 1400 times / overall 2000 times
this is 1500 times / overall 2000 times
this is 1600 times / overall 2000 times
this is 1700 times / overall 2000 times
this is 1800 times / overall 2000 times
this is 1900 times / overall 2000 times
this is 14 times which has already done.
----------------------------------------------------------------------------------------------------
this is 15 times / overall 101 times (time step 140, t=1.40s)
1.5852354225700618 1.1203039623312148 1.1271003251517773
----------------------------------------------------------------------------------------------------
find index iteration: 0 20000
short indx is [[    0 11370  8375 ...  3802 10711 17051]
 [    1 19648 11797 ... 18776 17547 12555]
 [    2 11729  2149 ...  6668 15406 16354]
 ...
 [19997 11663   820 ...  9764 17834 14204]
 [19998 15200  8889 ...  4630  6144  2080]
 [19999 10464   190 ... 14532 15640 17571]]
Scaled residual std at t=140: [3.17047085 2.24060792 2.25420065]
start_idx is 0; end_idx is 20000
this is 0 times / overall 2000 times
this is 100 times / overall 2000 times
this is 200 times / overall 2000 times
this is 300 times / overall 2000 times
this is 400 times / overall 2000 times
this is 500 times / overall 2000 times
this is 600 times / overall 2000 times
this is 700 times / overall 2000 times
this is 800 times / overall 2000 times
this is 900 times / overall 2000 times
this is 1000 times / overall 2000 times
this is 1100 times / overall 2000 times
this is 1200 times / overall 2000 times
this is 1300 times / overall 2000 times
this is 1400 times / overall 2000 times
this is 1500 times / overall 2000 times
this is 1600 times / overall 2000 times
this is 1700 times / overall 2000 times
this is 1800 times / overall 2000 times
this is 1900 times / overall 2000 times
this is 15 times which has already done.
----------------------------------------------------------------------------------------------------
this is 16 times / overall 101 times (time step 150, t=1.50s)
1.568042120912906 1.1094235847479683 1.1167335335548985
----------------------------------------------------------------------------------------------------
find index iteration: 0 20000
short indx is [[    0    18  6705 ... 11363 12339 10165]
 [    1  6294  9179 ... 15771 15978  2363]
 [    2  2114  9094 ...   545  6785 11109]
 ...
 [19997 19684 15436 ...  9346 14260  7710]
 [19998  5017 14218 ... 16472 13055 16321]
 [19999  6480 19351 ...  7670 12407  5855]]
Scaled residual std at t=150: [3.13608424 2.21884717 2.23346707]
start_idx is 0; end_idx is 20000
this is 0 times / overall 2000 times
this is 100 times / overall 2000 times
this is 200 times / overall 2000 times
this is 300 times / overall 2000 times
this is 400 times / overall 2000 times
this is 500 times / overall 2000 times
this is 600 times / overall 2000 times
this is 700 times / overall 2000 times
this is 800 times / overall 2000 times
this is 900 times / overall 2000 times
this is 1000 times / overall 2000 times
this is 1100 times / overall 2000 times
this is 1200 times / overall 2000 times
this is 1300 times / overall 2000 times
this is 1400 times / overall 2000 times
this is 1500 times / overall 2000 times
this is 1600 times / overall 2000 times
this is 1700 times / overall 2000 times
this is 1800 times / overall 2000 times
this is 1900 times / overall 2000 times
this is 16 times which has already done.
----------------------------------------------------------------------------------------------------
this is 17 times / overall 101 times (time step 160, t=1.60s)
1.576099138943198 1.115033892291676 1.1085023218087668
----------------------------------------------------------------------------------------------------
find index iteration: 0 20000
short indx is [[    0 17190   644 ...  9139  6406 15481]
 [    1  4559 17482 ...  9013  1884 18107]
 [    2 11735  4867 ... 15816  9287   545]
 ...
 [19997    91 19978 ...  2131  7624  5056]
 [19998  8669 15053 ... 11409 10969 16864]
 [19999  5120  3197 ... 14176 10132 10902]]
Scaled residual std at t=160: [3.15219828 2.23006778 2.21700464]
start_idx is 0; end_idx is 20000
this is 0 times / overall 2000 times
this is 100 times / overall 2000 times
this is 200 times / overall 2000 times
this is 300 times / overall 2000 times
this is 400 times / overall 2000 times
this is 500 times / overall 2000 times
this is 600 times / overall 2000 times
this is 700 times / overall 2000 times
this is 800 times / overall 2000 times
this is 900 times / overall 2000 times
this is 1000 times / overall 2000 times
this is 1100 times / overall 2000 times
this is 1200 times / overall 2000 times
this is 1300 times / overall 2000 times
this is 1400 times / overall 2000 times
this is 1500 times / overall 2000 times
this is 1600 times / overall 2000 times
this is 1700 times / overall 2000 times
this is 1800 times / overall 2000 times
this is 1900 times / overall 2000 times
this is 17 times which has already done.
----------------------------------------------------------------------------------------------------
this is 18 times / overall 101 times (time step 170, t=1.70s)
1.593486517449298 1.1201149730969642 1.1258762255220183
----------------------------------------------------------------------------------------------------
find index iteration: 0 20000
short indx is [[    0  9799   937 ...  6451 12847 17109]
 [    1  8334 13433 ... 19614 17829 18963]
 [    2  8398 12139 ... 16238  9934   137]
 ...
 [19997  4436  2065 ...   495 11651 12937]
 [19998  1972  8938 ...  9787  8295 18032]
 [19999 11667  8822 ...  1836  7292  5021]]
Scaled residual std at t=170: [3.18697303 2.24022995 2.25175245]
start_idx is 0; end_idx is 20000
this is 0 times / overall 2000 times
this is 100 times / overall 2000 times
this is 200 times / overall 2000 times
this is 300 times / overall 2000 times
this is 400 times / overall 2000 times
this is 500 times / overall 2000 times
this is 600 times / overall 2000 times
this is 700 times / overall 2000 times
this is 800 times / overall 2000 times
this is 900 times / overall 2000 times
this is 1000 times / overall 2000 times
this is 1100 times / overall 2000 times
this is 1200 times / overall 2000 times
this is 1300 times / overall 2000 times
this is 1400 times / overall 2000 times
this is 1500 times / overall 2000 times
this is 1600 times / overall 2000 times
this is 1700 times / overall 2000 times
this is 1800 times / overall 2000 times
this is 1900 times / overall 2000 times
this is 18 times which has already done.
----------------------------------------------------------------------------------------------------
this is 19 times / overall 101 times (time step 180, t=1.80s)
1.5998421389785777 1.1159187168770708 1.1246352940591968
----------------------------------------------------------------------------------------------------
find index iteration: 0 20000
short indx is [[    0 18077  1914 ...  9770  3891  4816]
 [    1 15405  7556 ...  1178  6550 10304]
 [    2 17488 10492 ... 11570  9820  9862]
 ...
 [19997 15896  1395 ... 18410  3396  1353]
 [19998 17683 13822 ...  4874  8785 16718]
 [19999  6443 10927 ...  8004  8953  7477]]
Scaled residual std at t=180: [3.19968428 2.23183743 2.24927059]
start_idx is 0; end_idx is 20000
this is 0 times / overall 2000 times
this is 100 times / overall 2000 times
this is 200 times / overall 2000 times
this is 300 times / overall 2000 times
this is 400 times / overall 2000 times
this is 500 times / overall 2000 times
this is 600 times / overall 2000 times
this is 700 times / overall 2000 times
this is 800 times / overall 2000 times
this is 900 times / overall 2000 times
this is 1000 times / overall 2000 times
this is 1100 times / overall 2000 times
this is 1200 times / overall 2000 times
this is 1300 times / overall 2000 times
this is 1400 times / overall 2000 times
this is 1500 times / overall 2000 times
this is 1600 times / overall 2000 times
this is 1700 times / overall 2000 times
this is 1800 times / overall 2000 times
this is 1900 times / overall 2000 times
this is 19 times which has already done.
----------------------------------------------------------------------------------------------------
this is 20 times / overall 101 times (time step 190, t=1.90s)
1.5687714360255305 1.1246535432512055 1.1207294499225644
----------------------------------------------------------------------------------------------------
find index iteration: 0 20000
short indx is [[    0 11502  6486 ...  2798  4519 19675]
 [    1   538 14791 ...  5467  3347 18711]
 [    2 13510 18799 ... 11399 19305 12023]
 ...
 [19997 11113 18133 ...  1846  2261     7]
 [19998 11738  4936 ...  9343 11585  5443]
 [19999  6443  1883 ...  6023  4207  4339]]
Scaled residual std at t=190: [3.13754287 2.24930709 2.2414589 ]
start_idx is 0; end_idx is 20000
this is 0 times / overall 2000 times
this is 100 times / overall 2000 times
this is 200 times / overall 2000 times
this is 300 times / overall 2000 times
this is 400 times / overall 2000 times
this is 500 times / overall 2000 times
this is 600 times / overall 2000 times
this is 700 times / overall 2000 times
this is 800 times / overall 2000 times
this is 900 times / overall 2000 times
this is 1000 times / overall 2000 times
this is 1100 times / overall 2000 times
this is 1200 times / overall 2000 times
this is 1300 times / overall 2000 times
this is 1400 times / overall 2000 times
this is 1500 times / overall 2000 times
this is 1600 times / overall 2000 times
this is 1700 times / overall 2000 times
this is 1800 times / overall 2000 times
this is 1900 times / overall 2000 times
this is 20 times which has already done.
----------------------------------------------------------------------------------------------------
this is 21 times / overall 101 times (time step 200, t=2.00s)
1.5832314040736208 1.1240630448892284 1.1188235743843635
----------------------------------------------------------------------------------------------------
find index iteration: 0 20000
short indx is [[    0  9586 10109 ...  5302  9905 17520]
 [    1 11536 14487 ... 10458  2175 15250]
 [    2 19450 17158 ... 11711 19580 16910]
 ...
 [19997  8237 15344 ...  7911  9772 16920]
 [19998  3060 13939 ...  7186  7479 19432]
 [19999  7270  5147 ... 19035 13549  6901]]
Scaled residual std at t=200: [3.16646281 2.24812609 2.23764715]
start_idx is 0; end_idx is 20000
this is 0 times / overall 2000 times
this is 100 times / overall 2000 times
this is 200 times / overall 2000 times
this is 300 times / overall 2000 times
this is 400 times / overall 2000 times
this is 500 times / overall 2000 times
this is 600 times / overall 2000 times
this is 700 times / overall 2000 times
this is 800 times / overall 2000 times
this is 900 times / overall 2000 times
this is 1000 times / overall 2000 times
this is 1100 times / overall 2000 times
this is 1200 times / overall 2000 times
this is 1300 times / overall 2000 times
this is 1400 times / overall 2000 times
this is 1500 times / overall 2000 times
this is 1600 times / overall 2000 times
this is 1700 times / overall 2000 times
this is 1800 times / overall 2000 times
this is 1900 times / overall 2000 times
this is 21 times which has already done.
----------------------------------------------------------------------------------------------------
this is 22 times / overall 101 times (time step 210, t=2.10s)
1.5748322841530555 1.1115549379809466 1.1242483654791875
----------------------------------------------------------------------------------------------------
find index iteration: 0 20000
short indx is [[    0 17631  6306 ...  2761 14116  4819]
 [    1  9067 14237 ...  8023 13158 17292]
 [    2  7177 11021 ...  8991  8106  8763]
 ...
 [19997  3554 13840 ...  9916  8229 15087]
 [19998 17753 13752 ...   538 17143  1581]
 [19999 11059  9715 ...  2569 13195 12586]]
Scaled residual std at t=210: [3.14966457 2.22310988 2.24849673]
start_idx is 0; end_idx is 20000
this is 0 times / overall 2000 times
this is 100 times / overall 2000 times
this is 200 times / overall 2000 times
this is 300 times / overall 2000 times
this is 400 times / overall 2000 times
this is 500 times / overall 2000 times
this is 600 times / overall 2000 times
this is 700 times / overall 2000 times
this is 800 times / overall 2000 times
this is 900 times / overall 2000 times
this is 1000 times / overall 2000 times
this is 1100 times / overall 2000 times
this is 1200 times / overall 2000 times
this is 1300 times / overall 2000 times
this is 1400 times / overall 2000 times
this is 1500 times / overall 2000 times
this is 1600 times / overall 2000 times
this is 1700 times / overall 2000 times
this is 1800 times / overall 2000 times
this is 1900 times / overall 2000 times
this is 22 times which has already done.
----------------------------------------------------------------------------------------------------
this is 23 times / overall 101 times (time step 220, t=2.20s)
1.5890186349845985 1.1240905125406353 1.1154935705483464
----------------------------------------------------------------------------------------------------
find index iteration: 0 20000
short indx is [[    0 18358 15388 ... 10314  9599 14552]
 [    1  2422 17337 ... 17639 16011  8297]
 [    2 14470 15303 ... 16831 17099  1177]
 ...
 [19997  3910  7011 ...  4596 12609   215]
 [19998  3956 15568 ... 18695  7179  4935]
 [19999 18659  5885 ... 15593  2018  6175]]
Scaled residual std at t=220: [3.17803727 2.24818103 2.23098714]
start_idx is 0; end_idx is 20000
this is 0 times / overall 2000 times
this is 100 times / overall 2000 times
this is 200 times / overall 2000 times
this is 300 times / overall 2000 times
this is 400 times / overall 2000 times
this is 500 times / overall 2000 times
this is 600 times / overall 2000 times
this is 700 times / overall 2000 times
this is 800 times / overall 2000 times
this is 900 times / overall 2000 times
this is 1000 times / overall 2000 times
this is 1100 times / overall 2000 times
this is 1200 times / overall 2000 times
this is 1300 times / overall 2000 times
this is 1400 times / overall 2000 times
this is 1500 times / overall 2000 times
this is 1600 times / overall 2000 times
this is 1700 times / overall 2000 times
this is 1800 times / overall 2000 times
this is 1900 times / overall 2000 times
this is 23 times which has already done.
----------------------------------------------------------------------------------------------------
this is 24 times / overall 101 times (time step 230, t=2.30s)
1.5909886850191841 1.1177422573974216 1.126029641313846
----------------------------------------------------------------------------------------------------
find index iteration: 0 20000
short indx is [[    0  7110  8933 ... 14274  2447 18809]
 [    1  5699 19766 ... 16430  8851 11448]
 [    2  7196 18376 ... 14237 14796  1134]
 ...
 [19997  1630 10974 ...  9015  5306 11596]
 [19998   313 15787 ... 13499 10207 17583]
 [19999  2967  5186 ...  3179   557  6563]]
Scaled residual std at t=230: [3.18197737 2.23548451 2.25205928]
start_idx is 0; end_idx is 20000
this is 0 times / overall 2000 times
this is 100 times / overall 2000 times
this is 200 times / overall 2000 times
this is 300 times / overall 2000 times
this is 400 times / overall 2000 times
this is 500 times / overall 2000 times
this is 600 times / overall 2000 times
this is 700 times / overall 2000 times
this is 800 times / overall 2000 times
this is 900 times / overall 2000 times
this is 1000 times / overall 2000 times
this is 1100 times / overall 2000 times
this is 1200 times / overall 2000 times
this is 1300 times / overall 2000 times
this is 1400 times / overall 2000 times
this is 1500 times / overall 2000 times
this is 1600 times / overall 2000 times
this is 1700 times / overall 2000 times
this is 1800 times / overall 2000 times
this is 1900 times / overall 2000 times
this is 24 times which has already done.
----------------------------------------------------------------------------------------------------
this is 25 times / overall 101 times (time step 240, t=2.40s)
1.5855670705296476 1.122784483499828 1.115590639363225
----------------------------------------------------------------------------------------------------
find index iteration: 0 20000
short indx is [[    0 12982  8968 ... 16712 12624  6448]
 [    1 12766  4989 ... 16501 17154 12934]
 [    2 16704  9451 ...  1812  3212 19273]
 ...
 [19997 12511 14355 ... 15310 13477 14022]
 [19998 11844 13934 ...  6001  6562  4176]
 [19999 11283 17175 ...  6971 10488  7986]]
Scaled residual std at t=240: [3.17113414 2.24556897 2.23118128]
start_idx is 0; end_idx is 20000
this is 0 times / overall 2000 times
this is 100 times / overall 2000 times
this is 200 times / overall 2000 times
this is 300 times / overall 2000 times
this is 400 times / overall 2000 times
this is 500 times / overall 2000 times
this is 600 times / overall 2000 times
this is 700 times / overall 2000 times
this is 800 times / overall 2000 times
this is 900 times / overall 2000 times
this is 1000 times / overall 2000 times
this is 1100 times / overall 2000 times
this is 1200 times / overall 2000 times
this is 1300 times / overall 2000 times
this is 1400 times / overall 2000 times
this is 1500 times / overall 2000 times
this is 1600 times / overall 2000 times
this is 1700 times / overall 2000 times
this is 1800 times / overall 2000 times
this is 1900 times / overall 2000 times
this is 25 times which has already done.
----------------------------------------------------------------------------------------------------
this is 26 times / overall 101 times (time step 250, t=2.50s)
1.5789733267540231 1.1217124553616926 1.117517894568601
----------------------------------------------------------------------------------------------------
find index iteration: 0 20000
short indx is [[    0  2351 15050 ... 10225  8008  7801]
 [    1  1229  6977 ... 13403  3925 11568]
 [    2  9383 12219 ...  2386 10741  2211]
 ...
 [19997 11014  2574 ...  5101 15929  5236]
 [19998  1134   727 ...  7022  9001 11821]
 [19999  1034  9609 ... 19951  8181 13005]]
Scaled residual std at t=250: [3.15794665 2.24342491 2.23503579]
start_idx is 0; end_idx is 20000
this is 0 times / overall 2000 times
this is 100 times / overall 2000 times
this is 200 times / overall 2000 times
this is 300 times / overall 2000 times
this is 400 times / overall 2000 times
this is 500 times / overall 2000 times
this is 600 times / overall 2000 times
this is 700 times / overall 2000 times
this is 800 times / overall 2000 times
this is 900 times / overall 2000 times
this is 1000 times / overall 2000 times
this is 1100 times / overall 2000 times
this is 1200 times / overall 2000 times
this is 1300 times / overall 2000 times
this is 1400 times / overall 2000 times
this is 1500 times / overall 2000 times
this is 1600 times / overall 2000 times
this is 1700 times / overall 2000 times
this is 1800 times / overall 2000 times
this is 1900 times / overall 2000 times
this is 26 times which has already done.
----------------------------------------------------------------------------------------------------
this is 27 times / overall 101 times (time step 260, t=2.60s)
1.5839686171824534 1.1122713709918697 1.1030356855118202
----------------------------------------------------------------------------------------------------
find index iteration: 0 20000
short indx is [[    0  1757 12340 ... 14118 11413  8009]
 [    1 14598 14395 ... 18167 18145  7176]
 [    2 17817 10450 ... 12797 13857  2328]
 ...
 [19997  7866  8556 ...  5870  1785 18242]
 [19998 13227  1889 ... 19843   414  7441]
 [19999   965 19860 ... 17047 15460   981]]
Scaled residual std at t=260: [3.16793723 2.22454274 2.20607137]
start_idx is 0; end_idx is 20000
this is 0 times / overall 2000 times
this is 100 times / overall 2000 times
this is 200 times / overall 2000 times
this is 300 times / overall 2000 times
this is 400 times / overall 2000 times
this is 500 times / overall 2000 times
this is 600 times / overall 2000 times
this is 700 times / overall 2000 times
this is 800 times / overall 2000 times
this is 900 times / overall 2000 times
this is 1000 times / overall 2000 times
this is 1100 times / overall 2000 times
this is 1200 times / overall 2000 times
this is 1300 times / overall 2000 times
this is 1400 times / overall 2000 times
this is 1500 times / overall 2000 times
this is 1600 times / overall 2000 times
this is 1700 times / overall 2000 times
this is 1800 times / overall 2000 times
this is 1900 times / overall 2000 times
this is 27 times which has already done.
----------------------------------------------------------------------------------------------------
this is 28 times / overall 101 times (time step 270, t=2.70s)
1.5728511584379608 1.116632199980433 1.1213693577846215
----------------------------------------------------------------------------------------------------
find index iteration: 0 20000
short indx is [[    0 13172  5599 ... 15840  9741 16340]
 [    1 16910  2121 ...  9027  4946 15303]
 [    2  8294  1040 ...  3870  5863 15647]
 ...
 [19997 11089  8538 ... 14482 16480 18019]
 [19998  2571 11318 ... 11808 14753  7747]
 [19999 15594  7640 ...  2616 16459  4273]]
Scaled residual std at t=270: [3.14570232 2.2332644  2.24273872]
start_idx is 0; end_idx is 20000
this is 0 times / overall 2000 times
this is 100 times / overall 2000 times
this is 200 times / overall 2000 times
this is 300 times / overall 2000 times
this is 400 times / overall 2000 times
this is 500 times / overall 2000 times
this is 600 times / overall 2000 times
this is 700 times / overall 2000 times
this is 800 times / overall 2000 times
this is 900 times / overall 2000 times
this is 1000 times / overall 2000 times
this is 1100 times / overall 2000 times
this is 1200 times / overall 2000 times
this is 1300 times / overall 2000 times
this is 1400 times / overall 2000 times
this is 1500 times / overall 2000 times
this is 1600 times / overall 2000 times
this is 1700 times / overall 2000 times
this is 1800 times / overall 2000 times
this is 1900 times / overall 2000 times
this is 28 times which has already done.
----------------------------------------------------------------------------------------------------
this is 29 times / overall 101 times (time step 280, t=2.80s)
1.587066462521024 1.1149582798684483 1.1198617474468109
----------------------------------------------------------------------------------------------------
find index iteration: 0 20000
short indx is [[    0 10892 11604 ...  2111  5700  3532]
 [    1 10748  7012 ... 14003 11583  9667]
 [    2  8553 18544 ... 18769  7997 17488]
 ...
 [19997 10096 10024 ... 15676  2342   375]
 [19998 17652   200 ...  2132 15817  9559]
 [19999 12459  6101 ... 14376 16453  9615]]
Scaled residual std at t=280: [3.17413293 2.22991656 2.23972349]
start_idx is 0; end_idx is 20000
this is 0 times / overall 2000 times
this is 100 times / overall 2000 times
this is 200 times / overall 2000 times
this is 300 times / overall 2000 times
this is 400 times / overall 2000 times
this is 500 times / overall 2000 times
this is 600 times / overall 2000 times
this is 700 times / overall 2000 times
this is 800 times / overall 2000 times
this is 900 times / overall 2000 times
this is 1000 times / overall 2000 times
this is 1100 times / overall 2000 times
this is 1200 times / overall 2000 times
this is 1300 times / overall 2000 times
this is 1400 times / overall 2000 times
this is 1500 times / overall 2000 times
this is 1600 times / overall 2000 times
this is 1700 times / overall 2000 times
this is 1800 times / overall 2000 times
this is 1900 times / overall 2000 times
this is 29 times which has already done.
----------------------------------------------------------------------------------------------------
this is 30 times / overall 101 times (time step 290, t=2.90s)
1.5707079976094787 1.1265017123141956 1.1152352629956879
----------------------------------------------------------------------------------------------------
find index iteration: 0 20000
short indx is [[    0  7502  3997 ...  1477 18071 16971]
 [    1 15620 12417 ... 13276 12554  1534]
 [    2  6924  5264 ...   904 13021  5832]
 ...
 [19997  7085  1796 ... 12052 10241 12655]
 [19998 10001 14210 ... 11449  4167 13031]
 [19999 11502  1682 ...  9055 16168  5326]]
Scaled residual std at t=290: [3.141416   2.25300342 2.23047053]
start_idx is 0; end_idx is 20000
this is 0 times / overall 2000 times
this is 100 times / overall 2000 times
this is 200 times / overall 2000 times
this is 300 times / overall 2000 times
this is 400 times / overall 2000 times
this is 500 times / overall 2000 times
this is 600 times / overall 2000 times
this is 700 times / overall 2000 times
this is 800 times / overall 2000 times
this is 900 times / overall 2000 times
this is 1000 times / overall 2000 times
this is 1100 times / overall 2000 times
this is 1200 times / overall 2000 times
this is 1300 times / overall 2000 times
this is 1400 times / overall 2000 times
this is 1500 times / overall 2000 times
this is 1600 times / overall 2000 times
this is 1700 times / overall 2000 times
this is 1800 times / overall 2000 times
this is 1900 times / overall 2000 times
this is 30 times which has already done.
----------------------------------------------------------------------------------------------------
this is 31 times / overall 101 times (time step 300, t=3.00s)
1.5741575616435817 1.118447244042398 1.1165128018800623
----------------------------------------------------------------------------------------------------
find index iteration: 0 20000
short indx is [[    0  7770  6825 ...   254 16135  3424]
 [    1  1252  7347 ... 16025 16622 14918]
 [    2  9880 16254 ... 11769  7073 19669]
 ...
 [19997  8782  4140 ...  4503 18193  6380]
 [19998 11196  6138 ... 10206  8964 12051]
 [19999 13576   833 ... 12410  7863 18967]]
Scaled residual std at t=300: [3.14831512 2.23689449 2.2330256 ]
start_idx is 0; end_idx is 20000
this is 0 times / overall 2000 times
this is 100 times / overall 2000 times
this is 200 times / overall 2000 times
this is 300 times / overall 2000 times
this is 400 times / overall 2000 times
this is 500 times / overall 2000 times
this is 600 times / overall 2000 times
this is 700 times / overall 2000 times
this is 800 times / overall 2000 times
this is 900 times / overall 2000 times
this is 1000 times / overall 2000 times
this is 1100 times / overall 2000 times
this is 1200 times / overall 2000 times
this is 1300 times / overall 2000 times
this is 1400 times / overall 2000 times
this is 1500 times / overall 2000 times
this is 1600 times / overall 2000 times
this is 1700 times / overall 2000 times
this is 1800 times / overall 2000 times
this is 1900 times / overall 2000 times
this is 31 times which has already done.
----------------------------------------------------------------------------------------------------
this is 32 times / overall 101 times (time step 310, t=3.10s)
1.5857928297776462 1.119924452087457 1.1184413132524715
----------------------------------------------------------------------------------------------------
find index iteration: 0 20000
short indx is [[    0 17816 15205 ... 18659 16086  2581]
 [    1  5659 10367 ...  2076 13095 16457]
 [    2 15454 18257 ... 14138 11077  5563]
 ...
 [19997 18873  1371 ...  4064 12377 11837]
 [19998  4482 15581 ...  1563  8022 14671]
 [19999  2426 14470 ... 19422  1132  3694]]
Scaled residual std at t=310: [3.17158566 2.2398489  2.23688263]
start_idx is 0; end_idx is 20000
this is 0 times / overall 2000 times
this is 100 times / overall 2000 times
this is 200 times / overall 2000 times
this is 300 times / overall 2000 times
this is 400 times / overall 2000 times
this is 500 times / overall 2000 times
this is 600 times / overall 2000 times
this is 700 times / overall 2000 times
this is 800 times / overall 2000 times
this is 900 times / overall 2000 times
this is 1000 times / overall 2000 times
this is 1100 times / overall 2000 times
this is 1200 times / overall 2000 times
this is 1300 times / overall 2000 times
this is 1400 times / overall 2000 times
this is 1500 times / overall 2000 times
this is 1600 times / overall 2000 times
this is 1700 times / overall 2000 times
this is 1800 times / overall 2000 times
this is 1900 times / overall 2000 times
this is 32 times which has already done.
----------------------------------------------------------------------------------------------------
this is 33 times / overall 101 times (time step 320, t=3.20s)
1.5969982601816473 1.1157423505879551 1.1170968864815318
----------------------------------------------------------------------------------------------------
find index iteration: 0 20000
short indx is [[    0 15134 14620 ...  6155  8871 15625]
 [    1 16896 17049 ...   593  2217 10648]
 [    2  8024 19534 ...  9137 10339 13626]
 ...
 [19997  2342 12418 ...  2224  6170 13254]
 [19998  8021 15830 ... 13624 12301 17477]
 [19999  4256 17543 ... 14767 11705 19208]]
Scaled residual std at t=320: [3.19399652 2.2314847  2.23419377]
start_idx is 0; end_idx is 20000
this is 0 times / overall 2000 times
this is 100 times / overall 2000 times
this is 200 times / overall 2000 times
this is 300 times / overall 2000 times
this is 400 times / overall 2000 times
this is 500 times / overall 2000 times
this is 600 times / overall 2000 times
this is 700 times / overall 2000 times
this is 800 times / overall 2000 times
this is 900 times / overall 2000 times
this is 1000 times / overall 2000 times
this is 1100 times / overall 2000 times
this is 1200 times / overall 2000 times
this is 1300 times / overall 2000 times
this is 1400 times / overall 2000 times
this is 1500 times / overall 2000 times
this is 1600 times / overall 2000 times
this is 1700 times / overall 2000 times
this is 1800 times / overall 2000 times
this is 1900 times / overall 2000 times
this is 33 times which has already done.
----------------------------------------------------------------------------------------------------
this is 34 times / overall 101 times (time step 330, t=3.30s)
1.5723815345127157 1.1184017601110605 1.1143615238508493
----------------------------------------------------------------------------------------------------
find index iteration: 0 20000
short indx is [[    0 11973 11811 ... 17027  9386 14809]
 [    1 10588 14954 ...  5581  5868   676]
 [    2 15406  7759 ...  3566  7761 17300]
 ...
 [19997 12976  2883 ...  4715  2289  3344]
 [19998  6706  4203 ...  6888  6565 18327]
 [19999 19720  1204 ... 16378 11541  2769]]
Scaled residual std at t=330: [3.14476307 2.23680352 2.22872305]
start_idx is 0; end_idx is 20000
this is 0 times / overall 2000 times
this is 100 times / overall 2000 times
this is 200 times / overall 2000 times
this is 300 times / overall 2000 times
this is 400 times / overall 2000 times
this is 500 times / overall 2000 times
this is 600 times / overall 2000 times
this is 700 times / overall 2000 times
this is 800 times / overall 2000 times
this is 900 times / overall 2000 times
this is 1000 times / overall 2000 times
this is 1100 times / overall 2000 times
this is 1200 times / overall 2000 times
this is 1300 times / overall 2000 times
this is 1400 times / overall 2000 times
this is 1500 times / overall 2000 times
this is 1600 times / overall 2000 times
this is 1700 times / overall 2000 times
this is 1800 times / overall 2000 times
this is 1900 times / overall 2000 times
this is 34 times which has already done.
----------------------------------------------------------------------------------------------------
this is 35 times / overall 101 times (time step 340, t=3.40s)
1.5830757413384267 1.115503684685279 1.1166937057401822
----------------------------------------------------------------------------------------------------
find index iteration: 0 20000
short indx is [[    0 14974  1611 ... 10456 19879 16188]
 [    1  3600   897 ...  6376 13530  1850]
 [    2 14373 15511 ...  7502  5100 14268]
 ...
 [19997  3951 12534 ...  9780  6324  6625]
 [19998  4326  6299 ...  6630 14461 15003]
 [19999 18219 10675 ... 14954  8444 15710]]
Scaled residual std at t=340: [3.16615148 2.23100737 2.23338741]
start_idx is 0; end_idx is 20000
this is 0 times / overall 2000 times
this is 100 times / overall 2000 times
this is 200 times / overall 2000 times
this is 300 times / overall 2000 times
this is 400 times / overall 2000 times
this is 500 times / overall 2000 times
this is 600 times / overall 2000 times
this is 700 times / overall 2000 times
this is 800 times / overall 2000 times
this is 900 times / overall 2000 times
this is 1000 times / overall 2000 times
this is 1100 times / overall 2000 times
this is 1200 times / overall 2000 times
this is 1300 times / overall 2000 times
this is 1400 times / overall 2000 times
this is 1500 times / overall 2000 times
this is 1600 times / overall 2000 times
this is 1700 times / overall 2000 times
this is 1800 times / overall 2000 times
this is 1900 times / overall 2000 times
this is 35 times which has already done.
----------------------------------------------------------------------------------------------------
this is 36 times / overall 101 times (time step 350, t=3.50s)
1.5781833650841497 1.1192449633724029 1.126645812462733
----------------------------------------------------------------------------------------------------
find index iteration: 0 20000
short indx is [[    0 14491    15 ... 17872 19721 11258]
 [    1 10638 10948 ...  2919  7469 13832]
 [    2 13369 11579 ... 14753 12430  1658]
 ...
 [19997  2483 17033 ...  3193  7925  2494]
 [19998 14067  4354 ...  8938  8653  8728]
 [19999 10342 17822 ... 16285 16252 14930]]
Scaled residual std at t=350: [3.15636673 2.23848993 2.25329162]
start_idx is 0; end_idx is 20000
this is 0 times / overall 2000 times
this is 100 times / overall 2000 times
this is 200 times / overall 2000 times
this is 300 times / overall 2000 times
this is 400 times / overall 2000 times
this is 500 times / overall 2000 times
this is 600 times / overall 2000 times
this is 700 times / overall 2000 times
this is 800 times / overall 2000 times
this is 900 times / overall 2000 times
this is 1000 times / overall 2000 times
this is 1100 times / overall 2000 times
this is 1200 times / overall 2000 times
this is 1300 times / overall 2000 times
this is 1400 times / overall 2000 times
this is 1500 times / overall 2000 times
this is 1600 times / overall 2000 times
this is 1700 times / overall 2000 times
this is 1800 times / overall 2000 times
this is 1900 times / overall 2000 times
this is 36 times which has already done.
----------------------------------------------------------------------------------------------------
this is 37 times / overall 101 times (time step 360, t=3.60s)
1.587357663515696 1.1221656283644432 1.1154100192612866
----------------------------------------------------------------------------------------------------
find index iteration: 0 20000
short indx is [[    0  4864  8616 ...  4619 13688  7240]
 [    1 12647 17392 ... 17820  5669 15964]
 [    2 10807  3870 ...  6966 11456 10263]
 ...
 [19997  3303  1076 ...  2911 18255  5422]
 [19998 16811  4553 ...  9007  6053  3821]
 [19999  1096 11133 ...  1479 15170  4929]]
Scaled residual std at t=360: [3.17471533 2.24433126 2.23082004]
start_idx is 0; end_idx is 20000
this is 0 times / overall 2000 times
this is 100 times / overall 2000 times
this is 200 times / overall 2000 times
this is 300 times / overall 2000 times
this is 400 times / overall 2000 times
this is 500 times / overall 2000 times
this is 600 times / overall 2000 times
this is 700 times / overall 2000 times
this is 800 times / overall 2000 times
this is 900 times / overall 2000 times
this is 1000 times / overall 2000 times
this is 1100 times / overall 2000 times
this is 1200 times / overall 2000 times
this is 1300 times / overall 2000 times
this is 1400 times / overall 2000 times
this is 1500 times / overall 2000 times
this is 1600 times / overall 2000 times
this is 1700 times / overall 2000 times
this is 1800 times / overall 2000 times
this is 1900 times / overall 2000 times
this is 37 times which has already done.
----------------------------------------------------------------------------------------------------
this is 38 times / overall 101 times (time step 370, t=3.70s)
1.5817729310968083 1.1201268628310161 1.1135355544954644
----------------------------------------------------------------------------------------------------
find index iteration: 0 20000
short indx is [[    0  8274  5295 ... 16024  7603  9304]
 [    1 18772  8672 ...  2146 10759 15350]
 [    2  7125 16080 ...  1922  4254  4515]
 ...
 [19997 11051  5424 ...  1879  8571  7911]
 [19998  9023 18685 ...  3312 11860   746]
 [19999   756   764 ...  5586  3218  4617]]
Scaled residual std at t=370: [3.16354586 2.24025373 2.22707111]
start_idx is 0; end_idx is 20000
this is 0 times / overall 2000 times
this is 100 times / overall 2000 times
this is 200 times / overall 2000 times
this is 300 times / overall 2000 times
this is 400 times / overall 2000 times
this is 500 times / overall 2000 times
this is 600 times / overall 2000 times
this is 700 times / overall 2000 times
this is 800 times / overall 2000 times
this is 900 times / overall 2000 times
this is 1000 times / overall 2000 times
this is 1100 times / overall 2000 times
this is 1200 times / overall 2000 times
this is 1300 times / overall 2000 times
this is 1400 times / overall 2000 times
this is 1500 times / overall 2000 times
this is 1600 times / overall 2000 times
this is 1700 times / overall 2000 times
this is 1800 times / overall 2000 times
this is 1900 times / overall 2000 times
this is 38 times which has already done.
----------------------------------------------------------------------------------------------------
this is 39 times / overall 101 times (time step 380, t=3.80s)
1.576841995182993 1.108214804476757 1.1221474345411482
----------------------------------------------------------------------------------------------------
find index iteration: 0 20000
short indx is [[    0 11767  4549 ... 19863  6179  2759]
 [    1  6096 17885 ...   645 19139  2997]
 [    2  4641 17987 ...  7338  2448  4886]
 ...
 [19997  5470 11597 ... 19920 14665   858]
 [19998 11161  9678 ...   386  6614 10538]
 [19999  8724  5783 ...  3190 18613  3797]]
Scaled residual std at t=380: [3.15368399 2.21642961 2.24429487]
start_idx is 0; end_idx is 20000
this is 0 times / overall 2000 times
this is 100 times / overall 2000 times
this is 200 times / overall 2000 times
this is 300 times / overall 2000 times
this is 400 times / overall 2000 times
this is 500 times / overall 2000 times
this is 600 times / overall 2000 times
this is 700 times / overall 2000 times
this is 800 times / overall 2000 times
this is 900 times / overall 2000 times
this is 1000 times / overall 2000 times
this is 1100 times / overall 2000 times
this is 1200 times / overall 2000 times
this is 1300 times / overall 2000 times
this is 1400 times / overall 2000 times
this is 1500 times / overall 2000 times
this is 1600 times / overall 2000 times
this is 1700 times / overall 2000 times
this is 1800 times / overall 2000 times
this is 1900 times / overall 2000 times
this is 39 times which has already done.
----------------------------------------------------------------------------------------------------
this is 40 times / overall 101 times (time step 390, t=3.90s)
1.5789168275720273 1.1143185669897282 1.1119092732977258
----------------------------------------------------------------------------------------------------
find index iteration: 0 20000
short indx is [[    0 11296 18719 ...  7062 10277  6543]
 [    1  3503  4902 ...  9520 14756  8569]
 [    2  3228 14541 ...  8399 14389 18499]
 ...
 [19997  8696   479 ... 15002   642 10368]
 [19998 10484 13350 ... 13848 15361 12344]
 [19999  8395 11262 ... 16214  3309  9357]]
Scaled residual std at t=390: [3.15783366 2.22863713 2.22381855]
start_idx is 0; end_idx is 20000
this is 0 times / overall 2000 times
this is 100 times / overall 2000 times
this is 200 times / overall 2000 times
this is 300 times / overall 2000 times
this is 400 times / overall 2000 times
this is 500 times / overall 2000 times
this is 600 times / overall 2000 times
this is 700 times / overall 2000 times
this is 800 times / overall 2000 times
this is 900 times / overall 2000 times
this is 1000 times / overall 2000 times
this is 1100 times / overall 2000 times
this is 1200 times / overall 2000 times
this is 1300 times / overall 2000 times
this is 1400 times / overall 2000 times
this is 1500 times / overall 2000 times
this is 1600 times / overall 2000 times
this is 1700 times / overall 2000 times
this is 1800 times / overall 2000 times
this is 1900 times / overall 2000 times
this is 40 times which has already done.
----------------------------------------------------------------------------------------------------
this is 41 times / overall 101 times (time step 400, t=4.00s)
1.5792777563667788 1.1180980783867676 1.1213780218301006
----------------------------------------------------------------------------------------------------
find index iteration: 0 20000
short indx is [[    0 10892 19234 ...  6007 13782 15492]
 [    1  8244  3503 ... 11083  3678  6313]
 [    2  8775  5193 ...  1268  1886 18506]
 ...
 [19997  2177  9743 ...  3815  1032 10131]
 [19998 18105 18548 ...  9209  9619 16408]
 [19999 15799  6422 ... 12480 15206  9015]]
Scaled residual std at t=400: [3.15855551 2.23619616 2.24275604]
start_idx is 0; end_idx is 20000
this is 0 times / overall 2000 times
this is 100 times / overall 2000 times
this is 200 times / overall 2000 times
this is 300 times / overall 2000 times
this is 400 times / overall 2000 times
this is 500 times / overall 2000 times
this is 600 times / overall 2000 times
this is 700 times / overall 2000 times
this is 800 times / overall 2000 times
this is 900 times / overall 2000 times
this is 1000 times / overall 2000 times
this is 1100 times / overall 2000 times
this is 1200 times / overall 2000 times
this is 1300 times / overall 2000 times
this is 1400 times / overall 2000 times
this is 1500 times / overall 2000 times
this is 1600 times / overall 2000 times
this is 1700 times / overall 2000 times
this is 1800 times / overall 2000 times
this is 1900 times / overall 2000 times
this is 41 times which has already done.
----------------------------------------------------------------------------------------------------
this is 42 times / overall 101 times (time step 410, t=4.10s)
1.5744146202141946 1.1205504541892581 1.1206192721312827
----------------------------------------------------------------------------------------------------
find index iteration: 0 20000
short indx is [[    0   841  8983 ... 14442 12564  6275]
 [    1  5416  5796 ... 10659 10561  8284]
 [    2  6405  5423 ... 15401 16411  1435]
 ...
 [19997  1866 15817 ... 12249  6570  8871]
 [19998  1001  3567 ... 14675 15612 18861]
 [19999 18386  1547 ... 15724 10572  9714]]
Scaled residual std at t=410: [3.14882924 2.24110091 2.24123854]
start_idx is 0; end_idx is 20000
this is 0 times / overall 2000 times
this is 100 times / overall 2000 times
this is 200 times / overall 2000 times
this is 300 times / overall 2000 times
this is 400 times / overall 2000 times
this is 500 times / overall 2000 times
this is 600 times / overall 2000 times
this is 700 times / overall 2000 times
this is 800 times / overall 2000 times
this is 900 times / overall 2000 times
this is 1000 times / overall 2000 times
this is 1100 times / overall 2000 times
this is 1200 times / overall 2000 times
this is 1300 times / overall 2000 times
this is 1400 times / overall 2000 times
this is 1500 times / overall 2000 times
this is 1600 times / overall 2000 times
this is 1700 times / overall 2000 times
this is 1800 times / overall 2000 times
this is 1900 times / overall 2000 times
this is 42 times which has already done.
----------------------------------------------------------------------------------------------------
this is 43 times / overall 101 times (time step 420, t=4.20s)
1.5751282243270952 1.1126036099082341 1.123419075279574
----------------------------------------------------------------------------------------------------
find index iteration: 0 20000
short indx is [[    0 15423  8210 ... 14396 15278  8420]
 [    1  9337  7439 ...  9883  4079 13698]
 [    2 14755  8383 ... 15105 12388 19126]
 ...
 [19997   668 14094 ... 10037  6559   918]
 [19998  5951 11595 ... 10631 18958 19118]
 [19999 13482  9851 ...  2168  6352 16625]]
Scaled residual std at t=420: [3.15025645 2.22520722 2.24683815]
start_idx is 0; end_idx is 20000
this is 0 times / overall 2000 times
this is 100 times / overall 2000 times
this is 200 times / overall 2000 times
this is 300 times / overall 2000 times
this is 400 times / overall 2000 times
this is 500 times / overall 2000 times
this is 600 times / overall 2000 times
this is 700 times / overall 2000 times
this is 800 times / overall 2000 times
this is 900 times / overall 2000 times
this is 1000 times / overall 2000 times
this is 1100 times / overall 2000 times
this is 1200 times / overall 2000 times
this is 1300 times / overall 2000 times
this is 1400 times / overall 2000 times
this is 1500 times / overall 2000 times
this is 1600 times / overall 2000 times
this is 1700 times / overall 2000 times
this is 1800 times / overall 2000 times
this is 1900 times / overall 2000 times
this is 43 times which has already done.
----------------------------------------------------------------------------------------------------
this is 44 times / overall 101 times (time step 430, t=4.30s)
1.5774713740740225 1.1151843580574579 1.1143604410936236
----------------------------------------------------------------------------------------------------
find index iteration: 0 20000
short indx is [[    0 15734  1798 ...  2397    48 11123]
 [    1  4936  6461 ...  6935  5031 14807]
 [    2   528   863 ...  7362   942 14457]
 ...
 [19997 17009  1766 ... 13957 13391 17012]
 [19998 13471  1453 ... 12612 11071  3650]
 [19999 19751  6075 ...  6733  8424 14529]]
Scaled residual std at t=430: [3.15494275 2.23036872 2.22872088]
start_idx is 0; end_idx is 20000
this is 0 times / overall 2000 times
this is 100 times / overall 2000 times
this is 200 times / overall 2000 times
this is 300 times / overall 2000 times
this is 400 times / overall 2000 times
this is 500 times / overall 2000 times
this is 600 times / overall 2000 times
this is 700 times / overall 2000 times
this is 800 times / overall 2000 times
this is 900 times / overall 2000 times
this is 1000 times / overall 2000 times
this is 1100 times / overall 2000 times
this is 1200 times / overall 2000 times
this is 1300 times / overall 2000 times
this is 1400 times / overall 2000 times
this is 1500 times / overall 2000 times
this is 1600 times / overall 2000 times
this is 1700 times / overall 2000 times
this is 1800 times / overall 2000 times
this is 1900 times / overall 2000 times
this is 44 times which has already done.
----------------------------------------------------------------------------------------------------
this is 45 times / overall 101 times (time step 440, t=4.40s)
1.581304624967171 1.1182110266753125 1.115294620913647
----------------------------------------------------------------------------------------------------
find index iteration: 0 20000
short indx is [[    0 15800  8210 ... 11110 12132 12318]
 [    1 15527  7563 ... 10719  2978  4469]
 [    2  7206  8661 ...  1377 10023 13765]
 ...
 [19997  8990  2109 ... 19702  7180 18233]
 [19998 11157 17766 ...  1630 18786  7950]
 [19999  1591  6075 ...  6598 14758  7582]]
Scaled residual std at t=440: [3.16260925 2.23642205 2.23058924]
start_idx is 0; end_idx is 20000
this is 0 times / overall 2000 times
this is 100 times / overall 2000 times
this is 200 times / overall 2000 times
this is 300 times / overall 2000 times
this is 400 times / overall 2000 times
this is 500 times / overall 2000 times
this is 600 times / overall 2000 times
this is 700 times / overall 2000 times
this is 800 times / overall 2000 times
this is 900 times / overall 2000 times
this is 1000 times / overall 2000 times
this is 1100 times / overall 2000 times
this is 1200 times / overall 2000 times
this is 1300 times / overall 2000 times
this is 1400 times / overall 2000 times
this is 1500 times / overall 2000 times
this is 1600 times / overall 2000 times
this is 1700 times / overall 2000 times
this is 1800 times / overall 2000 times
this is 1900 times / overall 2000 times
this is 45 times which has already done.
----------------------------------------------------------------------------------------------------
this is 46 times / overall 101 times (time step 450, t=4.50s)
1.5763544502589606 1.1096498371879489 1.115814398393827
----------------------------------------------------------------------------------------------------
find index iteration: 0 20000
short indx is [[    0 10933  8668 ...    48 16018 15322]
 [    1 17815  7563 ...  6388   726 11733]
 [    2 14016  5068 ... 13569  4573 12781]
 ...
 [19997  3369   224 ...  3999  7351 11554]
 [19998  5942   920 ... 16434 12850 16331]
 [19999  2008 16771 ...  6828  9967  4831]]
Scaled residual std at t=450: [3.1527089  2.21929967 2.2316288 ]
start_idx is 0; end_idx is 20000
this is 0 times / overall 2000 times
this is 100 times / overall 2000 times
this is 200 times / overall 2000 times
this is 300 times / overall 2000 times
this is 400 times / overall 2000 times
this is 500 times / overall 2000 times
this is 600 times / overall 2000 times
this is 700 times / overall 2000 times
this is 800 times / overall 2000 times
this is 900 times / overall 2000 times
this is 1000 times / overall 2000 times
this is 1100 times / overall 2000 times
this is 1200 times / overall 2000 times
this is 1300 times / overall 2000 times
this is 1400 times / overall 2000 times
this is 1500 times / overall 2000 times
this is 1600 times / overall 2000 times
this is 1700 times / overall 2000 times
this is 1800 times / overall 2000 times
this is 1900 times / overall 2000 times
this is 46 times which has already done.
----------------------------------------------------------------------------------------------------
this is 47 times / overall 101 times (time step 460, t=4.60s)
1.5876738277683495 1.1163858937640303 1.1078673392598437
----------------------------------------------------------------------------------------------------
find index iteration: 0 20000
short indx is [[    0   917 10378 ... 15277 16566 17436]
 [    1  6723  3580 ...  8466  2403  4546]
 [    2  6290 12785 ...    81 10354 10198]
 ...
 [19997  9611  3006 ...  6211 14816 18871]
 [19998 11433 18638 ... 17068 15263 12384]
 [19999 10069 17855 ...  4713  1973 15858]]
Scaled residual std at t=460: [3.17534766 2.23277179 2.21573468]
start_idx is 0; end_idx is 20000
this is 0 times / overall 2000 times
this is 100 times / overall 2000 times
this is 200 times / overall 2000 times
this is 300 times / overall 2000 times
this is 400 times / overall 2000 times
this is 500 times / overall 2000 times
this is 600 times / overall 2000 times
this is 700 times / overall 2000 times
this is 800 times / overall 2000 times
this is 900 times / overall 2000 times
this is 1000 times / overall 2000 times
this is 1100 times / overall 2000 times
this is 1200 times / overall 2000 times
this is 1300 times / overall 2000 times
this is 1400 times / overall 2000 times
this is 1500 times / overall 2000 times
this is 1600 times / overall 2000 times
this is 1700 times / overall 2000 times
this is 1800 times / overall 2000 times
this is 1900 times / overall 2000 times
this is 47 times which has already done.
----------------------------------------------------------------------------------------------------
this is 48 times / overall 101 times (time step 470, t=4.70s)
1.584001190631662 1.1122334489110193 1.1101928832283783
----------------------------------------------------------------------------------------------------
find index iteration: 0 20000
short indx is [[    0  5518 14487 ...  1609  7464 18746]
 [    1 17363 12433 ... 15038  9946  3371]
 [    2  1917 14591 ... 10053  9802 18097]
 ...
 [19997 12551 14159 ...  1346  3821  6814]
 [19998 17358 13159 ... 13161  2386 17444]
 [19999  4376  5114 ... 19934 13658   839]]
Scaled residual std at t=470: [3.16800238 2.2244669  2.22038577]
start_idx is 0; end_idx is 20000
this is 0 times / overall 2000 times
this is 100 times / overall 2000 times
this is 200 times / overall 2000 times
this is 300 times / overall 2000 times
this is 400 times / overall 2000 times
this is 500 times / overall 2000 times
this is 600 times / overall 2000 times
this is 700 times / overall 2000 times
this is 800 times / overall 2000 times
this is 900 times / overall 2000 times
this is 1000 times / overall 2000 times
this is 1100 times / overall 2000 times
this is 1200 times / overall 2000 times
this is 1300 times / overall 2000 times
this is 1400 times / overall 2000 times
this is 1500 times / overall 2000 times
this is 1600 times / overall 2000 times
this is 1700 times / overall 2000 times
this is 1800 times / overall 2000 times
this is 1900 times / overall 2000 times
this is 48 times which has already done.
----------------------------------------------------------------------------------------------------
this is 49 times / overall 101 times (time step 480, t=4.80s)
1.5792345566576087 1.117505338805745 1.1097304009745217
----------------------------------------------------------------------------------------------------
find index iteration: 0 20000
short indx is [[    0 12936 14148 ... 11084  1217  5675]
 [    1 11464 13535 ...  1826  7204 12135]
 [    2  9843 16146 ... 15167 13808 18097]
 ...
 [19997  5879  4898 ...  2522  6591 13985]
 [19998  7500 18731 ...   901 16019  8238]
 [19999  2913 16835 ...   863 18264 16024]]
Scaled residual std at t=480: [3.15846911 2.23501068 2.2194608 ]
start_idx is 0; end_idx is 20000
this is 0 times / overall 2000 times
this is 100 times / overall 2000 times
this is 200 times / overall 2000 times
this is 300 times / overall 2000 times
this is 400 times / overall 2000 times
this is 500 times / overall 2000 times
this is 600 times / overall 2000 times
this is 700 times / overall 2000 times
this is 800 times / overall 2000 times
this is 900 times / overall 2000 times
this is 1000 times / overall 2000 times
this is 1100 times / overall 2000 times
this is 1200 times / overall 2000 times
this is 1300 times / overall 2000 times
this is 1400 times / overall 2000 times
this is 1500 times / overall 2000 times
this is 1600 times / overall 2000 times
this is 1700 times / overall 2000 times
this is 1800 times / overall 2000 times
this is 1900 times / overall 2000 times
this is 49 times which has already done.
----------------------------------------------------------------------------------------------------
this is 50 times / overall 101 times (time step 490, t=4.90s)
1.5727988312951886 1.1246437990199938 1.1208954046381452
----------------------------------------------------------------------------------------------------
find index iteration: 0 20000
short indx is [[    0 18647 19954 ... 13166  6260  7977]
 [    1  5575 13772 ...  2933  2440  5422]
 [    2  2264  4463 ...  2595 17598   157]
 ...
 [19997  1094 14985 ... 16743  6104  9146]
 [19998 11048  7500 ... 15203  8211  7057]
 [19999  6446 19872 ... 12095  6188 15899]]
Scaled residual std at t=490: [3.14559766 2.2492876  2.24179081]
start_idx is 0; end_idx is 20000
this is 0 times / overall 2000 times
this is 100 times / overall 2000 times
this is 200 times / overall 2000 times
this is 300 times / overall 2000 times
this is 400 times / overall 2000 times
this is 500 times / overall 2000 times
this is 600 times / overall 2000 times
this is 700 times / overall 2000 times
this is 800 times / overall 2000 times
this is 900 times / overall 2000 times
this is 1000 times / overall 2000 times
this is 1100 times / overall 2000 times
this is 1200 times / overall 2000 times
this is 1300 times / overall 2000 times
this is 1400 times / overall 2000 times
this is 1500 times / overall 2000 times
this is 1600 times / overall 2000 times
this is 1700 times / overall 2000 times
this is 1800 times / overall 2000 times
this is 1900 times / overall 2000 times
this is 50 times which has already done.
----------------------------------------------------------------------------------------------------
this is 51 times / overall 101 times (time step 500, t=5.00s)
1.5746421291968766 1.1173863729050193 1.125114350929561
----------------------------------------------------------------------------------------------------
find index iteration: 0 20000
short indx is [[    0    20  4142 ...   265 10297  2193]
 [    1 12321  9554 ...  8341  4337  7436]
 [    2  1340  4919 ... 16012 18287 17213]
 ...
 [19997  6119 10984 ... 13843 10816  3736]
 [19998 15132 14414 ... 15130  8004   959]
 [19999  2247 18955 ... 15487 11192 15840]]
Scaled residual std at t=500: [3.14928426 2.23477275 2.2502287 ]
start_idx is 0; end_idx is 20000
this is 0 times / overall 2000 times
this is 100 times / overall 2000 times
this is 200 times / overall 2000 times
this is 300 times / overall 2000 times
this is 400 times / overall 2000 times
this is 500 times / overall 2000 times
this is 600 times / overall 2000 times
this is 700 times / overall 2000 times
this is 800 times / overall 2000 times
this is 900 times / overall 2000 times
this is 1000 times / overall 2000 times
this is 1100 times / overall 2000 times
this is 1200 times / overall 2000 times
this is 1300 times / overall 2000 times
this is 1400 times / overall 2000 times
this is 1500 times / overall 2000 times
this is 1600 times / overall 2000 times
this is 1700 times / overall 2000 times
this is 1800 times / overall 2000 times
this is 1900 times / overall 2000 times
this is 51 times which has already done.
----------------------------------------------------------------------------------------------------
this is 52 times / overall 101 times (time step 510, t=5.10s)
1.5792845473256663 1.1123537171039959 1.1188695271819322
----------------------------------------------------------------------------------------------------
find index iteration: 0 20000
short indx is [[    0  4798  8255 ...  1797 15252 10333]
 [    1 17607   904 ... 12661  7133 12799]
 [    2 17054  4820 ...  7145  4353  7115]
 ...
 [19997  2791 13739 ...  7435  3812 17805]
 [19998  6468 14414 ...    79 18015 14603]
 [19999 11691  1648 ... 15918  2290 18092]]
Scaled residual std at t=510: [3.15856909 2.22470743 2.23773905]
start_idx is 0; end_idx is 20000
this is 0 times / overall 2000 times
this is 100 times / overall 2000 times
this is 200 times / overall 2000 times
this is 300 times / overall 2000 times
this is 400 times / overall 2000 times
this is 500 times / overall 2000 times
this is 600 times / overall 2000 times
this is 700 times / overall 2000 times
this is 800 times / overall 2000 times
this is 900 times / overall 2000 times
this is 1000 times / overall 2000 times
this is 1100 times / overall 2000 times
this is 1200 times / overall 2000 times
this is 1300 times / overall 2000 times
this is 1400 times / overall 2000 times
this is 1500 times / overall 2000 times
this is 1600 times / overall 2000 times
this is 1700 times / overall 2000 times
this is 1800 times / overall 2000 times
this is 1900 times / overall 2000 times
this is 52 times which has already done.
----------------------------------------------------------------------------------------------------
this is 53 times / overall 101 times (time step 520, t=5.20s)
1.5758425571653272 1.1195347258126447 1.1158517876900287
----------------------------------------------------------------------------------------------------
find index iteration: 0 20000
short indx is [[    0 11239  1702 ...  6193  6690  7481]
 [    1  4249 18607 ...  4087  4443  7138]
 [    2  9169  6050 ...  4746  2450  7956]
 ...
 [19997 17092  7782 ...  3158  8182  2608]
 [19998 19670 14093 ...  1605 16690 10567]
 [19999 14185 15772 ...  4782 19949 16693]]
Scaled residual std at t=520: [3.15168511 2.23906945 2.23170358]
start_idx is 0; end_idx is 20000
this is 0 times / overall 2000 times
this is 100 times / overall 2000 times
this is 200 times / overall 2000 times
this is 300 times / overall 2000 times
this is 400 times / overall 2000 times
this is 500 times / overall 2000 times
this is 600 times / overall 2000 times
this is 700 times / overall 2000 times
this is 800 times / overall 2000 times
this is 900 times / overall 2000 times
this is 1000 times / overall 2000 times
this is 1100 times / overall 2000 times
this is 1200 times / overall 2000 times
this is 1300 times / overall 2000 times
this is 1400 times / overall 2000 times
this is 1500 times / overall 2000 times
this is 1600 times / overall 2000 times
this is 1700 times / overall 2000 times
this is 1800 times / overall 2000 times
this is 1900 times / overall 2000 times
this is 53 times which has already done.
----------------------------------------------------------------------------------------------------
this is 54 times / overall 101 times (time step 530, t=5.30s)
1.5762787094666038 1.1215709899694681 1.1233550283832001
----------------------------------------------------------------------------------------------------
find index iteration: 0 20000
short indx is [[    0 17811 14824 ... 17821 12527 10353]
 [    1 17188 18607 ... 14631  3479 14478]
 [    2 12147  9922 ... 10223  6113 19624]
 ...
 [19997 14941  7782 ... 18174  7171 13800]
 [19998 18741 13700 ... 15762 18269 11194]
 [19999  8921 10724 ...  6182  9245  5748]]
Scaled residual std at t=530: [3.15255742 2.24314198 2.24671006]
start_idx is 0; end_idx is 20000
this is 0 times / overall 2000 times
this is 100 times / overall 2000 times
this is 200 times / overall 2000 times
this is 300 times / overall 2000 times
this is 400 times / overall 2000 times
this is 500 times / overall 2000 times
this is 600 times / overall 2000 times
this is 700 times / overall 2000 times
this is 800 times / overall 2000 times
this is 900 times / overall 2000 times
this is 1000 times / overall 2000 times
this is 1100 times / overall 2000 times
this is 1200 times / overall 2000 times
this is 1300 times / overall 2000 times
this is 1400 times / overall 2000 times
this is 1500 times / overall 2000 times
this is 1600 times / overall 2000 times
this is 1700 times / overall 2000 times
this is 1800 times / overall 2000 times
this is 1900 times / overall 2000 times
this is 54 times which has already done.
----------------------------------------------------------------------------------------------------
this is 55 times / overall 101 times (time step 540, t=5.40s)
1.5814745117799505 1.1127878688037833 1.1229816212381354
----------------------------------------------------------------------------------------------------
find index iteration: 0 20000
short indx is [[    0 19399 11430 ... 16304  8032 13349]
 [    1  3998 18526 ...  8961  6746  1263]
 [    2  9191  9822 ... 12983  7483 14166]
 ...
 [19997 13446 18465 ...  2238  5521 19269]
 [19998  7386 19970 ... 17592  6775 13804]
 [19999 16814 10664 ...  1366 11364 11918]]
Scaled residual std at t=540: [3.16294902 2.22557574 2.24596324]
start_idx is 0; end_idx is 20000
this is 0 times / overall 2000 times
this is 100 times / overall 2000 times
this is 200 times / overall 2000 times
this is 300 times / overall 2000 times
this is 400 times / overall 2000 times
this is 500 times / overall 2000 times
this is 600 times / overall 2000 times
this is 700 times / overall 2000 times
this is 800 times / overall 2000 times
this is 900 times / overall 2000 times
this is 1000 times / overall 2000 times
this is 1100 times / overall 2000 times
this is 1200 times / overall 2000 times
this is 1300 times / overall 2000 times
this is 1400 times / overall 2000 times
this is 1500 times / overall 2000 times
this is 1600 times / overall 2000 times
this is 1700 times / overall 2000 times
this is 1800 times / overall 2000 times
this is 1900 times / overall 2000 times
this is 55 times which has already done.
----------------------------------------------------------------------------------------------------
this is 56 times / overall 101 times (time step 550, t=5.50s)
1.5879954548405335 1.1139478877396278 1.127568717898328
----------------------------------------------------------------------------------------------------
find index iteration: 0 20000
short indx is [[    0 16451  2027 ...  1336 18663  1768]
 [    1  6790  4491 ...  1756 16711  4294]
 [    2 10027  8298 ...  6533  5008  1648]
 ...
 [19997 18193  9573 ...  9158 15997 10088]
 [19998  7330  8361 ... 16600  9820  2199]
 [19999 10664  6195 ... 17421    99   642]]
Scaled residual std at t=550: [3.17599091 2.22789578 2.25513744]
start_idx is 0; end_idx is 20000
this is 0 times / overall 2000 times
this is 100 times / overall 2000 times
this is 200 times / overall 2000 times
this is 300 times / overall 2000 times
this is 400 times / overall 2000 times
this is 500 times / overall 2000 times
this is 600 times / overall 2000 times
this is 700 times / overall 2000 times
this is 800 times / overall 2000 times
this is 900 times / overall 2000 times
this is 1000 times / overall 2000 times
this is 1100 times / overall 2000 times
this is 1200 times / overall 2000 times
this is 1300 times / overall 2000 times
this is 1400 times / overall 2000 times
this is 1500 times / overall 2000 times
this is 1600 times / overall 2000 times
this is 1700 times / overall 2000 times
this is 1800 times / overall 2000 times
this is 1900 times / overall 2000 times
this is 56 times which has already done.
----------------------------------------------------------------------------------------------------
this is 57 times / overall 101 times (time step 560, t=5.60s)
1.5688438309748125 1.1235001038940062 1.1134464830460038
----------------------------------------------------------------------------------------------------
find index iteration: 0 20000
short indx is [[    0   890  5814 ... 17411  6400  9203]
 [    1  7318 18471 ...  5764 10808 12378]
 [    2 11670 14954 ...   987  2042 16242]
 ...
 [19997  3562 17540 ... 18688 17026 14626]
 [19998  2810 14729 ... 18624 16249 14575]
 [19999 18681 13010 ...  8340  5936  3545]]
Scaled residual std at t=560: [3.13768766 2.24700021 2.22689297]
start_idx is 0; end_idx is 20000
this is 0 times / overall 2000 times
this is 100 times / overall 2000 times
this is 200 times / overall 2000 times
this is 300 times / overall 2000 times
this is 400 times / overall 2000 times
this is 500 times / overall 2000 times
this is 600 times / overall 2000 times
this is 700 times / overall 2000 times
this is 800 times / overall 2000 times
this is 900 times / overall 2000 times
this is 1000 times / overall 2000 times
this is 1100 times / overall 2000 times
this is 1200 times / overall 2000 times
this is 1300 times / overall 2000 times
this is 1400 times / overall 2000 times
this is 1500 times / overall 2000 times
this is 1600 times / overall 2000 times
this is 1700 times / overall 2000 times
this is 1800 times / overall 2000 times
this is 1900 times / overall 2000 times
this is 57 times which has already done.
----------------------------------------------------------------------------------------------------
this is 58 times / overall 101 times (time step 570, t=5.70s)
1.5843705518565259 1.1139044491582712 1.1192538998719954
----------------------------------------------------------------------------------------------------
find index iteration: 0 20000
short indx is [[    0  5814 10004 ... 11150  2126   821]
 [    1 16398  6302 ... 16792 18642  3914]
 [    2  8298 17787 ...  2224   915 16470]
 ...
 [19997 12255 12323 ... 16040  8103 17399]
 [19998 19292  2810 ...  1828  3320  1649]
 [19999  9149 10476 ... 19127 10418   454]]
Scaled residual std at t=570: [3.1687411 2.2278089 2.2385078]
start_idx is 0; end_idx is 20000
this is 0 times / overall 2000 times
this is 100 times / overall 2000 times
this is 200 times / overall 2000 times
this is 300 times / overall 2000 times
this is 400 times / overall 2000 times
this is 500 times / overall 2000 times
this is 600 times / overall 2000 times
this is 700 times / overall 2000 times
this is 800 times / overall 2000 times
this is 900 times / overall 2000 times
this is 1000 times / overall 2000 times
this is 1100 times / overall 2000 times
this is 1200 times / overall 2000 times
this is 1300 times / overall 2000 times
this is 1400 times / overall 2000 times
this is 1500 times / overall 2000 times
this is 1600 times / overall 2000 times
this is 1700 times / overall 2000 times
this is 1800 times / overall 2000 times
this is 1900 times / overall 2000 times
this is 58 times which has already done.
----------------------------------------------------------------------------------------------------
this is 59 times / overall 101 times (time step 580, t=5.80s)
1.582484293286252 1.118664094612452 1.1198625601513972
----------------------------------------------------------------------------------------------------
find index iteration: 0 20000
short indx is [[    0 10884  7790 ... 13271  5640 12338]
 [    1 13083 12157 ...  1426 19248  7567]
 [    2 18633  8298 ...  5535  6968 15973]
 ...
 [19997  9150  7253 ...  2723  8048 15683]
 [19998  1271  4565 ... 17697 16173  4507]
 [19999 11735 10581 ...   656 13048 11229]]
Scaled residual std at t=580: [3.16496859 2.23732819 2.23972512]
start_idx is 0; end_idx is 20000
this is 0 times / overall 2000 times
this is 100 times / overall 2000 times
this is 200 times / overall 2000 times
this is 300 times / overall 2000 times
this is 400 times / overall 2000 times
this is 500 times / overall 2000 times
this is 600 times / overall 2000 times
this is 700 times / overall 2000 times
this is 800 times / overall 2000 times
this is 900 times / overall 2000 times
this is 1000 times / overall 2000 times
this is 1100 times / overall 2000 times
this is 1200 times / overall 2000 times
this is 1300 times / overall 2000 times
this is 1400 times / overall 2000 times
this is 1500 times / overall 2000 times
this is 1600 times / overall 2000 times
this is 1700 times / overall 2000 times
this is 1800 times / overall 2000 times
this is 1900 times / overall 2000 times
this is 59 times which has already done.
----------------------------------------------------------------------------------------------------
this is 60 times / overall 101 times (time step 590, t=5.90s)
1.5711012353268046 1.1082386096215944 1.1249935657486487
----------------------------------------------------------------------------------------------------
find index iteration: 0 20000
short indx is [[    0  2187 11016 ...  9119  9463 18738]
 [    1 14436 10205 ... 10824 15063 19780]
 [    2 14163  7459 ... 17441 14278 15019]
 ...
 [19997  8618  2783 ... 15787  6168 18037]
 [19998 12783  1271 ... 14716   908 14229]
 [19999  8372 12137 ...  5169 17977 19874]]
Scaled residual std at t=590: [3.14220247 2.21647722 2.24998713]
start_idx is 0; end_idx is 20000
this is 0 times / overall 2000 times
this is 100 times / overall 2000 times
this is 200 times / overall 2000 times
this is 300 times / overall 2000 times
this is 400 times / overall 2000 times
this is 500 times / overall 2000 times
this is 600 times / overall 2000 times
this is 700 times / overall 2000 times
this is 800 times / overall 2000 times
this is 900 times / overall 2000 times
this is 1000 times / overall 2000 times
this is 1100 times / overall 2000 times
this is 1200 times / overall 2000 times
this is 1300 times / overall 2000 times
this is 1400 times / overall 2000 times
this is 1500 times / overall 2000 times
this is 1600 times / overall 2000 times
this is 1700 times / overall 2000 times
this is 1800 times / overall 2000 times
this is 1900 times / overall 2000 times
this is 60 times which has already done.
----------------------------------------------------------------------------------------------------
this is 61 times / overall 101 times (time step 600, t=6.00s)
1.589780216579093 1.1195718766184206 1.1138368370575595
----------------------------------------------------------------------------------------------------
find index iteration: 0 20000
short indx is [[    0  3227 12904 ... 15828 16008  5894]
 [    1  1312 17315 ... 12276  4109 15424]
 [    2  6841  7550 ...  2661 16102  6701]
 ...
 [19997 15125  9389 ...   294  6837 14759]
 [19998  9125  1978 ... 16575 12476 18008]
 [19999 19580  3112 ...  2686 12960 12146]]
Scaled residual std at t=600: [3.17956043 2.23914375 2.22767367]
start_idx is 0; end_idx is 20000
this is 0 times / overall 2000 times
this is 100 times / overall 2000 times
this is 200 times / overall 2000 times
this is 300 times / overall 2000 times
this is 400 times / overall 2000 times
this is 500 times / overall 2000 times
this is 600 times / overall 2000 times
this is 700 times / overall 2000 times
this is 800 times / overall 2000 times
this is 900 times / overall 2000 times
this is 1000 times / overall 2000 times
this is 1100 times / overall 2000 times
this is 1200 times / overall 2000 times
this is 1300 times / overall 2000 times
this is 1400 times / overall 2000 times
this is 1500 times / overall 2000 times
this is 1600 times / overall 2000 times
this is 1700 times / overall 2000 times
this is 1800 times / overall 2000 times
this is 1900 times / overall 2000 times
this is 61 times which has already done.
----------------------------------------------------------------------------------------------------
this is 62 times / overall 101 times (time step 610, t=6.10s)
1.577211796562455 1.123303822573521 1.1124245283381222
----------------------------------------------------------------------------------------------------
find index iteration: 0 20000
short indx is [[    0  8871  3054 ... 14260 17570  7516]
 [    1 13325 17372 ... 10407 17824  3507]
 [    2  7861 14150 ... 12789   978 16918]
 ...
 [19997 11611 17091 ...  6749  9970 14720]
 [19998 10431  9359 ...  1841 15674 16438]
 [19999  4729  9529 ...  9101 13502 15703]]
Scaled residual std at t=610: [3.15442359 2.24660765 2.22484906]
start_idx is 0; end_idx is 20000
this is 0 times / overall 2000 times
this is 100 times / overall 2000 times
this is 200 times / overall 2000 times
this is 300 times / overall 2000 times
this is 400 times / overall 2000 times
this is 500 times / overall 2000 times
this is 600 times / overall 2000 times
this is 700 times / overall 2000 times
this is 800 times / overall 2000 times
this is 900 times / overall 2000 times
this is 1000 times / overall 2000 times
this is 1100 times / overall 2000 times
this is 1200 times / overall 2000 times
this is 1300 times / overall 2000 times
this is 1400 times / overall 2000 times
this is 1500 times / overall 2000 times
this is 1600 times / overall 2000 times
this is 1700 times / overall 2000 times
this is 1800 times / overall 2000 times
this is 1900 times / overall 2000 times
this is 62 times which has already done.
----------------------------------------------------------------------------------------------------
this is 63 times / overall 101 times (time step 620, t=6.20s)
1.5845851514873834 1.1167493004573303 1.1223919461683214
----------------------------------------------------------------------------------------------------
find index iteration: 0 20000
short indx is [[    0 18036  9336 ... 18162 10770   246]
 [    1 14462 12627 ... 16810 17245  9842]
 [    2 11398  1706 ...   297 15906 16071]
 ...
 [19997  2776 19992 ... 17488 17680  4536]
 [19998  4028 15044 ... 16472 16517  3158]
 [19999 13932  8716 ...  8094 15312  4960]]
Scaled residual std at t=620: [3.1691703  2.2334986  2.24478389]
start_idx is 0; end_idx is 20000
this is 0 times / overall 2000 times
this is 100 times / overall 2000 times
this is 200 times / overall 2000 times
this is 300 times / overall 2000 times
this is 400 times / overall 2000 times
this is 500 times / overall 2000 times
this is 600 times / overall 2000 times
this is 700 times / overall 2000 times
this is 800 times / overall 2000 times
this is 900 times / overall 2000 times
this is 1000 times / overall 2000 times
this is 1100 times / overall 2000 times
this is 1200 times / overall 2000 times
this is 1300 times / overall 2000 times
this is 1400 times / overall 2000 times
this is 1500 times / overall 2000 times
this is 1600 times / overall 2000 times
this is 1700 times / overall 2000 times
this is 1800 times / overall 2000 times
this is 1900 times / overall 2000 times
this is 63 times which has already done.
----------------------------------------------------------------------------------------------------
this is 64 times / overall 101 times (time step 630, t=6.30s)
1.5748868644613974 1.1142307255624477 1.1085563563754552
----------------------------------------------------------------------------------------------------
find index iteration: 0 20000
short indx is [[    0  3972 17387 ...  8353 15738 16709]
 [    1  8228  6076 ... 16759  7831 11855]
 [    2  1215 15908 ...  1212  1854  4417]
 ...
 [19997  9611 11775 ...   974  8513 12751]
 [19998 19454 12820 ...  6910  3919 15358]
 [19999 13932  9529 ... 15972 15884  4058]]
Scaled residual std at t=630: [3.14977373 2.22846145 2.21711271]
start_idx is 0; end_idx is 20000
this is 0 times / overall 2000 times
this is 100 times / overall 2000 times
this is 200 times / overall 2000 times
this is 300 times / overall 2000 times
this is 400 times / overall 2000 times
this is 500 times / overall 2000 times
this is 600 times / overall 2000 times
this is 700 times / overall 2000 times
this is 800 times / overall 2000 times
this is 900 times / overall 2000 times
this is 1000 times / overall 2000 times
this is 1100 times / overall 2000 times
this is 1200 times / overall 2000 times
this is 1300 times / overall 2000 times
this is 1400 times / overall 2000 times
this is 1500 times / overall 2000 times
this is 1600 times / overall 2000 times
this is 1700 times / overall 2000 times
this is 1800 times / overall 2000 times
this is 1900 times / overall 2000 times
this is 64 times which has already done.
----------------------------------------------------------------------------------------------------
this is 65 times / overall 101 times (time step 640, t=6.40s)
1.5890331258331163 1.113992382737973 1.1213277861827171
----------------------------------------------------------------------------------------------------
find index iteration: 0 20000
short indx is [[    0  3320  1345 ...   385 13843 10498]
 [    1 15655  2703 ...  8084  8347  2734]
 [    2 12481  9283 ...  7677 18733 19730]
 ...
 [19997 11775    96 ...  3729  6394  4003]
 [19998 18308 17933 ... 17712  1894  8696]
 [19999  7408  6232 ...   808 13384 10631]]
Scaled residual std at t=640: [3.17806625 2.22798477 2.24265557]
start_idx is 0; end_idx is 20000
this is 0 times / overall 2000 times
this is 100 times / overall 2000 times
this is 200 times / overall 2000 times
this is 300 times / overall 2000 times
this is 400 times / overall 2000 times
this is 500 times / overall 2000 times
this is 600 times / overall 2000 times
this is 700 times / overall 2000 times
this is 800 times / overall 2000 times
this is 900 times / overall 2000 times
this is 1000 times / overall 2000 times
this is 1100 times / overall 2000 times
this is 1200 times / overall 2000 times
this is 1300 times / overall 2000 times
this is 1400 times / overall 2000 times
this is 1500 times / overall 2000 times
this is 1600 times / overall 2000 times
this is 1700 times / overall 2000 times
this is 1800 times / overall 2000 times
this is 1900 times / overall 2000 times
this is 65 times which has already done.
----------------------------------------------------------------------------------------------------
this is 66 times / overall 101 times (time step 650, t=6.50s)
1.587211382047003 1.119060896592603 1.1143335899943725
----------------------------------------------------------------------------------------------------
find index iteration: 0 20000
short indx is [[    0 12738 12325 ... 17856 17693 12536]
 [    1 16275 13082 ...   330  8493  6936]
 [    2  4671  2883 ... 10118 15274  9555]
 ...
 [19997  5987  4657 ... 12856 14119 14877]
 [19998  8440  4401 ...  7596  1003 15396]
 [19999  7832  6694 ...  3250 10201 14277]]
Scaled residual std at t=650: [3.17442276 2.23812179 2.22866718]
start_idx is 0; end_idx is 20000
this is 0 times / overall 2000 times
this is 100 times / overall 2000 times
this is 200 times / overall 2000 times
this is 300 times / overall 2000 times
this is 400 times / overall 2000 times
this is 500 times / overall 2000 times
this is 600 times / overall 2000 times
this is 700 times / overall 2000 times
this is 800 times / overall 2000 times
this is 900 times / overall 2000 times
this is 1000 times / overall 2000 times
this is 1100 times / overall 2000 times
this is 1200 times / overall 2000 times
this is 1300 times / overall 2000 times
this is 1400 times / overall 2000 times
this is 1500 times / overall 2000 times
this is 1600 times / overall 2000 times
this is 1700 times / overall 2000 times
this is 1800 times / overall 2000 times
this is 1900 times / overall 2000 times
this is 66 times which has already done.
----------------------------------------------------------------------------------------------------
this is 67 times / overall 101 times (time step 660, t=6.60s)
1.5766465070353937 1.1084881505028321 1.1199462582098745
----------------------------------------------------------------------------------------------------
find index iteration: 0 20000
short indx is [[    0 11134 10306 ... 19526  6261 14638]
 [    1 10253 16896 ... 15770 16316  9442]
 [    2  6217  5196 ...  3691  6741  3941]
 ...
 [19997   306  2202 ...  7185 10536  4715]
 [19998 11211  2094 ...  6554 14651 13272]
 [19999 18848 10504 ...  2512  9854 14786]]
Scaled residual std at t=660: [3.15329301 2.2169763  2.23989252]
start_idx is 0; end_idx is 20000
this is 0 times / overall 2000 times
this is 100 times / overall 2000 times
this is 200 times / overall 2000 times
this is 300 times / overall 2000 times
this is 400 times / overall 2000 times
this is 500 times / overall 2000 times
this is 600 times / overall 2000 times
this is 700 times / overall 2000 times
this is 800 times / overall 2000 times
this is 900 times / overall 2000 times
this is 1000 times / overall 2000 times
this is 1100 times / overall 2000 times
this is 1200 times / overall 2000 times
this is 1300 times / overall 2000 times
this is 1400 times / overall 2000 times
this is 1500 times / overall 2000 times
this is 1600 times / overall 2000 times
this is 1700 times / overall 2000 times
this is 1800 times / overall 2000 times
this is 1900 times / overall 2000 times
this is 67 times which has already done.
----------------------------------------------------------------------------------------------------
this is 68 times / overall 101 times (time step 670, t=6.70s)
1.5764179023924998 1.1153739424186766 1.1183546277835343
----------------------------------------------------------------------------------------------------
find index iteration: 0 20000
short indx is [[    0 18686 14275 ...  7559  1334 15410]
 [    1  6202 13055 ...  9961  8521  4763]
 [    2 16502  1103 ... 11634 12869  7148]
 ...
 [19997 14739   294 ... 11097 15767 10364]
 [19998  1968  5946 ... 17214 12926 13804]
 [19999 11378  2837 ...  3692  4444 18197]]
Scaled residual std at t=670: [3.1528358  2.23074788 2.23670926]
start_idx is 0; end_idx is 20000
this is 0 times / overall 2000 times
this is 100 times / overall 2000 times
this is 200 times / overall 2000 times
this is 300 times / overall 2000 times
this is 400 times / overall 2000 times
this is 500 times / overall 2000 times
this is 600 times / overall 2000 times
this is 700 times / overall 2000 times
this is 800 times / overall 2000 times
this is 900 times / overall 2000 times
this is 1000 times / overall 2000 times
this is 1100 times / overall 2000 times
this is 1200 times / overall 2000 times
this is 1300 times / overall 2000 times
this is 1400 times / overall 2000 times
this is 1500 times / overall 2000 times
this is 1600 times / overall 2000 times
this is 1700 times / overall 2000 times
this is 1800 times / overall 2000 times
this is 1900 times / overall 2000 times
this is 68 times which has already done.
----------------------------------------------------------------------------------------------------
this is 69 times / overall 101 times (time step 680, t=6.80s)
1.5773089919568646 1.1312352378722483 1.1169605414855572
----------------------------------------------------------------------------------------------------
find index iteration: 0 20000
short indx is [[    0 17776 17755 ...  6322 11121 17240]
 [    1  7881  7130 ... 11217  3725  3426]
 [    2 19047 19086 ... 16518  7348 19608]
 ...
 [19997 15146 13188 ... 19614 10996  3612]
 [19998 17877 16546 ... 18447  4018  6119]
 [19999 15244  5595 ... 19883  1920  2557]]
Scaled residual std at t=680: [3.15461798 2.26247048 2.23392108]
start_idx is 0; end_idx is 20000
this is 0 times / overall 2000 times
this is 100 times / overall 2000 times
this is 200 times / overall 2000 times
this is 300 times / overall 2000 times
this is 400 times / overall 2000 times
this is 500 times / overall 2000 times
this is 600 times / overall 2000 times
this is 700 times / overall 2000 times
this is 800 times / overall 2000 times
this is 900 times / overall 2000 times
this is 1000 times / overall 2000 times
this is 1100 times / overall 2000 times
this is 1200 times / overall 2000 times
this is 1300 times / overall 2000 times
this is 1400 times / overall 2000 times
this is 1500 times / overall 2000 times
this is 1600 times / overall 2000 times
this is 1700 times / overall 2000 times
this is 1800 times / overall 2000 times
this is 1900 times / overall 2000 times
this is 69 times which has already done.
----------------------------------------------------------------------------------------------------
this is 70 times / overall 101 times (time step 690, t=6.90s)
1.5828120669795354 1.1216452993102426 1.116369053432425
----------------------------------------------------------------------------------------------------
find index iteration: 0 20000
short indx is [[    0 16047 17755 ...  4814  6723  2428]
 [    1 14713  8890 ... 10857 17077  4737]
 [    2  9953 18493 ... 13780 11744 19575]
 ...
 [19997  2099  6800 ...  3500  1980 18711]
 [19998 13700 15802 ...  6716 17439 10643]
 [19999  8760 12920 ...  7425 14985 14973]]
Scaled residual std at t=690: [3.16562413 2.2432906  2.23273811]
start_idx is 0; end_idx is 20000
this is 0 times / overall 2000 times
this is 100 times / overall 2000 times
this is 200 times / overall 2000 times
this is 300 times / overall 2000 times
this is 400 times / overall 2000 times
this is 500 times / overall 2000 times
this is 600 times / overall 2000 times
this is 700 times / overall 2000 times
this is 800 times / overall 2000 times
this is 900 times / overall 2000 times
this is 1000 times / overall 2000 times
this is 1100 times / overall 2000 times
this is 1200 times / overall 2000 times
this is 1300 times / overall 2000 times
this is 1400 times / overall 2000 times
this is 1500 times / overall 2000 times
this is 1600 times / overall 2000 times
this is 1700 times / overall 2000 times
this is 1800 times / overall 2000 times
this is 1900 times / overall 2000 times
this is 70 times which has already done.
----------------------------------------------------------------------------------------------------
this is 71 times / overall 101 times (time step 700, t=7.00s)
1.5727675659640716 1.1167186176896624 1.1231762973375667
----------------------------------------------------------------------------------------------------
find index iteration: 0 20000
short indx is [[    0 16047  7585 ...  9438  1535 18232]
 [    1 13102 15915 ... 16412 19077 12524]
 [    2 15336 12695 ...  4412  5354 16176]
 ...
 [19997 19042 11380 ...  2445  6813 16626]
 [19998 15002 15802 ... 16808  5082  6491]
 [19999 15955  8760 ... 18285 11570 17851]]
Scaled residual std at t=700: [3.14553513 2.23343724 2.24635259]
start_idx is 0; end_idx is 20000
this is 0 times / overall 2000 times
this is 100 times / overall 2000 times
this is 200 times / overall 2000 times
this is 300 times / overall 2000 times
this is 400 times / overall 2000 times
this is 500 times / overall 2000 times
this is 600 times / overall 2000 times
this is 700 times / overall 2000 times
this is 800 times / overall 2000 times
this is 900 times / overall 2000 times
this is 1000 times / overall 2000 times
this is 1100 times / overall 2000 times
this is 1200 times / overall 2000 times
this is 1300 times / overall 2000 times
this is 1400 times / overall 2000 times
this is 1500 times / overall 2000 times
this is 1600 times / overall 2000 times
this is 1700 times / overall 2000 times
this is 1800 times / overall 2000 times
this is 1900 times / overall 2000 times
this is 71 times which has already done.
----------------------------------------------------------------------------------------------------
this is 72 times / overall 101 times (time step 710, t=7.10s)
1.576439014176654 1.120178950760766 1.1248629264096213
----------------------------------------------------------------------------------------------------
find index iteration: 0 20000
short indx is [[    0   783 13777 ... 14706  6799   867]
 [    1  5271 17830 ...    70 16684  5448]
 [    2  2166 16687 ...  8327  9500   429]
 ...
 [19997 13058 10562 ...  9870 14985  5946]
 [19998  7066 15839 ...  3545  3003  5328]
 [19999  4617  4235 ... 14695  2448 17344]]
Scaled residual std at t=710: [3.15287803 2.2403579  2.24972585]
start_idx is 0; end_idx is 20000
this is 0 times / overall 2000 times
this is 100 times / overall 2000 times
this is 200 times / overall 2000 times
this is 300 times / overall 2000 times
this is 400 times / overall 2000 times
this is 500 times / overall 2000 times
this is 600 times / overall 2000 times
this is 700 times / overall 2000 times
this is 800 times / overall 2000 times
this is 900 times / overall 2000 times
this is 1000 times / overall 2000 times
this is 1100 times / overall 2000 times
this is 1200 times / overall 2000 times
this is 1300 times / overall 2000 times
this is 1400 times / overall 2000 times
this is 1500 times / overall 2000 times
this is 1600 times / overall 2000 times
this is 1700 times / overall 2000 times
this is 1800 times / overall 2000 times
this is 1900 times / overall 2000 times
this is 72 times which has already done.
----------------------------------------------------------------------------------------------------
this is 73 times / overall 101 times (time step 720, t=7.20s)
1.5725572116451036 1.1174805375394747 1.1225255574987525
----------------------------------------------------------------------------------------------------
find index iteration: 0 20000
short indx is [[    0 14928 19656 ...  8842  9575  6481]
 [    1   539 18521 ...   669 11904 16269]
 [    2 16687  9374 ...  9585  6500  4610]
 ...
 [19997  8589  1453 ...  7710  1120  5058]
 [19998  3340 15002 ...  1923   962 18958]
 [19999  4023 11721 ...  1342 19652  6781]]
Scaled residual std at t=720: [3.14511442 2.23496108 2.24505111]
start_idx is 0; end_idx is 20000
this is 0 times / overall 2000 times
this is 100 times / overall 2000 times
this is 200 times / overall 2000 times
this is 300 times / overall 2000 times
this is 400 times / overall 2000 times
this is 500 times / overall 2000 times
this is 600 times / overall 2000 times
this is 700 times / overall 2000 times
this is 800 times / overall 2000 times
this is 900 times / overall 2000 times
this is 1000 times / overall 2000 times
this is 1100 times / overall 2000 times
this is 1200 times / overall 2000 times
this is 1300 times / overall 2000 times
this is 1400 times / overall 2000 times
this is 1500 times / overall 2000 times
this is 1600 times / overall 2000 times
this is 1700 times / overall 2000 times
this is 1800 times / overall 2000 times
this is 1900 times / overall 2000 times
this is 73 times which has already done.
----------------------------------------------------------------------------------------------------
this is 74 times / overall 101 times (time step 730, t=7.30s)
1.577461302927598 1.1173561380288894 1.1158755732630503
----------------------------------------------------------------------------------------------------
find index iteration: 0 20000
short indx is [[    0  2298 13691 ...   256 16630 10102]
 [    1 17612  3809 ... 16166 19071 13182]
 [    2 13611  2316 ...  8782  4800  1220]
 ...
 [19997 12470 11139 ...  8461 12848 10286]
 [19998 19818  2559 ... 18088  6519  2857]
 [19999 11349  4698 ...  5617 12237 11345]]
Scaled residual std at t=730: [3.15492261 2.23471228 2.23175115]
start_idx is 0; end_idx is 20000
this is 0 times / overall 2000 times
this is 100 times / overall 2000 times
this is 200 times / overall 2000 times
this is 300 times / overall 2000 times
this is 400 times / overall 2000 times
this is 500 times / overall 2000 times
this is 600 times / overall 2000 times
this is 700 times / overall 2000 times
this is 800 times / overall 2000 times
this is 900 times / overall 2000 times
this is 1000 times / overall 2000 times
this is 1100 times / overall 2000 times
this is 1200 times / overall 2000 times
this is 1300 times / overall 2000 times
this is 1400 times / overall 2000 times
this is 1500 times / overall 2000 times
this is 1600 times / overall 2000 times
this is 1700 times / overall 2000 times
this is 1800 times / overall 2000 times
this is 1900 times / overall 2000 times
this is 74 times which has already done.
----------------------------------------------------------------------------------------------------
this is 75 times / overall 101 times (time step 740, t=7.40s)
1.5821403183021678 1.1296869245058472 1.1116404997501597
----------------------------------------------------------------------------------------------------
find index iteration: 0 20000
short indx is [[    0   762  5464 ... 19921  7972 17621]
 [    1  5239  4508 ...  8523 12577  3371]
 [    2  7967 15258 ...  4036 13816  2283]
 ...
 [19997 18816  1453 ...  3603 16717  1598]
 [19998 15128  2559 ... 17230 16748 18551]
 [19999  9190   378 ... 18032 17400  7920]]
Scaled residual std at t=740: [3.16428064 2.25937385 2.223281  ]
start_idx is 0; end_idx is 20000
this is 0 times / overall 2000 times
this is 100 times / overall 2000 times
this is 200 times / overall 2000 times
this is 300 times / overall 2000 times
this is 400 times / overall 2000 times
this is 500 times / overall 2000 times
this is 600 times / overall 2000 times
this is 700 times / overall 2000 times
this is 800 times / overall 2000 times
this is 900 times / overall 2000 times
this is 1000 times / overall 2000 times
this is 1100 times / overall 2000 times
this is 1200 times / overall 2000 times
this is 1300 times / overall 2000 times
this is 1400 times / overall 2000 times
this is 1500 times / overall 2000 times
this is 1600 times / overall 2000 times
this is 1700 times / overall 2000 times
this is 1800 times / overall 2000 times
this is 1900 times / overall 2000 times
this is 75 times which has already done.
----------------------------------------------------------------------------------------------------
this is 76 times / overall 101 times (time step 750, t=7.50s)
1.5797627419948959 1.1267830963222385 1.1235980167649984
----------------------------------------------------------------------------------------------------
find index iteration: 0 20000
short indx is [[    0  6258  9736 ...  3098  5483 11294]
 [    1  5605 14063 ... 12725 15362  4593]
 [    2  6344  5422 ...  9884 12438 13238]
 ...
 [19997 10705 15318 ... 19585 13319 15220]
 [19998 11096 15128 ...  2962 17883  4617]
 [19999 10007 13840 ... 11985  5305  2411]]
Scaled residual std at t=750: [3.15952548 2.25356619 2.24719603]
start_idx is 0; end_idx is 20000
this is 0 times / overall 2000 times
this is 100 times / overall 2000 times
this is 200 times / overall 2000 times
this is 300 times / overall 2000 times
this is 400 times / overall 2000 times
this is 500 times / overall 2000 times
this is 600 times / overall 2000 times
this is 700 times / overall 2000 times
this is 800 times / overall 2000 times
this is 900 times / overall 2000 times
this is 1000 times / overall 2000 times
this is 1100 times / overall 2000 times
this is 1200 times / overall 2000 times
this is 1300 times / overall 2000 times
this is 1400 times / overall 2000 times
this is 1500 times / overall 2000 times
this is 1600 times / overall 2000 times
this is 1700 times / overall 2000 times
this is 1800 times / overall 2000 times
this is 1900 times / overall 2000 times
this is 76 times which has already done.
----------------------------------------------------------------------------------------------------
this is 77 times / overall 101 times (time step 760, t=7.60s)
1.5636807278920097 1.1129613867544 1.1066979609146914
----------------------------------------------------------------------------------------------------
find index iteration: 0 20000
short indx is [[    0 16204  4060 ... 17656 10863  5433]
 [    1  4557 11140 ...  4072  7769 15347]
 [    2 17092  8366 ... 15084 14569  4362]
 ...
 [19997  7311 18649 ... 11051  1112 10783]
 [19998 12941   443 ...  4885  4714  7736]
 [19999 11091 10007 ...  3852 14260 11917]]
Scaled residual std at t=760: [3.12736146 2.22592277 2.21339592]
start_idx is 0; end_idx is 20000
this is 0 times / overall 2000 times
this is 100 times / overall 2000 times
this is 200 times / overall 2000 times
this is 300 times / overall 2000 times
this is 400 times / overall 2000 times
this is 500 times / overall 2000 times
this is 600 times / overall 2000 times
this is 700 times / overall 2000 times
this is 800 times / overall 2000 times
this is 900 times / overall 2000 times
this is 1000 times / overall 2000 times
this is 1100 times / overall 2000 times
this is 1200 times / overall 2000 times
this is 1300 times / overall 2000 times
this is 1400 times / overall 2000 times
this is 1500 times / overall 2000 times
this is 1600 times / overall 2000 times
this is 1700 times / overall 2000 times
this is 1800 times / overall 2000 times
this is 1900 times / overall 2000 times
this is 77 times which has already done.
----------------------------------------------------------------------------------------------------
this is 78 times / overall 101 times (time step 770, t=7.70s)
1.5776029419548536 1.1151507857796383 1.1148979201621063
----------------------------------------------------------------------------------------------------
find index iteration: 0 20000
short indx is [[    0  5186   369 ... 16631 19242  8507]
 [    1   514   507 ...  8104 11941 11285]
 [    2 17092  6841 ...  8959 13090 19605]
 ...
 [19997 14012 15680 ...  8413 16739 16986]
 [19998 10976 10019 ...  4928 13121  8227]
 [19999   406  9754 ... 12989 10697 18497]]
Scaled residual std at t=770: [3.15520588 2.23030157 2.22979584]
start_idx is 0; end_idx is 20000
this is 0 times / overall 2000 times
this is 100 times / overall 2000 times
this is 200 times / overall 2000 times
this is 300 times / overall 2000 times
this is 400 times / overall 2000 times
this is 500 times / overall 2000 times
this is 600 times / overall 2000 times
this is 700 times / overall 2000 times
this is 800 times / overall 2000 times
this is 900 times / overall 2000 times
this is 1000 times / overall 2000 times
this is 1100 times / overall 2000 times
this is 1200 times / overall 2000 times
this is 1300 times / overall 2000 times
this is 1400 times / overall 2000 times
this is 1500 times / overall 2000 times
this is 1600 times / overall 2000 times
this is 1700 times / overall 2000 times
this is 1800 times / overall 2000 times
this is 1900 times / overall 2000 times
this is 78 times which has already done.
----------------------------------------------------------------------------------------------------
this is 79 times / overall 101 times (time step 780, t=7.80s)
1.5915548083910593 1.1215722643044048 1.1171362515953898
----------------------------------------------------------------------------------------------------
find index iteration: 0 20000
short indx is [[    0 19451 19249 ... 11960 15796  9908]
 [    1  3614  7613 ... 14341 13239  2148]
 [    2 16156  8272 ... 13284   649 11589]
 ...
 [19997 14012 12787 ... 10237  8982  1100]
 [19998 13030 11334 ...  4404  9190  6960]
 [19999 16535 17230 ...  6484 10982  5714]]
Scaled residual std at t=780: [3.18310962 2.24314453 2.2342725 ]
start_idx is 0; end_idx is 20000
this is 0 times / overall 2000 times
this is 100 times / overall 2000 times
this is 200 times / overall 2000 times
this is 300 times / overall 2000 times
this is 400 times / overall 2000 times
this is 500 times / overall 2000 times
this is 600 times / overall 2000 times
this is 700 times / overall 2000 times
this is 800 times / overall 2000 times
this is 900 times / overall 2000 times
this is 1000 times / overall 2000 times
this is 1100 times / overall 2000 times
this is 1200 times / overall 2000 times
this is 1300 times / overall 2000 times
this is 1400 times / overall 2000 times
this is 1500 times / overall 2000 times
this is 1600 times / overall 2000 times
this is 1700 times / overall 2000 times
this is 1800 times / overall 2000 times
this is 1900 times / overall 2000 times
this is 79 times which has already done.
----------------------------------------------------------------------------------------------------
this is 80 times / overall 101 times (time step 790, t=7.90s)
1.5923203653886011 1.1221421026194136 1.1262456475384763
----------------------------------------------------------------------------------------------------
find index iteration: 0 20000
short indx is [[    0  5220 15818 ... 17679  1886 11699]
 [    1  9962  8019 ... 16269  8973 13904]
 [    2  1364 12740 ...  3299  5073  8212]
 ...
 [19997  7786  8957 ... 18319 18379  8912]
 [19998  5826 11334 ...  5281  9354  8229]
 [19999   406  2246 ...  8642 19684 19169]]
Scaled residual std at t=790: [3.18464073 2.24428421 2.2524913 ]
start_idx is 0; end_idx is 20000
this is 0 times / overall 2000 times
this is 100 times / overall 2000 times
this is 200 times / overall 2000 times
this is 300 times / overall 2000 times
this is 400 times / overall 2000 times
this is 500 times / overall 2000 times
this is 600 times / overall 2000 times
this is 700 times / overall 2000 times
this is 800 times / overall 2000 times
this is 900 times / overall 2000 times
this is 1000 times / overall 2000 times
this is 1100 times / overall 2000 times
this is 1200 times / overall 2000 times
this is 1300 times / overall 2000 times
this is 1400 times / overall 2000 times
this is 1500 times / overall 2000 times
this is 1600 times / overall 2000 times
this is 1700 times / overall 2000 times
this is 1800 times / overall 2000 times
this is 1900 times / overall 2000 times
this is 80 times which has already done.
----------------------------------------------------------------------------------------------------
this is 81 times / overall 101 times (time step 800, t=8.00s)
1.5963651160534935 1.111490141628291 1.1167217076645322
----------------------------------------------------------------------------------------------------
find index iteration: 0 20000
short indx is [[    0  6338 14137 ...  4240 19049 19316]
 [    1  7613 13912 ... 18609 17540  4437]
 [    2 12740  9371 ...  9953  5789 12038]
 ...
 [19997 10413 15201 ... 18217  3740  8612]
 [19998 11096 10976 ...  7185  5364  1074]
 [19999 14244 18107 ... 13769 10184  1622]]
Scaled residual std at t=800: [3.19273023 2.22298028 2.23344342]
start_idx is 0; end_idx is 20000
this is 0 times / overall 2000 times
this is 100 times / overall 2000 times
this is 200 times / overall 2000 times
this is 300 times / overall 2000 times
this is 400 times / overall 2000 times
this is 500 times / overall 2000 times
this is 600 times / overall 2000 times
this is 700 times / overall 2000 times
this is 800 times / overall 2000 times
this is 900 times / overall 2000 times
this is 1000 times / overall 2000 times
this is 1100 times / overall 2000 times
this is 1200 times / overall 2000 times
this is 1300 times / overall 2000 times
this is 1400 times / overall 2000 times
this is 1500 times / overall 2000 times
this is 1600 times / overall 2000 times
this is 1700 times / overall 2000 times
this is 1800 times / overall 2000 times
this is 1900 times / overall 2000 times
this is 81 times which has already done.
----------------------------------------------------------------------------------------------------
this is 82 times / overall 101 times (time step 810, t=8.10s)
1.5820537574893616 1.112810834082399 1.1171318559492902
----------------------------------------------------------------------------------------------------
find index iteration: 0 20000
short indx is [[    0  6338  9009 ... 14146  1772  6536]
 [    1 15450 19704 ... 13806 12666  6019]
 [    2  9568  5298 ...  7754 13027 16326]
 ...
 [19997 11874  1923 ...  4004  8036 12291]
 [19998 13636 10976 ... 11206  6079  1828]
 [19999  3527  5599 ...  7533  6714  7761]]
Scaled residual std at t=810: [3.16410751 2.22562167 2.23426371]
start_idx is 0; end_idx is 20000
this is 0 times / overall 2000 times
this is 100 times / overall 2000 times
this is 200 times / overall 2000 times
this is 300 times / overall 2000 times
this is 400 times / overall 2000 times
this is 500 times / overall 2000 times
this is 600 times / overall 2000 times
this is 700 times / overall 2000 times
this is 800 times / overall 2000 times
this is 900 times / overall 2000 times
this is 1000 times / overall 2000 times
this is 1100 times / overall 2000 times
this is 1200 times / overall 2000 times
this is 1300 times / overall 2000 times
this is 1400 times / overall 2000 times
this is 1500 times / overall 2000 times
this is 1600 times / overall 2000 times
this is 1700 times / overall 2000 times
this is 1800 times / overall 2000 times
this is 1900 times / overall 2000 times
this is 82 times which has already done.
----------------------------------------------------------------------------------------------------
this is 83 times / overall 101 times (time step 820, t=8.20s)
1.5741219195069347 1.1134898317818631 1.1224797295207356
----------------------------------------------------------------------------------------------------
find index iteration: 0 20000
short indx is [[    0  3392 16473 ... 18919 17723 18743]
 [    1 19704 16524 ...  7005 13018 16243]
 [    2   527 11324 ... 19294 13841 19780]
 ...
 [19997  1449  9777 ...  3929  5126  9136]
 [19998 11096 14717 ...  9171 12304 18978]
 [19999   433  9910 ... 16475  7409 18960]]
Scaled residual std at t=820: [3.14824384 2.22697966 2.24495946]
start_idx is 0; end_idx is 20000
this is 0 times / overall 2000 times
this is 100 times / overall 2000 times
this is 200 times / overall 2000 times
this is 300 times / overall 2000 times
this is 400 times / overall 2000 times
this is 500 times / overall 2000 times
this is 600 times / overall 2000 times
this is 700 times / overall 2000 times
this is 800 times / overall 2000 times
this is 900 times / overall 2000 times
this is 1000 times / overall 2000 times
this is 1100 times / overall 2000 times
this is 1200 times / overall 2000 times
this is 1300 times / overall 2000 times
this is 1400 times / overall 2000 times
this is 1500 times / overall 2000 times
this is 1600 times / overall 2000 times
this is 1700 times / overall 2000 times
this is 1800 times / overall 2000 times
this is 1900 times / overall 2000 times
this is 83 times which has already done.
----------------------------------------------------------------------------------------------------
this is 84 times / overall 101 times (time step 830, t=8.30s)
1.6091993490432748 1.1212012305052461 1.1169907125701595
----------------------------------------------------------------------------------------------------
find index iteration: 0 20000
short indx is [[    0  1734 11571 ... 13503 14538  8263]
 [    1  3772 16869 ...  4109 19421  6051]
 [    2   548  6205 ...  2712  5068 15019]
 ...
 [19997 18801 12655 ...   889 19610  7490]
 [19998 14717  5013 ...  2774  7865  4171]
 [19999  4845   923 ... 18728  8848  3811]]
Scaled residual std at t=830: [3.2183987  2.24240246 2.23398143]
start_idx is 0; end_idx is 20000
this is 0 times / overall 2000 times
this is 100 times / overall 2000 times
this is 200 times / overall 2000 times
this is 300 times / overall 2000 times
this is 400 times / overall 2000 times
this is 500 times / overall 2000 times
this is 600 times / overall 2000 times
this is 700 times / overall 2000 times
this is 800 times / overall 2000 times
this is 900 times / overall 2000 times
this is 1000 times / overall 2000 times
this is 1100 times / overall 2000 times
this is 1200 times / overall 2000 times
this is 1300 times / overall 2000 times
this is 1400 times / overall 2000 times
this is 1500 times / overall 2000 times
this is 1600 times / overall 2000 times
this is 1700 times / overall 2000 times
this is 1800 times / overall 2000 times
this is 1900 times / overall 2000 times
this is 84 times which has already done.
----------------------------------------------------------------------------------------------------
this is 85 times / overall 101 times (time step 840, t=8.40s)
1.5770758598624803 1.1130355810830979 1.1219109579376194
----------------------------------------------------------------------------------------------------
find index iteration: 0 20000
short indx is [[    0 14585   580 ...  5922 14389  7645]
 [    1  3023  7790 ...  2065  1262  8203]
 [    2   138 12740 ... 14063  9883 17519]
 ...
 [19997  9777  3403 ...  9797  8920  3273]
 [19998 10976 14982 ... 19603  7233  4030]
 [19999   701 15194 ...  3842  3996  3594]]
Scaled residual std at t=840: [3.15415172 2.22607116 2.24382192]
start_idx is 0; end_idx is 20000
this is 0 times / overall 2000 times
this is 100 times / overall 2000 times
this is 200 times / overall 2000 times
this is 300 times / overall 2000 times
this is 400 times / overall 2000 times
this is 500 times / overall 2000 times
this is 600 times / overall 2000 times
this is 700 times / overall 2000 times
this is 800 times / overall 2000 times
this is 900 times / overall 2000 times
this is 1000 times / overall 2000 times
this is 1100 times / overall 2000 times
this is 1200 times / overall 2000 times
this is 1300 times / overall 2000 times
this is 1400 times / overall 2000 times
this is 1500 times / overall 2000 times
this is 1600 times / overall 2000 times
this is 1700 times / overall 2000 times
this is 1800 times / overall 2000 times
this is 1900 times / overall 2000 times
this is 85 times which has already done.
----------------------------------------------------------------------------------------------------
this is 86 times / overall 101 times (time step 850, t=8.50s)
1.5724207492766662 1.1227285403468206 1.11740158411942
----------------------------------------------------------------------------------------------------
find index iteration: 0 20000
short indx is [[    0  1524   392 ...  5585  9307  6048]
 [    1  7790 18610 ...  8857 15521 11274]
 [    2 11298 10221 ...  4384 18487  5374]
 ...
 [19997  4113 16910 ...  9861  2134 19799]
 [19998 11422 12019 ... 15079 19828 18373]
 [19999 18195  8954 ... 13251 15500  8708]]
Scaled residual std at t=850: [3.1448415  2.24545708 2.23480317]
start_idx is 0; end_idx is 20000
this is 0 times / overall 2000 times
this is 100 times / overall 2000 times
this is 200 times / overall 2000 times
this is 300 times / overall 2000 times
this is 400 times / overall 2000 times
this is 500 times / overall 2000 times
this is 600 times / overall 2000 times
this is 700 times / overall 2000 times
this is 800 times / overall 2000 times
this is 900 times / overall 2000 times
this is 1000 times / overall 2000 times
this is 1100 times / overall 2000 times
this is 1200 times / overall 2000 times
this is 1300 times / overall 2000 times
this is 1400 times / overall 2000 times
this is 1500 times / overall 2000 times
this is 1600 times / overall 2000 times
this is 1700 times / overall 2000 times
this is 1800 times / overall 2000 times
this is 1900 times / overall 2000 times
this is 86 times which has already done.
----------------------------------------------------------------------------------------------------
this is 87 times / overall 101 times (time step 860, t=8.60s)
1.5759157496348435 1.1160060078077723 1.1128446232558842
----------------------------------------------------------------------------------------------------
find index iteration: 0 20000
short indx is [[    0 19062  5694 ...  3831 16788 12578]
 [    1 18610  9276 ... 16476  7904 16815]
 [    2  9643  5783 ... 17031 17233 16807]
 ...
 [19997 11017  7825 ... 16329 13523  9682]
 [19998  3114  6445 ...  2222 15788  5729]
 [19999 13870   753 ... 17034 15572 10245]]
Scaled residual std at t=860: [3.1518315  2.23201202 2.22568925]
start_idx is 0; end_idx is 20000
this is 0 times / overall 2000 times
this is 100 times / overall 2000 times
this is 200 times / overall 2000 times
this is 300 times / overall 2000 times
this is 400 times / overall 2000 times
this is 500 times / overall 2000 times
this is 600 times / overall 2000 times
this is 700 times / overall 2000 times
this is 800 times / overall 2000 times
this is 900 times / overall 2000 times
this is 1000 times / overall 2000 times
this is 1100 times / overall 2000 times
this is 1200 times / overall 2000 times
this is 1300 times / overall 2000 times
this is 1400 times / overall 2000 times
this is 1500 times / overall 2000 times
this is 1600 times / overall 2000 times
this is 1700 times / overall 2000 times
this is 1800 times / overall 2000 times
this is 1900 times / overall 2000 times
this is 87 times which has already done.
----------------------------------------------------------------------------------------------------
this is 88 times / overall 101 times (time step 870, t=8.70s)
1.5892953255803228 1.122781788561991 1.1218866303366353
----------------------------------------------------------------------------------------------------
find index iteration: 0 20000
short indx is [[    0  7078 12920 ... 14013 18443  4240]
 [    1  6765  8445 ... 13634 19301  2826]
 [    2  5783  3027 ... 14424 17952  3271]
 ...
 [19997  5627 18229 ... 11680 17927 13770]
 [19998 17765  1098 ...  9496  5829 19556]
 [19999 19658  5562 ... 16722 13214  4882]]
Scaled residual std at t=870: [3.17859065 2.24556358 2.24377326]
start_idx is 0; end_idx is 20000
this is 0 times / overall 2000 times
this is 100 times / overall 2000 times
this is 200 times / overall 2000 times
this is 300 times / overall 2000 times
this is 400 times / overall 2000 times
this is 500 times / overall 2000 times
this is 600 times / overall 2000 times
this is 700 times / overall 2000 times
this is 800 times / overall 2000 times
this is 900 times / overall 2000 times
this is 1000 times / overall 2000 times
this is 1100 times / overall 2000 times
this is 1200 times / overall 2000 times
this is 1300 times / overall 2000 times
this is 1400 times / overall 2000 times
this is 1500 times / overall 2000 times
this is 1600 times / overall 2000 times
this is 1700 times / overall 2000 times
this is 1800 times / overall 2000 times
this is 1900 times / overall 2000 times
this is 88 times which has already done.
----------------------------------------------------------------------------------------------------
this is 89 times / overall 101 times (time step 880, t=8.80s)
1.5722628546871036 1.1166353280551937 1.1202786212718256
----------------------------------------------------------------------------------------------------
find index iteration: 0 20000
short indx is [[    0  1595 12746 ...  9030 18898  8867]
 [    1 17006 19175 ... 10340 11258  9503]
 [    2 16156 16539 ... 17082 11201  1706]
 ...
 [19997  8062 18801 ... 13233 15797  3562]
 [19998  2313  3114 ...  7748  2600   247]
 [19999  1353  2989 ...  3917 12444 11168]]
Scaled residual std at t=880: [3.14452571 2.23327066 2.24055724]
start_idx is 0; end_idx is 20000
this is 0 times / overall 2000 times
this is 100 times / overall 2000 times
this is 200 times / overall 2000 times
this is 300 times / overall 2000 times
this is 400 times / overall 2000 times
this is 500 times / overall 2000 times
this is 600 times / overall 2000 times
this is 700 times / overall 2000 times
this is 800 times / overall 2000 times
this is 900 times / overall 2000 times
this is 1000 times / overall 2000 times
this is 1100 times / overall 2000 times
this is 1200 times / overall 2000 times
this is 1300 times / overall 2000 times
this is 1400 times / overall 2000 times
this is 1500 times / overall 2000 times
this is 1600 times / overall 2000 times
this is 1700 times / overall 2000 times
this is 1800 times / overall 2000 times
this is 1900 times / overall 2000 times
this is 89 times which has already done.
----------------------------------------------------------------------------------------------------
this is 90 times / overall 101 times (time step 890, t=8.90s)
1.5963549102980563 1.1284095999679669 1.123309699306016
----------------------------------------------------------------------------------------------------
find index iteration: 0 20000
short indx is [[    0 10906  6299 ...   435 17603 11924]
 [    1 13414 10209 ... 19636  6454 15783]
 [    2   138 16539 ...  2519  4233 17514]
 ...
 [19997  1827 10036 ... 19759  4082  4988]
 [19998 19686  1863 ... 19693   306 15814]
 [19999 18894 17403 ... 18634  7719  8749]]
Scaled residual std at t=890: [3.19270982 2.2568192  2.2466194 ]
start_idx is 0; end_idx is 20000
this is 0 times / overall 2000 times
this is 100 times / overall 2000 times
this is 200 times / overall 2000 times
this is 300 times / overall 2000 times
this is 400 times / overall 2000 times
this is 500 times / overall 2000 times
this is 600 times / overall 2000 times
this is 700 times / overall 2000 times
this is 800 times / overall 2000 times
this is 900 times / overall 2000 times
this is 1000 times / overall 2000 times
this is 1100 times / overall 2000 times
this is 1200 times / overall 2000 times
this is 1300 times / overall 2000 times
this is 1400 times / overall 2000 times
this is 1500 times / overall 2000 times
this is 1600 times / overall 2000 times
this is 1700 times / overall 2000 times
this is 1800 times / overall 2000 times
this is 1900 times / overall 2000 times
this is 90 times which has already done.
----------------------------------------------------------------------------------------------------
this is 91 times / overall 101 times (time step 900, t=9.00s)
1.5830519961443907 1.1188151980461818 1.121990984021132
----------------------------------------------------------------------------------------------------
find index iteration: 0 20000
short indx is [[    0  6374 10410 ...  5476  4763  2840]
 [    1 16869 12623 ...  4479  8017 10701]
 [    2 10819  3059 ...  7469 16522  2285]
 ...
 [19997   217 18229 ...  4918  7490 14866]
 [19998 19729 18093 ... 19996  1828  8372]
 [19999 14269   923 ... 13052 18522  7475]]
Scaled residual std at t=900: [3.16610399 2.2376304  2.24398197]
start_idx is 0; end_idx is 20000
this is 0 times / overall 2000 times
this is 100 times / overall 2000 times
this is 200 times / overall 2000 times
this is 300 times / overall 2000 times
this is 400 times / overall 2000 times
this is 500 times / overall 2000 times
this is 600 times / overall 2000 times
this is 700 times / overall 2000 times
this is 800 times / overall 2000 times
this is 900 times / overall 2000 times
this is 1000 times / overall 2000 times
this is 1100 times / overall 2000 times
this is 1200 times / overall 2000 times
this is 1300 times / overall 2000 times
this is 1400 times / overall 2000 times
this is 1500 times / overall 2000 times
this is 1600 times / overall 2000 times
this is 1700 times / overall 2000 times
this is 1800 times / overall 2000 times
this is 1900 times / overall 2000 times
this is 91 times which has already done.
----------------------------------------------------------------------------------------------------
this is 92 times / overall 101 times (time step 910, t=9.10s)
1.566239593857071 1.1197525997281803 1.1200318519147425
----------------------------------------------------------------------------------------------------
find index iteration: 0 20000
short indx is [[    0  8397  6368 ... 16500 19582 12427]
 [    1 14760 10397 ... 18152  5273  3783]
 [    2  7868 11092 ... 19967  5395  5187]
 ...
 [19997  1406  7170 ... 17381   903  8748]
 [19998 11764 16334 ...  5812  5154 16538]
 [19999  3237  8520 ... 12457  2103 14121]]
Scaled residual std at t=910: [3.13247919 2.2395052  2.2400637 ]
start_idx is 0; end_idx is 20000
this is 0 times / overall 2000 times
this is 100 times / overall 2000 times
this is 200 times / overall 2000 times
this is 300 times / overall 2000 times
this is 400 times / overall 2000 times
this is 500 times / overall 2000 times
this is 600 times / overall 2000 times
this is 700 times / overall 2000 times
this is 800 times / overall 2000 times
this is 900 times / overall 2000 times
this is 1000 times / overall 2000 times
this is 1100 times / overall 2000 times
this is 1200 times / overall 2000 times
this is 1300 times / overall 2000 times
this is 1400 times / overall 2000 times
this is 1500 times / overall 2000 times
this is 1600 times / overall 2000 times
this is 1700 times / overall 2000 times
this is 1800 times / overall 2000 times
this is 1900 times / overall 2000 times
this is 92 times which has already done.
----------------------------------------------------------------------------------------------------
this is 93 times / overall 101 times (time step 920, t=9.20s)
1.6078414653283768 1.1225414610173945 1.1223413592214366
----------------------------------------------------------------------------------------------------
find index iteration: 0 20000
short indx is [[    0  1933  7078 ...  2528 16163 10247]
 [    1 11594 14760 ...   904  8874 11491]
 [    2  3059  7417 ... 12452 16470   223]
 ...
 [19997 17148 19893 ... 11429  7714   873]
 [19998  9140 10872 ... 14041  4697 12126]
 [19999 12904 18707 ...  6005  4424  2286]]
Scaled residual std at t=920: [3.21568293 2.24508292 2.24468272]
start_idx is 0; end_idx is 20000
this is 0 times / overall 2000 times
this is 100 times / overall 2000 times
this is 200 times / overall 2000 times
this is 300 times / overall 2000 times
this is 400 times / overall 2000 times
this is 500 times / overall 2000 times
this is 600 times / overall 2000 times
this is 700 times / overall 2000 times
this is 800 times / overall 2000 times
this is 900 times / overall 2000 times
this is 1000 times / overall 2000 times
this is 1100 times / overall 2000 times
this is 1200 times / overall 2000 times
this is 1300 times / overall 2000 times
this is 1400 times / overall 2000 times
this is 1500 times / overall 2000 times
this is 1600 times / overall 2000 times
this is 1700 times / overall 2000 times
this is 1800 times / overall 2000 times
this is 1900 times / overall 2000 times
this is 93 times which has already done.
----------------------------------------------------------------------------------------------------
this is 94 times / overall 101 times (time step 930, t=9.30s)
1.5733800772223223 1.1148384113028713 1.1126246133382027
----------------------------------------------------------------------------------------------------
find index iteration: 0 20000
short indx is [[    0 12344  9100 ... 16059  7124  7982]
 [    1 16403  7036 ... 18374 11488 16936]
 [    2  9710  5706 ... 13647  1622  8306]
 ...
 [19997 16305 10089 ...  2999  3156 16651]
 [19998   893 13636 ... 13275   490  5908]
 [19999  7432  8316 ...  1247  3262  5863]]
Scaled residual std at t=930: [3.14676015 2.22967682 2.22524923]
start_idx is 0; end_idx is 20000
this is 0 times / overall 2000 times
this is 100 times / overall 2000 times
this is 200 times / overall 2000 times
this is 300 times / overall 2000 times
this is 400 times / overall 2000 times
this is 500 times / overall 2000 times
this is 600 times / overall 2000 times
this is 700 times / overall 2000 times
this is 800 times / overall 2000 times
this is 900 times / overall 2000 times
this is 1000 times / overall 2000 times
this is 1100 times / overall 2000 times
this is 1200 times / overall 2000 times
this is 1300 times / overall 2000 times
this is 1400 times / overall 2000 times
this is 1500 times / overall 2000 times
this is 1600 times / overall 2000 times
this is 1700 times / overall 2000 times
this is 1800 times / overall 2000 times
this is 1900 times / overall 2000 times
this is 94 times which has already done.
----------------------------------------------------------------------------------------------------
this is 95 times / overall 101 times (time step 940, t=9.40s)
1.589267208420986 1.1174925180331625 1.1210409031510349
----------------------------------------------------------------------------------------------------
find index iteration: 0 20000
short indx is [[    0 12746  4060 ...  5509  8476  5338]
 [    1 14790 18224 ... 15527 16411  4218]
 [    2  7831 10574 ... 14262   152  5668]
 ...
 [19997   970 17334 ... 15589 15548  6319]
 [19998  9129  3576 ... 13443   700 14768]
 [19999  9644 19162 ... 12722 10468  1585]]
Scaled residual std at t=940: [3.17853442 2.23498504 2.24208181]
start_idx is 0; end_idx is 20000
this is 0 times / overall 2000 times
this is 100 times / overall 2000 times
this is 200 times / overall 2000 times
this is 300 times / overall 2000 times
this is 400 times / overall 2000 times
this is 500 times / overall 2000 times
this is 600 times / overall 2000 times
this is 700 times / overall 2000 times
this is 800 times / overall 2000 times
this is 900 times / overall 2000 times
this is 1000 times / overall 2000 times
this is 1100 times / overall 2000 times
this is 1200 times / overall 2000 times
this is 1300 times / overall 2000 times
this is 1400 times / overall 2000 times
this is 1500 times / overall 2000 times
this is 1600 times / overall 2000 times
this is 1700 times / overall 2000 times
this is 1800 times / overall 2000 times
this is 1900 times / overall 2000 times
this is 95 times which has already done.
----------------------------------------------------------------------------------------------------
this is 96 times / overall 101 times (time step 950, t=9.50s)
1.5754523020790592 1.1248628405688 1.1157416684700183
----------------------------------------------------------------------------------------------------
find index iteration: 0 20000
short indx is [[    0  7752 13534 ...  3919  6035 10846]
 [    1 12097 10885 ...  1182  3767 15724]
 [    2  3385 19414 ... 16571  7636 12200]
 ...
 [19997  5375 16450 ... 11803 17960 10845]
 [19998 15122  9129 ...  5135  1214 11524]
 [19999 13240 15209 ... 18559 14015  6664]]
Scaled residual std at t=950: [3.1509046  2.24972568 2.23148334]
start_idx is 0; end_idx is 20000
this is 0 times / overall 2000 times
this is 100 times / overall 2000 times
this is 200 times / overall 2000 times
this is 300 times / overall 2000 times
this is 400 times / overall 2000 times
this is 500 times / overall 2000 times
this is 600 times / overall 2000 times
this is 700 times / overall 2000 times
this is 800 times / overall 2000 times
this is 900 times / overall 2000 times
this is 1000 times / overall 2000 times
this is 1100 times / overall 2000 times
this is 1200 times / overall 2000 times
this is 1300 times / overall 2000 times
this is 1400 times / overall 2000 times
this is 1500 times / overall 2000 times
this is 1600 times / overall 2000 times
this is 1700 times / overall 2000 times
this is 1800 times / overall 2000 times
this is 1900 times / overall 2000 times
this is 96 times which has already done.
----------------------------------------------------------------------------------------------------
this is 97 times / overall 101 times (time step 960, t=9.60s)
1.6003754929623208 1.1183018653377623 1.120958062515237
----------------------------------------------------------------------------------------------------
find index iteration: 0 20000
short indx is [[    0 15572  1531 ...   606  8373  5211]
 [    1 16051  4312 ... 16692 18527 19263]
 [    2  7831  8510 ...  9006 16962  9088]
 ...
 [19997 18616  9445 ... 14740 10616 13298]
 [19998  5981  9219 ...  7915 17282  2696]
 [19999 13463   252 ...  8017 14542  7891]]
Scaled residual std at t=960: [3.20075099 2.23660373 2.24191613]
start_idx is 0; end_idx is 20000
this is 0 times / overall 2000 times
this is 100 times / overall 2000 times
this is 200 times / overall 2000 times
this is 300 times / overall 2000 times
this is 400 times / overall 2000 times
this is 500 times / overall 2000 times
this is 600 times / overall 2000 times
this is 700 times / overall 2000 times
this is 800 times / overall 2000 times
this is 900 times / overall 2000 times
this is 1000 times / overall 2000 times
this is 1100 times / overall 2000 times
this is 1200 times / overall 2000 times
this is 1300 times / overall 2000 times
this is 1400 times / overall 2000 times
this is 1500 times / overall 2000 times
this is 1600 times / overall 2000 times
this is 1700 times / overall 2000 times
this is 1800 times / overall 2000 times
this is 1900 times / overall 2000 times
this is 97 times which has already done.
----------------------------------------------------------------------------------------------------
this is 98 times / overall 101 times (time step 970, t=9.70s)
1.5779395914899652 1.1060798937773146 1.1244175690132157
----------------------------------------------------------------------------------------------------
find index iteration: 0 20000
short indx is [[    0  7668 18957 ... 13728 19254   196]
 [    1 16706 18252 ...  4048 15179  3638]
 [    2 17183 18997 ... 15438 19696 15666]
 ...
 [19997 19148 12987 ...  2476 12661  7379]
 [19998  8317 11084 ...  5305  9857 18552]
 [19999 18623  7335 ... 18237  1524   923]]
Scaled residual std at t=970: [3.15587918 2.21215979 2.24883514]
start_idx is 0; end_idx is 20000
this is 0 times / overall 2000 times
this is 100 times / overall 2000 times
this is 200 times / overall 2000 times
this is 300 times / overall 2000 times
this is 400 times / overall 2000 times
this is 500 times / overall 2000 times
this is 600 times / overall 2000 times
this is 700 times / overall 2000 times
this is 800 times / overall 2000 times
this is 900 times / overall 2000 times
this is 1000 times / overall 2000 times
this is 1100 times / overall 2000 times
this is 1200 times / overall 2000 times
this is 1300 times / overall 2000 times
this is 1400 times / overall 2000 times
this is 1500 times / overall 2000 times
this is 1600 times / overall 2000 times
this is 1700 times / overall 2000 times
this is 1800 times / overall 2000 times
this is 1900 times / overall 2000 times
this is 98 times which has already done.
----------------------------------------------------------------------------------------------------
this is 99 times / overall 101 times (time step 980, t=9.80s)
1.572411787167115 1.1266838239114756 1.1277859920389943
----------------------------------------------------------------------------------------------------
find index iteration: 0 20000
short indx is [[    0  3392 11570 ...  5001 11349 15993]
 [    1 13155  9825 ... 10083 15717 13103]
 [    2  7065 17503 ... 18842  1072  8258]
 ...
 [19997  5569  3309 ... 13813 11955  1809]
 [19998 15293 11237 ...  5931  4325  2394]
 [19999 12118 16399 ... 14981  4511 13259]]
Scaled residual std at t=980: [3.14482357 2.25336765 2.25557198]
start_idx is 0; end_idx is 20000
this is 0 times / overall 2000 times
this is 100 times / overall 2000 times
this is 200 times / overall 2000 times
this is 300 times / overall 2000 times
this is 400 times / overall 2000 times
this is 500 times / overall 2000 times
this is 600 times / overall 2000 times
this is 700 times / overall 2000 times
this is 800 times / overall 2000 times
this is 900 times / overall 2000 times
this is 1000 times / overall 2000 times
this is 1100 times / overall 2000 times
this is 1200 times / overall 2000 times
this is 1300 times / overall 2000 times
this is 1400 times / overall 2000 times
this is 1500 times / overall 2000 times
this is 1600 times / overall 2000 times
this is 1700 times / overall 2000 times
this is 1800 times / overall 2000 times
this is 1900 times / overall 2000 times
this is 99 times which has already done.
----------------------------------------------------------------------------------------------------
this is 100 times / overall 101 times (time step 990, t=9.90s)
1.5780409606999903 1.1054775842538018 1.1120568989409758
----------------------------------------------------------------------------------------------------
find index iteration: 0 20000
short indx is [[    0  5618 18407 ... 16167  2898  4238]
 [    1 13155 19816 ... 15041  7102 17553]
 [    2 10884 17200 ... 17598  8198 12734]
 ...
 [19997  9159  4405 ... 17041 18219 15286]
 [19998 19200  1094 ...  9489 14968 19083]
 [19999 17109  7090 ... 12494 18843  4282]]
Scaled residual std at t=990: [3.15608192 2.21095517 2.2241138 ]
start_idx is 0; end_idx is 20000
this is 0 times / overall 2000 times
this is 100 times / overall 2000 times
this is 200 times / overall 2000 times
this is 300 times / overall 2000 times
this is 400 times / overall 2000 times
this is 500 times / overall 2000 times
this is 600 times / overall 2000 times
this is 700 times / overall 2000 times
this is 800 times / overall 2000 times
this is 900 times / overall 2000 times
this is 1000 times / overall 2000 times
this is 1100 times / overall 2000 times
this is 1200 times / overall 2000 times
this is 1300 times / overall 2000 times
this is 1400 times / overall 2000 times
this is 1500 times / overall 2000 times
this is 1600 times / overall 2000 times
this is 1700 times / overall 2000 times
this is 1800 times / overall 2000 times
this is 1900 times / overall 2000 times
this is 100 times which has already done.
----------------------------------------------------------------------------------------------------
this is 101 times / overall 101 times (time step 999, t=10.00s)
1.569788905720791 1.131874440532854 1.1190716742392774
----------------------------------------------------------------------------------------------------
find index iteration: 0 20000
short indx is [[    0  3363  6299 ... 19269  8961  3072]
 [    1  9813   163 ...  6391  4032 16052]
 [    2 17189 10382 ...  1718 15944  8191]
 ...
 [19997  1023  9159 ... 12907  4316   894]
 [19998   116 19200 ...  7218  1729  4307]
 [19999 14367 10904 ... 18799 18449  9687]]
Scaled residual std at t=999: [3.13957781 2.26374888 2.23814335]
start_idx is 0; end_idx is 20000
this is 0 times / overall 2000 times
this is 100 times / overall 2000 times
this is 200 times / overall 2000 times
this is 300 times / overall 2000 times
this is 400 times / overall 2000 times
this is 500 times / overall 2000 times
this is 600 times / overall 2000 times
this is 700 times / overall 2000 times
this is 800 times / overall 2000 times
this is 900 times / overall 2000 times
this is 1000 times / overall 2000 times
this is 1100 times / overall 2000 times
this is 1200 times / overall 2000 times
this is 1300 times / overall 2000 times
this is 1400 times / overall 2000 times
this is 1500 times / overall 2000 times
this is 1600 times / overall 2000 times
this is 1700 times / overall 2000 times
this is 1800 times / overall 2000 times
this is 1900 times / overall 2000 times
this is 101 times which has already done.
[INFO] the ODE solution shape is: (20000, 3, 101)
[INFO] this is print for mean and std: (101, 3) (101, 3)
Training on 100 time points out of 101 total
Time range: 0.00s to 1.00s
this is 1 times / overall 100 times (time step 0, t=0.00s)
this is 1 dimension / overall 3 dimensions
Training model 1/5
Training model 2/5
Training model 3/5
Training model 4/5
Training model 5/5
this is 2 dimension / overall 3 dimensions
Training model 1/5
Training model 2/5
Training model 3/5
Training model 4/5
Training model 5/5
this is 3 dimension / overall 3 dimensions
Training model 1/5
Training model 2/5
Training model 3/5
Training model 4/5
Training model 5/5
this is 2 times / overall 100 times (time step 1, t=0.01s)
this is 1 dimension / overall 3 dimensions
Training model 1/5
Training model 2/5
Training model 3/5
Training model 4/5
Training model 5/5
this is 2 dimension / overall 3 dimensions
Training model 1/5
Training model 2/5
Training model 3/5
Training model 4/5
Training model 5/5
this is 3 dimension / overall 3 dimensions
Training model 1/5
Training model 2/5
Training model 3/5
Training model 4/5
Training model 5/5
this is 3 times / overall 100 times (time step 2, t=0.02s)
this is 1 dimension / overall 3 dimensions
Training model 1/5
Training model 2/5
Training model 3/5
Training model 4/5
Training model 5/5
this is 2 dimension / overall 3 dimensions
Training model 1/5
Training model 2/5
Training model 3/5
Training model 4/5
Training model 5/5
this is 3 dimension / overall 3 dimensions
Training model 1/5
Training model 2/5
Training model 3/5
Training model 4/5
Training model 5/5
this is 4 times / overall 100 times (time step 3, t=0.03s)
this is 1 dimension / overall 3 dimensions
Training model 1/5
Training model 2/5
Training model 3/5
Training model 4/5
Training model 5/5
this is 2 dimension / overall 3 dimensions
Training model 1/5
Training model 2/5
Training model 3/5
Training model 4/5
Training model 5/5
this is 3 dimension / overall 3 dimensions
Training model 1/5
Training model 2/5
Training model 3/5
Training model 4/5
Training model 5/5
this is 5 times / overall 100 times (time step 4, t=0.04s)
this is 1 dimension / overall 3 dimensions
Training model 1/5
Training model 2/5
Training model 3/5
Training model 4/5
Training model 5/5
this is 2 dimension / overall 3 dimensions
Training model 1/5
Training model 2/5
Training model 3/5
Training model 4/5
Training model 5/5
this is 3 dimension / overall 3 dimensions
Training model 1/5
Training model 2/5
Training model 3/5
Training model 4/5
Training model 5/5
this is 6 times / overall 100 times (time step 5, t=0.05s)
this is 1 dimension / overall 3 dimensions
Training model 1/5
Training model 2/5
Training model 3/5
Training model 4/5
Training model 5/5
this is 2 dimension / overall 3 dimensions
Training model 1/5
Training model 2/5
Training model 3/5
Training model 4/5
Training model 5/5
this is 3 dimension / overall 3 dimensions
Training model 1/5
Training model 2/5
Training model 3/5
Training model 4/5
Training model 5/5
this is 7 times / overall 100 times (time step 6, t=0.06s)
this is 1 dimension / overall 3 dimensions
Training model 1/5
Training model 2/5
Training model 3/5
Training model 4/5
Training model 5/5
this is 2 dimension / overall 3 dimensions
Training model 1/5
Training model 2/5
Training model 3/5
Training model 4/5
Training model 5/5
this is 3 dimension / overall 3 dimensions
Training model 1/5
Training model 2/5
Training model 3/5
Training model 4/5
Training model 5/5
this is 8 times / overall 100 times (time step 7, t=0.07s)
this is 1 dimension / overall 3 dimensions
Training model 1/5
Training model 2/5
Training model 3/5
Training model 4/5
Training model 5/5
this is 2 dimension / overall 3 dimensions
Training model 1/5
Training model 2/5
Training model 3/5
Training model 4/5
Training model 5/5
this is 3 dimension / overall 3 dimensions
Training model 1/5
Training model 2/5
Training model 3/5
Training model 4/5
Training model 5/5
this is 9 times / overall 100 times (time step 8, t=0.08s)
this is 1 dimension / overall 3 dimensions
Training model 1/5
Training model 2/5
Training model 3/5
Training model 4/5
Training model 5/5
this is 2 dimension / overall 3 dimensions
Training model 1/5
Training model 2/5
Training model 3/5
Training model 4/5
Training model 5/5
this is 3 dimension / overall 3 dimensions
Training model 1/5
Training model 2/5
Training model 3/5
Training model 4/5
Training model 5/5
this is 10 times / overall 100 times (time step 9, t=0.09s)
this is 1 dimension / overall 3 dimensions
Training model 1/5
Training model 2/5
Training model 3/5
Training model 4/5
Training model 5/5
this is 2 dimension / overall 3 dimensions
Training model 1/5
Training model 2/5
Training model 3/5
Training model 4/5
Training model 5/5
this is 3 dimension / overall 3 dimensions
Training model 1/5
Training model 2/5
Training model 3/5
Training model 4/5
Training model 5/5
this is 11 times / overall 100 times (time step 10, t=0.10s)
this is 1 dimension / overall 3 dimensions
Training model 1/5
Training model 2/5
Training model 3/5
Training model 4/5
Training model 5/5
this is 2 dimension / overall 3 dimensions
Training model 1/5
Training model 2/5
Training model 3/5
Training model 4/5
Training model 5/5
this is 3 dimension / overall 3 dimensions
Training model 1/5
Training model 2/5
Training model 3/5
Training model 4/5
Training model 5/5
this is 12 times / overall 100 times (time step 11, t=0.11s)
this is 1 dimension / overall 3 dimensions
Training model 1/5
Training model 2/5
Training model 3/5
Training model 4/5
Training model 5/5
this is 2 dimension / overall 3 dimensions
Training model 1/5
Training model 2/5
Training model 3/5
Training model 4/5
Training model 5/5
this is 3 dimension / overall 3 dimensions
Training model 1/5
Training model 2/5
Training model 3/5
Training model 4/5
Training model 5/5
this is 13 times / overall 100 times (time step 12, t=0.12s)
this is 1 dimension / overall 3 dimensions
Training model 1/5
Training model 2/5
Training model 3/5
Training model 4/5
Training model 5/5
this is 2 dimension / overall 3 dimensions
Training model 1/5
Training model 2/5
Training model 3/5
Training model 4/5
Training model 5/5
this is 3 dimension / overall 3 dimensions
Training model 1/5
Training model 2/5
Training model 3/5
Training model 4/5
Training model 5/5
this is 14 times / overall 100 times (time step 13, t=0.13s)
this is 1 dimension / overall 3 dimensions
Training model 1/5
Training model 2/5
Training model 3/5
Training model 4/5
Training model 5/5
this is 2 dimension / overall 3 dimensions
Training model 1/5
Training model 2/5
Training model 3/5
Training model 4/5
Training model 5/5
this is 3 dimension / overall 3 dimensions
Training model 1/5
Training model 2/5
Training model 3/5
Training model 4/5
Training model 5/5
this is 15 times / overall 100 times (time step 14, t=0.14s)
this is 1 dimension / overall 3 dimensions
Training model 1/5
Training model 2/5
Training model 3/5
Training model 4/5
Training model 5/5
this is 2 dimension / overall 3 dimensions
Training model 1/5
Training model 2/5
Training model 3/5
Training model 4/5
Training model 5/5
this is 3 dimension / overall 3 dimensions
Training model 1/5
Training model 2/5
Training model 3/5
Training model 4/5
Training model 5/5
this is 16 times / overall 100 times (time step 15, t=0.15s)
this is 1 dimension / overall 3 dimensions
Training model 1/5
Training model 2/5
Training model 3/5
Training model 4/5
Training model 5/5
this is 2 dimension / overall 3 dimensions
Training model 1/5
Training model 2/5
Training model 3/5
Training model 4/5
Training model 5/5
this is 3 dimension / overall 3 dimensions
Training model 1/5
Training model 2/5
Training model 3/5
Training model 4/5
Training model 5/5
this is 17 times / overall 100 times (time step 16, t=0.16s)
this is 1 dimension / overall 3 dimensions
Training model 1/5
Training model 2/5
Training model 3/5
Training model 4/5
Training model 5/5
this is 2 dimension / overall 3 dimensions
Training model 1/5
Training model 2/5
Training model 3/5
Training model 4/5
Training model 5/5
this is 3 dimension / overall 3 dimensions
Training model 1/5
Training model 2/5
Training model 3/5
Training model 4/5
Training model 5/5
this is 18 times / overall 100 times (time step 17, t=0.17s)
this is 1 dimension / overall 3 dimensions
Training model 1/5
Training model 2/5
Training model 3/5
Training model 4/5
Training model 5/5
this is 2 dimension / overall 3 dimensions
Training model 1/5
Training model 2/5
Training model 3/5
Training model 4/5
Training model 5/5
this is 3 dimension / overall 3 dimensions
Training model 1/5
Training model 2/5
Training model 3/5
Training model 4/5
Training model 5/5
this is 19 times / overall 100 times (time step 18, t=0.18s)
this is 1 dimension / overall 3 dimensions
Training model 1/5
Training model 2/5
Training model 3/5
Training model 4/5
Training model 5/5
this is 2 dimension / overall 3 dimensions
Training model 1/5
Training model 2/5
Training model 3/5
Training model 4/5
Training model 5/5
this is 3 dimension / overall 3 dimensions
Training model 1/5
Training model 2/5
Training model 3/5
Training model 4/5
Training model 5/5
this is 20 times / overall 100 times (time step 19, t=0.19s)
this is 1 dimension / overall 3 dimensions
Training model 1/5
Training model 2/5
Training model 3/5
Training model 4/5
Training model 5/5
this is 2 dimension / overall 3 dimensions
Training model 1/5
Training model 2/5
Training model 3/5
Training model 4/5
Training model 5/5
this is 3 dimension / overall 3 dimensions
Training model 1/5
Training model 2/5
Training model 3/5
Training model 4/5
Training model 5/5
this is 21 times / overall 100 times (time step 20, t=0.20s)
this is 1 dimension / overall 3 dimensions
Training model 1/5
Training model 2/5
Training model 3/5
Training model 4/5
Training model 5/5
this is 2 dimension / overall 3 dimensions
Training model 1/5
Training model 2/5
Training model 3/5
Training model 4/5
Training model 5/5
this is 3 dimension / overall 3 dimensions
Training model 1/5
Training model 2/5
Training model 3/5
Training model 4/5
Training model 5/5
this is 22 times / overall 100 times (time step 21, t=0.21s)
this is 1 dimension / overall 3 dimensions
Training model 1/5
Training model 2/5
Training model 3/5
Training model 4/5
Training model 5/5
this is 2 dimension / overall 3 dimensions
Training model 1/5
Training model 2/5
Training model 3/5
Training model 4/5
Training model 5/5
this is 3 dimension / overall 3 dimensions
Training model 1/5
Training model 2/5
Training model 3/5
Training model 4/5
Training model 5/5
this is 23 times / overall 100 times (time step 22, t=0.22s)
this is 1 dimension / overall 3 dimensions
Training model 1/5
Training model 2/5
Training model 3/5
Training model 4/5
Training model 5/5
this is 2 dimension / overall 3 dimensions
Training model 1/5
Training model 2/5
Training model 3/5
Training model 4/5
Training model 5/5
this is 3 dimension / overall 3 dimensions
Training model 1/5
Training model 2/5
Training model 3/5
Training model 4/5
Training model 5/5
this is 24 times / overall 100 times (time step 23, t=0.23s)
this is 1 dimension / overall 3 dimensions
Training model 1/5
Training model 2/5
Training model 3/5
Training model 4/5
Training model 5/5
this is 2 dimension / overall 3 dimensions
Training model 1/5
Training model 2/5
Training model 3/5
Training model 4/5
Training model 5/5
this is 3 dimension / overall 3 dimensions
Training model 1/5
Training model 2/5
Training model 3/5
Training model 4/5
Training model 5/5
this is 25 times / overall 100 times (time step 24, t=0.24s)
this is 1 dimension / overall 3 dimensions
Training model 1/5
Training model 2/5
Training model 3/5
Training model 4/5
Training model 5/5
this is 2 dimension / overall 3 dimensions
Training model 1/5
Training model 2/5
Training model 3/5
Training model 4/5
Training model 5/5
this is 3 dimension / overall 3 dimensions
Training model 1/5
Training model 2/5
Training model 3/5
Training model 4/5
Training model 5/5
this is 26 times / overall 100 times (time step 25, t=0.25s)
this is 1 dimension / overall 3 dimensions
Training model 1/5
Training model 2/5
Training model 3/5
Training model 4/5
Training model 5/5
this is 2 dimension / overall 3 dimensions
Training model 1/5
Training model 2/5
Training model 3/5
Training model 4/5
Training model 5/5
this is 3 dimension / overall 3 dimensions
Training model 1/5
Training model 2/5
Training model 3/5
Training model 4/5
Training model 5/5
this is 27 times / overall 100 times (time step 26, t=0.26s)
this is 1 dimension / overall 3 dimensions
Training model 1/5
Training model 2/5
Training model 3/5
Training model 4/5
Training model 5/5
this is 2 dimension / overall 3 dimensions
Training model 1/5
Training model 2/5
Training model 3/5
Training model 4/5
Training model 5/5
this is 3 dimension / overall 3 dimensions
Training model 1/5
Training model 2/5
Training model 3/5
Training model 4/5
Training model 5/5
this is 28 times / overall 100 times (time step 27, t=0.27s)
this is 1 dimension / overall 3 dimensions
Training model 1/5
Training model 2/5
Training model 3/5
Training model 4/5
Training model 5/5
this is 2 dimension / overall 3 dimensions
Training model 1/5
Training model 2/5
Training model 3/5
Training model 4/5
Training model 5/5
this is 3 dimension / overall 3 dimensions
Training model 1/5
Training model 2/5
Training model 3/5
Training model 4/5
Training model 5/5
this is 29 times / overall 100 times (time step 28, t=0.28s)
this is 1 dimension / overall 3 dimensions
Training model 1/5
Training model 2/5
Training model 3/5
Training model 4/5
Training model 5/5
this is 2 dimension / overall 3 dimensions
Training model 1/5
Training model 2/5
Training model 3/5
Training model 4/5
Training model 5/5
this is 3 dimension / overall 3 dimensions
Training model 1/5
Training model 2/5
Training model 3/5
Training model 4/5
Training model 5/5
this is 30 times / overall 100 times (time step 29, t=0.29s)
this is 1 dimension / overall 3 dimensions
Training model 1/5
Training model 2/5
Training model 3/5
Training model 4/5
Training model 5/5
this is 2 dimension / overall 3 dimensions
Training model 1/5
Training model 2/5
Training model 3/5
Training model 4/5
Training model 5/5
this is 3 dimension / overall 3 dimensions
Training model 1/5
Training model 2/5
Training model 3/5
Training model 4/5
Training model 5/5
this is 31 times / overall 100 times (time step 30, t=0.30s)
this is 1 dimension / overall 3 dimensions
Training model 1/5
Training model 2/5
Training model 3/5
Training model 4/5
Training model 5/5
this is 2 dimension / overall 3 dimensions
Training model 1/5
Training model 2/5
Training model 3/5
Training model 4/5
Training model 5/5
this is 3 dimension / overall 3 dimensions
Training model 1/5
Training model 2/5
Training model 3/5
Training model 4/5
Training model 5/5
this is 32 times / overall 100 times (time step 31, t=0.31s)
this is 1 dimension / overall 3 dimensions
Training model 1/5
Training model 2/5
Training model 3/5
Training model 4/5
Training model 5/5
this is 2 dimension / overall 3 dimensions
Training model 1/5
Training model 2/5
Training model 3/5
Training model 4/5
Training model 5/5
this is 3 dimension / overall 3 dimensions
Training model 1/5
Training model 2/5
Training model 3/5
Training model 4/5
Training model 5/5
this is 33 times / overall 100 times (time step 32, t=0.32s)
this is 1 dimension / overall 3 dimensions
Training model 1/5
Training model 2/5
Training model 3/5
Training model 4/5
Training model 5/5
this is 2 dimension / overall 3 dimensions
Training model 1/5
Training model 2/5
Training model 3/5
Training model 4/5
Training model 5/5
this is 3 dimension / overall 3 dimensions
Training model 1/5
Training model 2/5
Training model 3/5
Training model 4/5
Training model 5/5
this is 34 times / overall 100 times (time step 33, t=0.33s)
this is 1 dimension / overall 3 dimensions
Training model 1/5
Training model 2/5
Training model 3/5
Training model 4/5
Training model 5/5
this is 2 dimension / overall 3 dimensions
Training model 1/5
Training model 2/5
Training model 3/5
Training model 4/5
Training model 5/5
this is 3 dimension / overall 3 dimensions
Training model 1/5
Training model 2/5
Training model 3/5
Training model 4/5
Training model 5/5
this is 35 times / overall 100 times (time step 34, t=0.34s)
this is 1 dimension / overall 3 dimensions
Training model 1/5
Training model 2/5
Training model 3/5
Training model 4/5
Training model 5/5
this is 2 dimension / overall 3 dimensions
Training model 1/5
Training model 2/5
Training model 3/5
Training model 4/5
Training model 5/5
this is 3 dimension / overall 3 dimensions
Training model 1/5
Training model 2/5
Training model 3/5
Training model 4/5
Training model 5/5
this is 36 times / overall 100 times (time step 35, t=0.35s)
this is 1 dimension / overall 3 dimensions
Training model 1/5
Training model 2/5
Training model 3/5
Training model 4/5
Training model 5/5
this is 2 dimension / overall 3 dimensions
Training model 1/5
Training model 2/5
Training model 3/5
Training model 4/5
Training model 5/5
this is 3 dimension / overall 3 dimensions
Training model 1/5
Training model 2/5
Training model 3/5
Training model 4/5
Training model 5/5
this is 37 times / overall 100 times (time step 36, t=0.36s)
this is 1 dimension / overall 3 dimensions
Training model 1/5
Training model 2/5
Training model 3/5
Training model 4/5
Training model 5/5
this is 2 dimension / overall 3 dimensions
Training model 1/5
Training model 2/5
Training model 3/5
Training model 4/5
Training model 5/5
this is 3 dimension / overall 3 dimensions
Training model 1/5
Training model 2/5
Training model 3/5
Training model 4/5
Training model 5/5
this is 38 times / overall 100 times (time step 37, t=0.37s)
this is 1 dimension / overall 3 dimensions
Training model 1/5
Training model 2/5
Training model 3/5
Training model 4/5
Training model 5/5
this is 2 dimension / overall 3 dimensions
Training model 1/5
Training model 2/5
Training model 3/5
Training model 4/5
Training model 5/5
this is 3 dimension / overall 3 dimensions
Training model 1/5
Training model 2/5
Training model 3/5
Training model 4/5
Training model 5/5
this is 39 times / overall 100 times (time step 38, t=0.38s)
this is 1 dimension / overall 3 dimensions
Training model 1/5
Training model 2/5
Training model 3/5
Training model 4/5
Training model 5/5
this is 2 dimension / overall 3 dimensions
Training model 1/5
Training model 2/5
Training model 3/5
Training model 4/5
Training model 5/5
this is 3 dimension / overall 3 dimensions
Training model 1/5
Training model 2/5
Training model 3/5
Training model 4/5
Training model 5/5
this is 40 times / overall 100 times (time step 39, t=0.39s)
this is 1 dimension / overall 3 dimensions
Training model 1/5
Training model 2/5
Training model 3/5
Training model 4/5
Training model 5/5
this is 2 dimension / overall 3 dimensions
Training model 1/5
Training model 2/5
Training model 3/5
Training model 4/5
Training model 5/5
this is 3 dimension / overall 3 dimensions
Training model 1/5
Training model 2/5
Training model 3/5
Training model 4/5
Training model 5/5
this is 41 times / overall 100 times (time step 40, t=0.40s)
this is 1 dimension / overall 3 dimensions
Training model 1/5
Training model 2/5
Training model 3/5
Training model 4/5
Training model 5/5
this is 2 dimension / overall 3 dimensions
Training model 1/5
Training model 2/5
Training model 3/5
Training model 4/5
Training model 5/5
this is 3 dimension / overall 3 dimensions
Training model 1/5
Training model 2/5
Training model 3/5
Training model 4/5
Training model 5/5
this is 42 times / overall 100 times (time step 41, t=0.41s)
this is 1 dimension / overall 3 dimensions
Training model 1/5
Training model 2/5
Training model 3/5
Training model 4/5
Training model 5/5
this is 2 dimension / overall 3 dimensions
Training model 1/5
Training model 2/5
Training model 3/5
Training model 4/5
Training model 5/5
this is 3 dimension / overall 3 dimensions
Training model 1/5
Training model 2/5
Training model 3/5
Training model 4/5
Training model 5/5
this is 43 times / overall 100 times (time step 42, t=0.42s)
this is 1 dimension / overall 3 dimensions
Training model 1/5
Training model 2/5
Training model 3/5
Training model 4/5
Training model 5/5
this is 2 dimension / overall 3 dimensions
Training model 1/5
Training model 2/5
Training model 3/5
Training model 4/5
Training model 5/5
this is 3 dimension / overall 3 dimensions
Training model 1/5
Training model 2/5
Training model 3/5
Training model 4/5
Training model 5/5
this is 44 times / overall 100 times (time step 43, t=0.43s)
this is 1 dimension / overall 3 dimensions
Training model 1/5
Training model 2/5
Training model 3/5
Training model 4/5
Training model 5/5
this is 2 dimension / overall 3 dimensions
Training model 1/5
Training model 2/5
Training model 3/5
Training model 4/5
Training model 5/5
this is 3 dimension / overall 3 dimensions
Training model 1/5
Training model 2/5
Training model 3/5
Training model 4/5
Training model 5/5
this is 45 times / overall 100 times (time step 44, t=0.44s)
this is 1 dimension / overall 3 dimensions
Training model 1/5
Training model 2/5
Training model 3/5
Training model 4/5
Training model 5/5
this is 2 dimension / overall 3 dimensions
Training model 1/5
Training model 2/5
Training model 3/5
Training model 4/5
Training model 5/5
this is 3 dimension / overall 3 dimensions
Training model 1/5
Training model 2/5
Training model 3/5
Training model 4/5
Training model 5/5
this is 46 times / overall 100 times (time step 45, t=0.45s)
this is 1 dimension / overall 3 dimensions
Training model 1/5
Training model 2/5
Training model 3/5
Training model 4/5
Training model 5/5
this is 2 dimension / overall 3 dimensions
Training model 1/5
Training model 2/5
Training model 3/5
Training model 4/5
Training model 5/5
this is 3 dimension / overall 3 dimensions
Training model 1/5
Training model 2/5
Training model 3/5
Training model 4/5
Training model 5/5
this is 47 times / overall 100 times (time step 46, t=0.46s)
this is 1 dimension / overall 3 dimensions
Training model 1/5
Training model 2/5
Training model 3/5
Training model 4/5
Training model 5/5
this is 2 dimension / overall 3 dimensions
Training model 1/5
Training model 2/5
Training model 3/5
Training model 4/5
Training model 5/5
this is 3 dimension / overall 3 dimensions
Training model 1/5
Training model 2/5
Training model 3/5
Training model 4/5
Training model 5/5
this is 48 times / overall 100 times (time step 47, t=0.47s)
this is 1 dimension / overall 3 dimensions
Training model 1/5
Training model 2/5
Training model 3/5
Training model 4/5
Training model 5/5
this is 2 dimension / overall 3 dimensions
Training model 1/5
Training model 2/5
Training model 3/5
Training model 4/5
Training model 5/5
this is 3 dimension / overall 3 dimensions
Training model 1/5
Training model 2/5
Training model 3/5
Training model 4/5
Training model 5/5
this is 49 times / overall 100 times (time step 48, t=0.48s)
this is 1 dimension / overall 3 dimensions
Training model 1/5
Training model 2/5
Training model 3/5
Training model 4/5
Training model 5/5
this is 2 dimension / overall 3 dimensions
Training model 1/5
Training model 2/5
Training model 3/5
Training model 4/5
Training model 5/5
this is 3 dimension / overall 3 dimensions
Training model 1/5
Training model 2/5
Training model 3/5
Training model 4/5
Training model 5/5
this is 50 times / overall 100 times (time step 49, t=0.49s)
this is 1 dimension / overall 3 dimensions
Training model 1/5
Training model 2/5
Training model 3/5
Training model 4/5
Training model 5/5
this is 2 dimension / overall 3 dimensions
Training model 1/5
Training model 2/5
Training model 3/5
Training model 4/5
Training model 5/5
this is 3 dimension / overall 3 dimensions
Training model 1/5
Training model 2/5
Training model 3/5
Training model 4/5
Training model 5/5
this is 51 times / overall 100 times (time step 50, t=0.51s)
this is 1 dimension / overall 3 dimensions
Training model 1/5
Training model 2/5
Training model 3/5
Training model 4/5
Training model 5/5
this is 2 dimension / overall 3 dimensions
Training model 1/5
Training model 2/5
Training model 3/5
Training model 4/5
Training model 5/5
this is 3 dimension / overall 3 dimensions
Training model 1/5
Training model 2/5
Training model 3/5
Training model 4/5
Training model 5/5
this is 52 times / overall 100 times (time step 52, t=0.52s)
this is 1 dimension / overall 3 dimensions
Training model 1/5
Training model 2/5
Training model 3/5
Training model 4/5
Training model 5/5
this is 2 dimension / overall 3 dimensions
Training model 1/5
Training model 2/5
Training model 3/5
Training model 4/5
Training model 5/5
this is 3 dimension / overall 3 dimensions
Training model 1/5
Training model 2/5
Training model 3/5
Training model 4/5
Training model 5/5
this is 53 times / overall 100 times (time step 53, t=0.53s)
this is 1 dimension / overall 3 dimensions
Training model 1/5
Training model 2/5
Training model 3/5
Training model 4/5
Training model 5/5
this is 2 dimension / overall 3 dimensions
Training model 1/5
Training model 2/5
Training model 3/5
Training model 4/5
Training model 5/5
this is 3 dimension / overall 3 dimensions
Training model 1/5
Training model 2/5
Training model 3/5
Training model 4/5
Training model 5/5
this is 54 times / overall 100 times (time step 54, t=0.54s)
this is 1 dimension / overall 3 dimensions
Training model 1/5
Training model 2/5
Training model 3/5
Training model 4/5
Training model 5/5
this is 2 dimension / overall 3 dimensions
Training model 1/5
Training model 2/5
Training model 3/5
Training model 4/5
Training model 5/5
this is 3 dimension / overall 3 dimensions
Training model 1/5
Training model 2/5
Training model 3/5
Training model 4/5
Training model 5/5
this is 55 times / overall 100 times (time step 55, t=0.55s)
this is 1 dimension / overall 3 dimensions
Training model 1/5
Training model 2/5
Training model 3/5
Training model 4/5
Training model 5/5
this is 2 dimension / overall 3 dimensions
Training model 1/5
Training model 2/5
Training model 3/5
Training model 4/5
Training model 5/5
this is 3 dimension / overall 3 dimensions
Training model 1/5
Training model 2/5
Training model 3/5
Training model 4/5
Training model 5/5
this is 56 times / overall 100 times (time step 56, t=0.56s)
this is 1 dimension / overall 3 dimensions
Training model 1/5
Training model 2/5
Training model 3/5
Training model 4/5
Training model 5/5
this is 2 dimension / overall 3 dimensions
Training model 1/5
Training model 2/5
Training model 3/5
Training model 4/5
Training model 5/5
this is 3 dimension / overall 3 dimensions
Training model 1/5
Training model 2/5
Training model 3/5
Training model 4/5
Training model 5/5
this is 57 times / overall 100 times (time step 57, t=0.57s)
this is 1 dimension / overall 3 dimensions
Training model 1/5
Training model 2/5
Training model 3/5
Training model 4/5
Training model 5/5
this is 2 dimension / overall 3 dimensions
Training model 1/5
Training model 2/5
Training model 3/5
Training model 4/5
Training model 5/5
this is 3 dimension / overall 3 dimensions
Training model 1/5
Training model 2/5
Training model 3/5
Training model 4/5
Training model 5/5
this is 58 times / overall 100 times (time step 58, t=0.58s)
this is 1 dimension / overall 3 dimensions
Training model 1/5
Training model 2/5
Training model 3/5
Training model 4/5
Training model 5/5
this is 2 dimension / overall 3 dimensions
Training model 1/5
Training model 2/5
Training model 3/5
Training model 4/5
Training model 5/5
this is 3 dimension / overall 3 dimensions
Training model 1/5
Training model 2/5
Training model 3/5
Training model 4/5
Training model 5/5
this is 59 times / overall 100 times (time step 59, t=0.59s)
this is 1 dimension / overall 3 dimensions
Training model 1/5
Training model 2/5
Training model 3/5
Training model 4/5
Training model 5/5
this is 2 dimension / overall 3 dimensions
Training model 1/5
Training model 2/5
Training model 3/5
Training model 4/5
Training model 5/5
this is 3 dimension / overall 3 dimensions
Training model 1/5
Training model 2/5
Training model 3/5
Training model 4/5
Training model 5/5
this is 60 times / overall 100 times (time step 60, t=0.60s)
this is 1 dimension / overall 3 dimensions
Training model 1/5
Training model 2/5
Training model 3/5
Training model 4/5
Training model 5/5
this is 2 dimension / overall 3 dimensions
Training model 1/5
Training model 2/5
Training model 3/5
Training model 4/5
Training model 5/5
this is 3 dimension / overall 3 dimensions
Training model 1/5
Training model 2/5
Training model 3/5
Training model 4/5
Training model 5/5
this is 61 times / overall 100 times (time step 61, t=0.61s)
this is 1 dimension / overall 3 dimensions
Training model 1/5
Training model 2/5
Training model 3/5
Training model 4/5
Training model 5/5
this is 2 dimension / overall 3 dimensions
Training model 1/5
Training model 2/5
Training model 3/5
Training model 4/5
Training model 5/5
this is 3 dimension / overall 3 dimensions
Training model 1/5
Training model 2/5
Training model 3/5
Training model 4/5
Training model 5/5
this is 62 times / overall 100 times (time step 62, t=0.62s)
this is 1 dimension / overall 3 dimensions
Training model 1/5
Training model 2/5
Training model 3/5
Training model 4/5
Training model 5/5
this is 2 dimension / overall 3 dimensions
Training model 1/5
Training model 2/5
Training model 3/5
Training model 4/5
Training model 5/5
this is 3 dimension / overall 3 dimensions
Training model 1/5
Training model 2/5
Training model 3/5
Training model 4/5
Training model 5/5
this is 63 times / overall 100 times (time step 63, t=0.63s)
this is 1 dimension / overall 3 dimensions
Training model 1/5
Training model 2/5
Training model 3/5
Training model 4/5
Training model 5/5
this is 2 dimension / overall 3 dimensions
Training model 1/5
Training model 2/5
Training model 3/5
Training model 4/5
Training model 5/5
this is 3 dimension / overall 3 dimensions
Training model 1/5
Training model 2/5
Training model 3/5
Training model 4/5
Training model 5/5
this is 64 times / overall 100 times (time step 64, t=0.64s)
this is 1 dimension / overall 3 dimensions
Training model 1/5
Training model 2/5
Training model 3/5
Training model 4/5
Training model 5/5
this is 2 dimension / overall 3 dimensions
Training model 1/5
Training model 2/5
Training model 3/5
Training model 4/5
Training model 5/5
this is 3 dimension / overall 3 dimensions
Training model 1/5
Training model 2/5
Training model 3/5
Training model 4/5
Training model 5/5
this is 65 times / overall 100 times (time step 65, t=0.65s)
this is 1 dimension / overall 3 dimensions
Training model 1/5
Training model 2/5
Training model 3/5
Training model 4/5
Training model 5/5
this is 2 dimension / overall 3 dimensions
Training model 1/5
Training model 2/5
Training model 3/5
Training model 4/5
Training model 5/5
this is 3 dimension / overall 3 dimensions
Training model 1/5
Training model 2/5
Training model 3/5
Training model 4/5
Training model 5/5
this is 66 times / overall 100 times (time step 66, t=0.66s)
this is 1 dimension / overall 3 dimensions
Training model 1/5
Training model 2/5
Training model 3/5
Training model 4/5
Training model 5/5
this is 2 dimension / overall 3 dimensions
Training model 1/5
Training model 2/5
Training model 3/5
Training model 4/5
Training model 5/5
this is 3 dimension / overall 3 dimensions
Training model 1/5
Training model 2/5
Training model 3/5
Training model 4/5
Training model 5/5
this is 67 times / overall 100 times (time step 67, t=0.67s)
this is 1 dimension / overall 3 dimensions
Training model 1/5
Training model 2/5
Training model 3/5
Training model 4/5
Training model 5/5
this is 2 dimension / overall 3 dimensions
Training model 1/5
Training model 2/5
Training model 3/5
Training model 4/5
Training model 5/5
this is 3 dimension / overall 3 dimensions
Training model 1/5
Training model 2/5
Training model 3/5
Training model 4/5
Training model 5/5
this is 68 times / overall 100 times (time step 68, t=0.68s)
this is 1 dimension / overall 3 dimensions
Training model 1/5
Training model 2/5
Training model 3/5
Training model 4/5
Training model 5/5
this is 2 dimension / overall 3 dimensions
Training model 1/5
Training model 2/5
Training model 3/5
Training model 4/5
Training model 5/5
this is 3 dimension / overall 3 dimensions
Training model 1/5
Training model 2/5
Training model 3/5
Training model 4/5
Training model 5/5
this is 69 times / overall 100 times (time step 69, t=0.69s)
this is 1 dimension / overall 3 dimensions
Training model 1/5
Training model 2/5
Training model 3/5
Training model 4/5
Training model 5/5
this is 2 dimension / overall 3 dimensions
Training model 1/5
Training model 2/5
Training model 3/5
Training model 4/5
Training model 5/5
this is 3 dimension / overall 3 dimensions
Training model 1/5
Training model 2/5
Training model 3/5
Training model 4/5
Training model 5/5
this is 70 times / overall 100 times (time step 70, t=0.70s)
this is 1 dimension / overall 3 dimensions
Training model 1/5
Training model 2/5
Training model 3/5
Training model 4/5
Training model 5/5
this is 2 dimension / overall 3 dimensions
Training model 1/5
Training model 2/5
Training model 3/5
Training model 4/5
Training model 5/5
this is 3 dimension / overall 3 dimensions
Training model 1/5
Training model 2/5
Training model 3/5
Training model 4/5
Training model 5/5
this is 71 times / overall 100 times (time step 71, t=0.71s)
this is 1 dimension / overall 3 dimensions
Training model 1/5
Training model 2/5
Training model 3/5
Training model 4/5
Training model 5/5
this is 2 dimension / overall 3 dimensions
Training model 1/5
Training model 2/5
Training model 3/5
Training model 4/5
Training model 5/5
this is 3 dimension / overall 3 dimensions
Training model 1/5
Training model 2/5
Training model 3/5
Training model 4/5
Training model 5/5
this is 72 times / overall 100 times (time step 72, t=0.72s)
this is 1 dimension / overall 3 dimensions
Training model 1/5
Training model 2/5
Training model 3/5
Training model 4/5
Training model 5/5
this is 2 dimension / overall 3 dimensions
Training model 1/5
Training model 2/5
Training model 3/5
Training model 4/5
Training model 5/5
this is 3 dimension / overall 3 dimensions
Training model 1/5
Training model 2/5
Training model 3/5
Training model 4/5
Training model 5/5
this is 73 times / overall 100 times (time step 73, t=0.73s)
this is 1 dimension / overall 3 dimensions
Training model 1/5
Training model 2/5
Training model 3/5
Training model 4/5
Training model 5/5
this is 2 dimension / overall 3 dimensions
Training model 1/5
Training model 2/5
Training model 3/5
Training model 4/5
Training model 5/5
this is 3 dimension / overall 3 dimensions
Training model 1/5
Training model 2/5
Training model 3/5
Training model 4/5
Training model 5/5
this is 74 times / overall 100 times (time step 74, t=0.74s)
this is 1 dimension / overall 3 dimensions
Training model 1/5
Training model 2/5
Training model 3/5
Training model 4/5
Training model 5/5
this is 2 dimension / overall 3 dimensions
Training model 1/5
Training model 2/5
Training model 3/5
Training model 4/5
Training model 5/5
this is 3 dimension / overall 3 dimensions
Training model 1/5
Training model 2/5
Training model 3/5
Training model 4/5
Training model 5/5
this is 75 times / overall 100 times (time step 75, t=0.75s)
this is 1 dimension / overall 3 dimensions
Training model 1/5
Training model 2/5
Training model 3/5
Training model 4/5
Training model 5/5
this is 2 dimension / overall 3 dimensions
Training model 1/5
Training model 2/5
Training model 3/5
Training model 4/5
Training model 5/5
this is 3 dimension / overall 3 dimensions
Training model 1/5
Training model 2/5
Training model 3/5
Training model 4/5
Training model 5/5
this is 76 times / overall 100 times (time step 76, t=0.76s)
this is 1 dimension / overall 3 dimensions
Training model 1/5
Training model 2/5
Training model 3/5
Training model 4/5
Training model 5/5
this is 2 dimension / overall 3 dimensions
Training model 1/5
Training model 2/5
Training model 3/5
Training model 4/5
Training model 5/5
this is 3 dimension / overall 3 dimensions
Training model 1/5
Training model 2/5
Training model 3/5
Training model 4/5
Training model 5/5
this is 77 times / overall 100 times (time step 77, t=0.77s)
this is 1 dimension / overall 3 dimensions
Training model 1/5
Training model 2/5
Training model 3/5
Training model 4/5
Training model 5/5
this is 2 dimension / overall 3 dimensions
Training model 1/5
Training model 2/5
Training model 3/5
Training model 4/5
Training model 5/5
this is 3 dimension / overall 3 dimensions
Training model 1/5
Training model 2/5
Training model 3/5
Training model 4/5
Training model 5/5
this is 78 times / overall 100 times (time step 78, t=0.78s)
this is 1 dimension / overall 3 dimensions
Training model 1/5
Training model 2/5
Training model 3/5
Training model 4/5
Training model 5/5
this is 2 dimension / overall 3 dimensions
Training model 1/5
Training model 2/5
Training model 3/5
Training model 4/5
Training model 5/5
this is 3 dimension / overall 3 dimensions
Training model 1/5
Training model 2/5
Training model 3/5
Training model 4/5
Training model 5/5
this is 79 times / overall 100 times (time step 79, t=0.79s)
this is 1 dimension / overall 3 dimensions
Training model 1/5
Training model 2/5
Training model 3/5
Training model 4/5
Training model 5/5
this is 2 dimension / overall 3 dimensions
Training model 1/5
Training model 2/5
Training model 3/5
Training model 4/5
Training model 5/5
this is 3 dimension / overall 3 dimensions
Training model 1/5
Training model 2/5
Training model 3/5
Training model 4/5
Training model 5/5
this is 80 times / overall 100 times (time step 80, t=0.80s)
this is 1 dimension / overall 3 dimensions
Training model 1/5
Training model 2/5
Training model 3/5
Training model 4/5
Training model 5/5
this is 2 dimension / overall 3 dimensions
Training model 1/5
Training model 2/5
Training model 3/5
Training model 4/5
Training model 5/5
this is 3 dimension / overall 3 dimensions
Training model 1/5
Training model 2/5
Training model 3/5
Training model 4/5
Training model 5/5
this is 81 times / overall 100 times (time step 81, t=0.81s)
this is 1 dimension / overall 3 dimensions
Training model 1/5
Training model 2/5
Training model 3/5
Training model 4/5
Training model 5/5
this is 2 dimension / overall 3 dimensions
Training model 1/5
Training model 2/5
Training model 3/5
Training model 4/5
Training model 5/5
this is 3 dimension / overall 3 dimensions
Training model 1/5
Training model 2/5
Training model 3/5
Training model 4/5
Training model 5/5
this is 82 times / overall 100 times (time step 82, t=0.82s)
this is 1 dimension / overall 3 dimensions
Training model 1/5
Training model 2/5
Training model 3/5
Training model 4/5
Training model 5/5
this is 2 dimension / overall 3 dimensions
Training model 1/5
Training model 2/5
Training model 3/5
Training model 4/5
Training model 5/5
this is 3 dimension / overall 3 dimensions
Training model 1/5
Training model 2/5
Training model 3/5
Training model 4/5
Training model 5/5
this is 83 times / overall 100 times (time step 83, t=0.83s)
this is 1 dimension / overall 3 dimensions
Training model 1/5
Training model 2/5
Training model 3/5
Training model 4/5
Training model 5/5
this is 2 dimension / overall 3 dimensions
Training model 1/5
Training model 2/5
Training model 3/5
Training model 4/5
Training model 5/5
this is 3 dimension / overall 3 dimensions
Training model 1/5
Training model 2/5
Training model 3/5
Training model 4/5
Training model 5/5
this is 84 times / overall 100 times (time step 84, t=0.84s)
this is 1 dimension / overall 3 dimensions
Training model 1/5
Training model 2/5
Training model 3/5
Training model 4/5
Training model 5/5
this is 2 dimension / overall 3 dimensions
Training model 1/5
Training model 2/5
Training model 3/5
Training model 4/5
Training model 5/5
this is 3 dimension / overall 3 dimensions
Training model 1/5
Training model 2/5
Training model 3/5
Training model 4/5
Training model 5/5
this is 85 times / overall 100 times (time step 85, t=0.85s)
this is 1 dimension / overall 3 dimensions
Training model 1/5
Training model 2/5
Training model 3/5
Training model 4/5
Training model 5/5
this is 2 dimension / overall 3 dimensions
Training model 1/5
Training model 2/5
Training model 3/5
Training model 4/5
Training model 5/5
this is 3 dimension / overall 3 dimensions
Training model 1/5
Training model 2/5
Training model 3/5
Training model 4/5
Training model 5/5
this is 86 times / overall 100 times (time step 86, t=0.86s)
this is 1 dimension / overall 3 dimensions
Training model 1/5
Training model 2/5
Training model 3/5
Training model 4/5
Training model 5/5
this is 2 dimension / overall 3 dimensions
Training model 1/5
Training model 2/5
Training model 3/5
Training model 4/5
Training model 5/5
this is 3 dimension / overall 3 dimensions
Training model 1/5
Training model 2/5
Training model 3/5
Training model 4/5
Training model 5/5
this is 87 times / overall 100 times (time step 87, t=0.87s)
this is 1 dimension / overall 3 dimensions
Training model 1/5
Training model 2/5
Training model 3/5
Training model 4/5
Training model 5/5
this is 2 dimension / overall 3 dimensions
Training model 1/5
Training model 2/5
Training model 3/5
Training model 4/5
Training model 5/5
this is 3 dimension / overall 3 dimensions
Training model 1/5
Training model 2/5
Training model 3/5
Training model 4/5
Training model 5/5
this is 88 times / overall 100 times (time step 88, t=0.88s)
this is 1 dimension / overall 3 dimensions
Training model 1/5
Training model 2/5
Training model 3/5
Training model 4/5
Training model 5/5
this is 2 dimension / overall 3 dimensions
Training model 1/5
Training model 2/5
Training model 3/5
Training model 4/5
Training model 5/5
this is 3 dimension / overall 3 dimensions
Training model 1/5
Training model 2/5
Training model 3/5
Training model 4/5
Training model 5/5
this is 89 times / overall 100 times (time step 89, t=0.89s)
this is 1 dimension / overall 3 dimensions
Training model 1/5
Training model 2/5
Training model 3/5
Training model 4/5
Training model 5/5
this is 2 dimension / overall 3 dimensions
Training model 1/5
Training model 2/5
Training model 3/5
Training model 4/5
Training model 5/5
this is 3 dimension / overall 3 dimensions
Training model 1/5
Training model 2/5
Training model 3/5
Training model 4/5
Training model 5/5
this is 90 times / overall 100 times (time step 90, t=0.90s)
this is 1 dimension / overall 3 dimensions
Training model 1/5
Training model 2/5
Training model 3/5
Training model 4/5
Training model 5/5
this is 2 dimension / overall 3 dimensions
Training model 1/5
Training model 2/5
Training model 3/5
Training model 4/5
Training model 5/5
this is 3 dimension / overall 3 dimensions
Training model 1/5
Training model 2/5
Training model 3/5
Training model 4/5
Training model 5/5
this is 91 times / overall 100 times (time step 91, t=0.91s)
this is 1 dimension / overall 3 dimensions
Training model 1/5
Training model 2/5
Training model 3/5
Training model 4/5
Training model 5/5
this is 2 dimension / overall 3 dimensions
Training model 1/5
Training model 2/5
Training model 3/5
Training model 4/5
Training model 5/5
this is 3 dimension / overall 3 dimensions
Training model 1/5
Training model 2/5
Training model 3/5
Training model 4/5
Training model 5/5
this is 92 times / overall 100 times (time step 92, t=0.92s)
this is 1 dimension / overall 3 dimensions
Training model 1/5
Training model 2/5
Training model 3/5
Training model 4/5
Training model 5/5
this is 2 dimension / overall 3 dimensions
Training model 1/5
Training model 2/5
Training model 3/5
Training model 4/5
Training model 5/5
this is 3 dimension / overall 3 dimensions
Training model 1/5
Training model 2/5
Training model 3/5
Training model 4/5
Training model 5/5
this is 93 times / overall 100 times (time step 93, t=0.93s)
this is 1 dimension / overall 3 dimensions
Training model 1/5
Training model 2/5
Training model 3/5
Training model 4/5
Training model 5/5
this is 2 dimension / overall 3 dimensions
Training model 1/5
Training model 2/5
Training model 3/5
Training model 4/5
Training model 5/5
this is 3 dimension / overall 3 dimensions
Training model 1/5
Training model 2/5
Training model 3/5
Training model 4/5
Training model 5/5
this is 94 times / overall 100 times (time step 94, t=0.94s)
this is 1 dimension / overall 3 dimensions
Training model 1/5
Training model 2/5
Training model 3/5
Training model 4/5
Training model 5/5
this is 2 dimension / overall 3 dimensions
Training model 1/5
Training model 2/5
Training model 3/5
Training model 4/5
Training model 5/5
this is 3 dimension / overall 3 dimensions
Training model 1/5
Training model 2/5
Training model 3/5
Training model 4/5
Training model 5/5
this is 95 times / overall 100 times (time step 95, t=0.95s)
this is 1 dimension / overall 3 dimensions
Training model 1/5
Training model 2/5
Training model 3/5
Training model 4/5
Training model 5/5
this is 2 dimension / overall 3 dimensions
Training model 1/5
Training model 2/5
Training model 3/5
Training model 4/5
Training model 5/5
this is 3 dimension / overall 3 dimensions
Training model 1/5
Training model 2/5
Training model 3/5
Training model 4/5
Training model 5/5
this is 96 times / overall 100 times (time step 96, t=0.96s)
this is 1 dimension / overall 3 dimensions
Training model 1/5
Training model 2/5
Training model 3/5
Training model 4/5
Training model 5/5
this is 2 dimension / overall 3 dimensions
Training model 1/5
Training model 2/5
Training model 3/5
Training model 4/5
Training model 5/5
this is 3 dimension / overall 3 dimensions
Training model 1/5
Training model 2/5
Training model 3/5
Training model 4/5
Training model 5/5
this is 97 times / overall 100 times (time step 97, t=0.97s)
this is 1 dimension / overall 3 dimensions
Training model 1/5
Training model 2/5
Training model 3/5
Training model 4/5
Training model 5/5
this is 2 dimension / overall 3 dimensions
Training model 1/5
Training model 2/5
Training model 3/5
Training model 4/5
Training model 5/5
this is 3 dimension / overall 3 dimensions
Training model 1/5
Training model 2/5
Training model 3/5
Training model 4/5
Training model 5/5
this is 98 times / overall 100 times (time step 98, t=0.98s)
this is 1 dimension / overall 3 dimensions
Training model 1/5
Training model 2/5
Training model 3/5
Training model 4/5
Training model 5/5
this is 2 dimension / overall 3 dimensions
Training model 1/5
Training model 2/5
Training model 3/5
Training model 4/5
Training model 5/5
this is 3 dimension / overall 3 dimensions
Training model 1/5
Training model 2/5
Training model 3/5
Training model 4/5
Training model 5/5
this is 99 times / overall 100 times (time step 99, t=0.99s)
this is 1 dimension / overall 3 dimensions
Training model 1/5
Training model 2/5
Training model 3/5
Training model 4/5
Training model 5/5
this is 2 dimension / overall 3 dimensions
Training model 1/5
Training model 2/5
Training model 3/5
Training model 4/5
Training model 5/5
this is 3 dimension / overall 3 dimensions
Training model 1/5
Training model 2/5
Training model 3/5
Training model 4/5
Training model 5/5
this is 100 times / overall 100 times (time step 100, t=1.00s)
this is 1 dimension / overall 3 dimensions
Training model 1/5
Training model 2/5
Training model 3/5
Training model 4/5
Training model 5/5
this is 2 dimension / overall 3 dimensions
Training model 1/5
Training model 2/5
Training model 3/5
Training model 4/5
Training model 5/5
this is 3 dimension / overall 3 dimensions
Training model 1/5
Training model 2/5
Training model 3/5
Training model 4/5
Training model 5/5

============================================================

[INFO] Testing ensemble predictions...

=== Ensemble Prediction Results ===
Processing 101 time points out of 1000 total
Time range: 0.00s to 10.00s
Time 0.00s, Dimension 1: 1.526820
Comparison with Ground Truth: 1.580523
Time 0.00s, Dimension 2: 1.106285
Comparison with Ground Truth: 1.122399
Time 0.00s, Dimension 3: 1.115532
Comparison with Ground Truth: 1.121249
Time 0.10s, Dimension 1: 1.568774
Comparison with Ground Truth: 1.570356
Time 0.10s, Dimension 2: 1.115472
Comparison with Ground Truth: 1.114039
Time 0.10s, Dimension 3: 1.104334
Comparison with Ground Truth: 1.122824
Time 0.20s, Dimension 1: 1.582634
Comparison with Ground Truth: 1.564159
Time 0.20s, Dimension 2: 1.101439
Comparison with Ground Truth: 1.119758
Time 0.20s, Dimension 3: 1.095832
Comparison with Ground Truth: 1.106615
Time 0.30s, Dimension 1: 1.559729
Comparison with Ground Truth: 1.582713
Time 0.30s, Dimension 2: 1.097813
Comparison with Ground Truth: 1.121190
Time 0.30s, Dimension 3: 1.086411
Comparison with Ground Truth: 1.122448
Time 0.40s, Dimension 1: 1.556936
Comparison with Ground Truth: 1.589690
Time 0.40s, Dimension 2: 1.090185
Comparison with Ground Truth: 1.128946
Time 0.40s, Dimension 3: 1.091191
Comparison with Ground Truth: 1.116906
Time 0.50s, Dimension 1: 1.551479
Comparison with Ground Truth: 1.593921
Time 0.50s, Dimension 2: 1.092149
Comparison with Ground Truth: 1.123679
Time 0.50s, Dimension 3: 1.097553
Comparison with Ground Truth: 1.117997
Time 0.60s, Dimension 1: 1.559005
Comparison with Ground Truth: 1.580559
Time 0.60s, Dimension 2: 1.093289
Comparison with Ground Truth: 1.119246
Time 0.60s, Dimension 3: 1.091499
Comparison with Ground Truth: 1.127080
Time 0.70s, Dimension 1: 1.561713
Comparison with Ground Truth: 1.585281
Time 0.70s, Dimension 2: 1.100363
Comparison with Ground Truth: 1.121086
Time 0.70s, Dimension 3: 1.091578
Comparison with Ground Truth: 1.116938
Time 0.80s, Dimension 1: 1.562888
Comparison with Ground Truth: 1.586840
Time 0.80s, Dimension 2: 1.097321
Comparison with Ground Truth: 1.112098
Time 0.80s, Dimension 3: 1.103053
Comparison with Ground Truth: 1.120324
Time 0.90s, Dimension 1: 1.561883
Comparison with Ground Truth: 1.573300
Time 0.90s, Dimension 2: 1.100149
Comparison with Ground Truth: 1.112070
Time 0.90s, Dimension 3: 1.093942
Comparison with Ground Truth: 1.116514
Time 1.00s, Dimension 1: 1.545226
Comparison with Ground Truth: 1.576135
Time 1.00s, Dimension 2: 1.083276
Comparison with Ground Truth: 1.126088
Time 1.00s, Dimension 3: 1.087123
Comparison with Ground Truth: 1.116389
Warning: Normalization parameters not found for dim1_t110
Warning: Normalization parameters not found for dim2_t110
Warning: Normalization parameters not found for dim3_t110
Warning: Normalization parameters not found for dim1_t120
Warning: Normalization parameters not found for dim2_t120
Warning: Normalization parameters not found for dim3_t120
Warning: Normalization parameters not found for dim1_t130
Warning: Normalization parameters not found for dim2_t130
Warning: Normalization parameters not found for dim3_t130
Warning: Normalization parameters not found for dim1_t140
Warning: Normalization parameters not found for dim2_t140
Warning: Normalization parameters not found for dim3_t140
Warning: Normalization parameters not found for dim1_t150
Warning: Normalization parameters not found for dim2_t150
Warning: Normalization parameters not found for dim3_t150
Warning: Normalization parameters not found for dim1_t160
Warning: Normalization parameters not found for dim2_t160
Warning: Normalization parameters not found for dim3_t160
Warning: Normalization parameters not found for dim1_t170
Warning: Normalization parameters not found for dim2_t170
Warning: Normalization parameters not found for dim3_t170
Warning: Normalization parameters not found for dim1_t180
Warning: Normalization parameters not found for dim2_t180
Warning: Normalization parameters not found for dim3_t180
Warning: Normalization parameters not found for dim1_t190
Warning: Normalization parameters not found for dim2_t190
Warning: Normalization parameters not found for dim3_t190
Warning: Normalization parameters not found for dim1_t200
Warning: Normalization parameters not found for dim2_t200
Warning: Normalization parameters not found for dim3_t200
Warning: Normalization parameters not found for dim1_t210
Warning: Normalization parameters not found for dim2_t210
Warning: Normalization parameters not found for dim3_t210
Warning: Normalization parameters not found for dim1_t220
Warning: Normalization parameters not found for dim2_t220
Warning: Normalization parameters not found for dim3_t220
Warning: Normalization parameters not found for dim1_t230
Warning: Normalization parameters not found for dim2_t230
Warning: Normalization parameters not found for dim3_t230
Warning: Normalization parameters not found for dim1_t240
Warning: Normalization parameters not found for dim2_t240
Warning: Normalization parameters not found for dim3_t240
Warning: Normalization parameters not found for dim1_t250
Warning: Normalization parameters not found for dim2_t250
Warning: Normalization parameters not found for dim3_t250
Warning: Normalization parameters not found for dim1_t260
Warning: Normalization parameters not found for dim2_t260
Warning: Normalization parameters not found for dim3_t260
Warning: Normalization parameters not found for dim1_t270
Warning: Normalization parameters not found for dim2_t270
Warning: Normalization parameters not found for dim3_t270
Warning: Normalization parameters not found for dim1_t280
Warning: Normalization parameters not found for dim2_t280
Warning: Normalization parameters not found for dim3_t280
Warning: Normalization parameters not found for dim1_t290
Warning: Normalization parameters not found for dim2_t290
Warning: Normalization parameters not found for dim3_t290
Warning: Normalization parameters not found for dim1_t300
Warning: Normalization parameters not found for dim2_t300
Warning: Normalization parameters not found for dim3_t300
Warning: Normalization parameters not found for dim1_t310
Warning: Normalization parameters not found for dim2_t310
Warning: Normalization parameters not found for dim3_t310
Warning: Normalization parameters not found for dim1_t320
Warning: Normalization parameters not found for dim2_t320
Warning: Normalization parameters not found for dim3_t320
Warning: Normalization parameters not found for dim1_t330
Warning: Normalization parameters not found for dim2_t330
Warning: Normalization parameters not found for dim3_t330
Warning: Normalization parameters not found for dim1_t340
Warning: Normalization parameters not found for dim2_t340
Warning: Normalization parameters not found for dim3_t340
Warning: Normalization parameters not found for dim1_t350
Warning: Normalization parameters not found for dim2_t350
Warning: Normalization parameters not found for dim3_t350
Warning: Normalization parameters not found for dim1_t360
Warning: Normalization parameters not found for dim2_t360
Warning: Normalization parameters not found for dim3_t360
Warning: Normalization parameters not found for dim1_t370
Warning: Normalization parameters not found for dim2_t370
Warning: Normalization parameters not found for dim3_t370
Warning: Normalization parameters not found for dim1_t380
Warning: Normalization parameters not found for dim2_t380
Warning: Normalization parameters not found for dim3_t380
Warning: Normalization parameters not found for dim1_t390
Warning: Normalization parameters not found for dim2_t390
Warning: Normalization parameters not found for dim3_t390
Warning: Normalization parameters not found for dim1_t400
Warning: Normalization parameters not found for dim2_t400
Warning: Normalization parameters not found for dim3_t400
Warning: Normalization parameters not found for dim1_t410
Warning: Normalization parameters not found for dim2_t410
Warning: Normalization parameters not found for dim3_t410
Warning: Normalization parameters not found for dim1_t420
Warning: Normalization parameters not found for dim2_t420
Warning: Normalization parameters not found for dim3_t420
Warning: Normalization parameters not found for dim1_t430
Warning: Normalization parameters not found for dim2_t430
Warning: Normalization parameters not found for dim3_t430
Warning: Normalization parameters not found for dim1_t440
Warning: Normalization parameters not found for dim2_t440
Warning: Normalization parameters not found for dim3_t440
Warning: Normalization parameters not found for dim1_t450
Warning: Normalization parameters not found for dim2_t450
Warning: Normalization parameters not found for dim3_t450
Warning: Normalization parameters not found for dim1_t460
Warning: Normalization parameters not found for dim2_t460
Warning: Normalization parameters not found for dim3_t460
Warning: Normalization parameters not found for dim1_t470
Warning: Normalization parameters not found for dim2_t470
Warning: Normalization parameters not found for dim3_t470
Warning: Normalization parameters not found for dim1_t480
Warning: Normalization parameters not found for dim2_t480
Warning: Normalization parameters not found for dim3_t480
Warning: Normalization parameters not found for dim1_t490
Warning: Normalization parameters not found for dim2_t490
Warning: Normalization parameters not found for dim3_t490
Warning: Normalization parameters not found for dim1_t500
Warning: Normalization parameters not found for dim2_t500
Warning: Normalization parameters not found for dim3_t500
Warning: Normalization parameters not found for dim1_t510
Warning: Normalization parameters not found for dim2_t510
Warning: Normalization parameters not found for dim3_t510
Warning: Normalization parameters not found for dim1_t520
Warning: Normalization parameters not found for dim2_t520
Warning: Normalization parameters not found for dim3_t520
Warning: Normalization parameters not found for dim1_t530
Warning: Normalization parameters not found for dim2_t530
Warning: Normalization parameters not found for dim3_t530
Warning: Normalization parameters not found for dim1_t540
Warning: Normalization parameters not found for dim2_t540
Warning: Normalization parameters not found for dim3_t540
Warning: Normalization parameters not found for dim1_t550
Warning: Normalization parameters not found for dim2_t550
Warning: Normalization parameters not found for dim3_t550
Warning: Normalization parameters not found for dim1_t560
Warning: Normalization parameters not found for dim2_t560
Warning: Normalization parameters not found for dim3_t560
Warning: Normalization parameters not found for dim1_t570
Warning: Normalization parameters not found for dim2_t570
Warning: Normalization parameters not found for dim3_t570
Warning: Normalization parameters not found for dim1_t580
Warning: Normalization parameters not found for dim2_t580
Warning: Normalization parameters not found for dim3_t580
Warning: Normalization parameters not found for dim1_t590
Warning: Normalization parameters not found for dim2_t590
Warning: Normalization parameters not found for dim3_t590
Warning: Normalization parameters not found for dim1_t600
Warning: Normalization parameters not found for dim2_t600
Warning: Normalization parameters not found for dim3_t600
Warning: Normalization parameters not found for dim1_t610
Warning: Normalization parameters not found for dim2_t610
Warning: Normalization parameters not found for dim3_t610
Warning: Normalization parameters not found for dim1_t620
Warning: Normalization parameters not found for dim2_t620
Warning: Normalization parameters not found for dim3_t620
Warning: Normalization parameters not found for dim1_t630
Warning: Normalization parameters not found for dim2_t630
Warning: Normalization parameters not found for dim3_t630
Warning: Normalization parameters not found for dim1_t640
Warning: Normalization parameters not found for dim2_t640
Warning: Normalization parameters not found for dim3_t640
Warning: Normalization parameters not found for dim1_t650
Warning: Normalization parameters not found for dim2_t650
Warning: Normalization parameters not found for dim3_t650
Warning: Normalization parameters not found for dim1_t660
Warning: Normalization parameters not found for dim2_t660
Warning: Normalization parameters not found for dim3_t660
Warning: Normalization parameters not found for dim1_t670
Warning: Normalization parameters not found for dim2_t670
Warning: Normalization parameters not found for dim3_t670
Warning: Normalization parameters not found for dim1_t680
Warning: Normalization parameters not found for dim2_t680
Warning: Normalization parameters not found for dim3_t680
Warning: Normalization parameters not found for dim1_t690
Warning: Normalization parameters not found for dim2_t690
Warning: Normalization parameters not found for dim3_t690
Warning: Normalization parameters not found for dim1_t700
Warning: Normalization parameters not found for dim2_t700
Warning: Normalization parameters not found for dim3_t700
Warning: Normalization parameters not found for dim1_t710
Warning: Normalization parameters not found for dim2_t710
Warning: Normalization parameters not found for dim3_t710
Warning: Normalization parameters not found for dim1_t720
Warning: Normalization parameters not found for dim2_t720
Warning: Normalization parameters not found for dim3_t720
Warning: Normalization parameters not found for dim1_t730
Warning: Normalization parameters not found for dim2_t730
Warning: Normalization parameters not found for dim3_t730
Warning: Normalization parameters not found for dim1_t740
Warning: Normalization parameters not found for dim2_t740
Warning: Normalization parameters not found for dim3_t740
Warning: Normalization parameters not found for dim1_t750
Warning: Normalization parameters not found for dim2_t750
Warning: Normalization parameters not found for dim3_t750
Warning: Normalization parameters not found for dim1_t760
Warning: Normalization parameters not found for dim2_t760
Warning: Normalization parameters not found for dim3_t760
Warning: Normalization parameters not found for dim1_t770
Warning: Normalization parameters not found for dim2_t770
Warning: Normalization parameters not found for dim3_t770
Warning: Normalization parameters not found for dim1_t780
Warning: Normalization parameters not found for dim2_t780
Warning: Normalization parameters not found for dim3_t780
Warning: Normalization parameters not found for dim1_t790
Warning: Normalization parameters not found for dim2_t790
Warning: Normalization parameters not found for dim3_t790
Warning: Normalization parameters not found for dim1_t800
Warning: Normalization parameters not found for dim2_t800
Warning: Normalization parameters not found for dim3_t800
Warning: Normalization parameters not found for dim1_t810
Warning: Normalization parameters not found for dim2_t810
Warning: Normalization parameters not found for dim3_t810
Warning: Normalization parameters not found for dim1_t820
Warning: Normalization parameters not found for dim2_t820
Warning: Normalization parameters not found for dim3_t820
Warning: Normalization parameters not found for dim1_t830
Warning: Normalization parameters not found for dim2_t830
Warning: Normalization parameters not found for dim3_t830
Warning: Normalization parameters not found for dim1_t840
Warning: Normalization parameters not found for dim2_t840
Warning: Normalization parameters not found for dim3_t840
Warning: Normalization parameters not found for dim1_t850
Warning: Normalization parameters not found for dim2_t850
Warning: Normalization parameters not found for dim3_t850
Warning: Normalization parameters not found for dim1_t860
Warning: Normalization parameters not found for dim2_t860
Warning: Normalization parameters not found for dim3_t860
Warning: Normalization parameters not found for dim1_t870
Warning: Normalization parameters not found for dim2_t870
Warning: Normalization parameters not found for dim3_t870
Warning: Normalization parameters not found for dim1_t880
Warning: Normalization parameters not found for dim2_t880
Warning: Normalization parameters not found for dim3_t880
Warning: Normalization parameters not found for dim1_t890
Warning: Normalization parameters not found for dim2_t890
Warning: Normalization parameters not found for dim3_t890
Warning: Normalization parameters not found for dim1_t900
Warning: Normalization parameters not found for dim2_t900
Warning: Normalization parameters not found for dim3_t900
Warning: Normalization parameters not found for dim1_t910
Warning: Normalization parameters not found for dim2_t910
Warning: Normalization parameters not found for dim3_t910
Warning: Normalization parameters not found for dim1_t920
Warning: Normalization parameters not found for dim2_t920
Warning: Normalization parameters not found for dim3_t920
Warning: Normalization parameters not found for dim1_t930
Warning: Normalization parameters not found for dim2_t930
Warning: Normalization parameters not found for dim3_t930
Warning: Normalization parameters not found for dim1_t940
Warning: Normalization parameters not found for dim2_t940
Warning: Normalization parameters not found for dim3_t940
Warning: Normalization parameters not found for dim1_t950
Warning: Normalization parameters not found for dim2_t950
Warning: Normalization parameters not found for dim3_t950
Warning: Normalization parameters not found for dim1_t960
Warning: Normalization parameters not found for dim2_t960
Warning: Normalization parameters not found for dim3_t960
Warning: Normalization parameters not found for dim1_t970
Warning: Normalization parameters not found for dim2_t970
Warning: Normalization parameters not found for dim3_t970
Warning: Normalization parameters not found for dim1_t980
Warning: Normalization parameters not found for dim2_t980
Warning: Normalization parameters not found for dim3_t980
Warning: Normalization parameters not found for dim1_t990
Warning: Normalization parameters not found for dim2_t990
Warning: Normalization parameters not found for dim3_t990
Warning: Normalization parameters not found for dim1_t999
Warning: Normalization parameters not found for dim2_t999
Warning: Normalization parameters not found for dim3_t999

Expected values should be close to original
Ensemble method should provide more accurate results!
[SUCCESS] Ensemble prediction completed.
============================================================
[SUCCESS] training process finished.

============================================================
[INFO] Creating plots and visualizations...
============================================================
[INFO] Looking for cases in: /home/xingjianxu/TurbulentFEX/src/Example/MC_triad/Results/Results/equipart
[INFO] Found case: case_15000 (sample size: 15000)
[INFO] Found case: case_10000 (sample size: 10000)
[INFO] Found case: case_5000 (sample size: 5000)
[INFO] Found case: case_1000 (sample size: 1000)
[INFO] Found case: case_20000 (sample size: 20000)
[INFO] Found case: case_40000 (sample size: 40000)
[INFO] Found case: case_30000 (sample size: 30000)
[INFO] Found 7 cases: ('case_1000', 'case_5000', 'case_10000', 'case_15000', 'case_20000', 'case_30000', 'case_40000')
[INFO] Loading data from case_1000...
  - Ground truth shape: (1000, 3)
  - Predicted shape: (101, 3)
  - Time points: 101
[INFO] Loading data from case_5000...
  - Ground truth shape: (1000, 3)
  - Predicted shape: (101, 3)
  - Time points: 101
[INFO] Loading data from case_10000...
  - Ground truth shape: (1000, 3)
  - Predicted shape: (101, 3)
  - Time points: 101
[INFO] Loading data from case_15000...
  - Ground truth shape: (1000, 3)
  - Predicted shape: (101, 3)
  - Time points: 101
[INFO] Loading data from case_20000...
  - Ground truth shape: (1000, 3)
  - Predicted shape: (101, 3)
  - Time points: 101
[WARNING] Missing residual data in case_30000
  - Missing: /home/xingjianxu/TurbulentFEX/src/Example/MC_triad/Results/Results/equipart/case_30000/residual_cov_pred.npy
[WARNING] Missing residual data in case_40000
  - Missing: /home/xingjianxu/TurbulentFEX/src/Example/MC_triad/Results/Results/equipart/case_40000/residual_cov_pred.npy

[INFO] Creating plots with 5 datasets: ['Sample Size 1000', 'Sample Size 5000', 'Sample Size 10000', 'Sample Size 15000', 'Sample Size 20000']

[INFO] Creating multiple dataset comparison plots...
Multiple residual covariance plot saved to /home/xingjianxu/TurbulentFEX/src/Example/MC_triad/Results/Results/equipart/case_20000/plots/multiple_residual_covariance.pdf
Multiple log10 error plot saved to /home/xingjianxu/TurbulentFEX/src/Example/MC_triad/Results/Results/equipart/case_20000/plots/multiple_log10_error.pdf

[INFO] Creating individual comparison plots...
[INFO] Creating plots for Sample Size 1000...
Plot saved to /home/xingjianxu/TurbulentFEX/src/Example/MC_triad/Results/Results/equipart/case_20000/plots/dataset_1_Sample_Size_1000/residual_covariance_comparison.pdf
===== JOB FINISHED =====
Fri Jul  4 01:48:45 AM EDT 2025
