===== SLURM JOB STARTED =====
Date      = Thu Jul  3 10:11:44 PM EDT 2025
Host      = c0603a-s8
Start Dir = /home/xingjianxu/TurbulentFEX/src/slurm
Using cuda:0

============================================================

[INFO] Setting up the path...
[INFO] Right now we use hipergator workspace path.
[INFO] The save directory is /home/xingjianxu/TurbulentFEX/src/Example/MC_triad/Results/Results/equipart/case_15000
============================================================

============================================================
SECOND STAGE: STOCHASTIC OPTIONS
============================================================
1. Train everything in second stage
2. Skip to calculate the measurements
3. Skip all and plot the results
============================================================

[INFO] Training everything in second stage...
SAMPLE size for each time step is 15000
Time step: 1
Time step: 2
Time step: 3
Time step: 4
Time step: 5
Time step: 6
Time step: 7
Time step: 8
Time step: 9
Time step: 10
MC iter = 10: E_true = 1.3830, E_dyn = 1.3824
Time step: 11
Time step: 12
Time step: 13
Time step: 14
Time step: 15
Time step: 16
Time step: 17
Time step: 18
Time step: 19
Time step: 20
MC iter = 20: E_true = 1.5913, E_dyn = 1.5882
Time step: 21
Time step: 22
Time step: 23
Time step: 24
Time step: 25
Time step: 26
Time step: 27
Time step: 28
Time step: 29
Time step: 30
MC iter = 30: E_true = 1.8072, E_dyn = 1.7901
Time step: 31
Time step: 32
Time step: 33
Time step: 34
Time step: 35
Time step: 36
Time step: 37
Time step: 38
Time step: 39
Time step: 40
MC iter = 40: E_true = 2.0080, E_dyn = 1.9881
Time step: 41
Time step: 42
Time step: 43
Time step: 44
Time step: 45
Time step: 46
Time step: 47
Time step: 48
Time step: 49
Time step: 50
MC iter = 50: E_true = 2.1959, E_dyn = 2.1820
Time step: 51
Time step: 52
Time step: 53
Time step: 54
Time step: 55
Time step: 56
Time step: 57
Time step: 58
Time step: 59
Time step: 60
MC iter = 60: E_true = 2.3788, E_dyn = 2.3724
Time step: 61
Time step: 62
Time step: 63
Time step: 64
Time step: 65
Time step: 66
Time step: 67
Time step: 68
Time step: 69
Time step: 70
MC iter = 70: E_true = 2.5762, E_dyn = 2.5584
Time step: 71
Time step: 72
Time step: 73
Time step: 74
Time step: 75
Time step: 76
Time step: 77
Time step: 78
Time step: 79
Time step: 80
MC iter = 80: E_true = 2.7547, E_dyn = 2.7399
Time step: 81
Time step: 82
Time step: 83
Time step: 84
Time step: 85
Time step: 86
Time step: 87
Time step: 88
Time step: 89
Time step: 90
MC iter = 90: E_true = 2.9287, E_dyn = 2.9167
Time step: 91
Time step: 92
Time step: 93
Time step: 94
Time step: 95
Time step: 96
Time step: 97
Time step: 98
Time step: 99
Time step: 100
MC iter = 100: E_true = 3.0949, E_dyn = 3.0884
Time step: 101
Time step: 102
Time step: 103
Time step: 104
Time step: 105
Time step: 106
Time step: 107
Time step: 108
Time step: 109
Time step: 110
MC iter = 110: E_true = 3.2549, E_dyn = 3.2544
Time step: 111
Time step: 112
Time step: 113
Time step: 114
Time step: 115
Time step: 116
Time step: 117
Time step: 118
Time step: 119
Time step: 120
MC iter = 120: E_true = 3.4138, E_dyn = 3.4141
Time step: 121
Time step: 122
Time step: 123
Time step: 124
Time step: 125
Time step: 126
Time step: 127
Time step: 128
Time step: 129
Time step: 130
MC iter = 130: E_true = 3.5588, E_dyn = 3.5676
Time step: 131
Time step: 132
Time step: 133
Time step: 134
Time step: 135
Time step: 136
Time step: 137
Time step: 138
Time step: 139
Time step: 140
MC iter = 140: E_true = 3.7188, E_dyn = 3.7150
Time step: 141
Time step: 142
Time step: 143
Time step: 144
Time step: 145
Time step: 146
Time step: 147
Time step: 148
Time step: 149
Time step: 150
MC iter = 150: E_true = 3.8735, E_dyn = 3.8567
Time step: 151
Time step: 152
Time step: 153
Time step: 154
Time step: 155
Time step: 156
Time step: 157
Time step: 158
Time step: 159
Time step: 160
MC iter = 160: E_true = 3.9905, E_dyn = 3.9940
Time step: 161
Time step: 162
Time step: 163
Time step: 164
Time step: 165
Time step: 166
Time step: 167
Time step: 168
Time step: 169
Time step: 170
MC iter = 170: E_true = 4.1145, E_dyn = 4.1280
Time step: 171
Time step: 172
Time step: 173
Time step: 174
Time step: 175
Time step: 176
Time step: 177
Time step: 178
Time step: 179
Time step: 180
MC iter = 180: E_true = 4.2397, E_dyn = 4.2589
Time step: 181
Time step: 182
Time step: 183
Time step: 184
Time step: 185
Time step: 186
Time step: 187
Time step: 188
Time step: 189
Time step: 190
MC iter = 190: E_true = 4.3828, E_dyn = 4.3872
Time step: 191
Time step: 192
Time step: 193
Time step: 194
Time step: 195
Time step: 196
Time step: 197
Time step: 198
Time step: 199
Time step: 200
MC iter = 200: E_true = 4.5204, E_dyn = 4.5133
Time step: 201
Time step: 202
Time step: 203
Time step: 204
Time step: 205
Time step: 206
Time step: 207
Time step: 208
Time step: 209
Time step: 210
MC iter = 210: E_true = 4.6337, E_dyn = 4.6377
Time step: 211
Time step: 212
Time step: 213
Time step: 214
Time step: 215
Time step: 216
Time step: 217
Time step: 218
Time step: 219
Time step: 220
MC iter = 220: E_true = 4.7565, E_dyn = 4.7608
Time step: 221
Time step: 222
Time step: 223
Time step: 224
Time step: 225
Time step: 226
Time step: 227
Time step: 228
Time step: 229
Time step: 230
MC iter = 230: E_true = 4.8563, E_dyn = 4.8827
Time step: 231
Time step: 232
Time step: 233
Time step: 234
Time step: 235
Time step: 236
Time step: 237
Time step: 238
Time step: 239
Time step: 240
MC iter = 240: E_true = 4.9647, E_dyn = 5.0029
Time step: 241
Time step: 242
Time step: 243
Time step: 244
Time step: 245
Time step: 246
Time step: 247
Time step: 248
Time step: 249
Time step: 250
MC iter = 250: E_true = 5.0928, E_dyn = 5.1209
Time step: 251
Time step: 252
Time step: 253
Time step: 254
Time step: 255
Time step: 256
Time step: 257
Time step: 258
Time step: 259
Time step: 260
MC iter = 260: E_true = 5.2056, E_dyn = 5.2358
Time step: 261
Time step: 262
Time step: 263
Time step: 264
Time step: 265
Time step: 266
Time step: 267
Time step: 268
Time step: 269
Time step: 270
MC iter = 270: E_true = 5.2982, E_dyn = 5.3476
Time step: 271
Time step: 272
Time step: 273
Time step: 274
Time step: 275
Time step: 276
Time step: 277
Time step: 278
Time step: 279
Time step: 280
MC iter = 280: E_true = 5.4074, E_dyn = 5.4559
Time step: 281
Time step: 282
Time step: 283
Time step: 284
Time step: 285
Time step: 286
Time step: 287
Time step: 288
Time step: 289
Time step: 290
MC iter = 290: E_true = 5.5125, E_dyn = 5.5601
Time step: 291
Time step: 292
Time step: 293
Time step: 294
Time step: 295
Time step: 296
Time step: 297
Time step: 298
Time step: 299
Time step: 300
MC iter = 300: E_true = 5.6024, E_dyn = 5.6600
Time step: 301
Time step: 302
Time step: 303
Time step: 304
Time step: 305
Time step: 306
Time step: 307
Time step: 308
Time step: 309
Time step: 310
MC iter = 310: E_true = 5.7039, E_dyn = 5.7559
Time step: 311
Time step: 312
Time step: 313
Time step: 314
Time step: 315
Time step: 316
Time step: 317
Time step: 318
Time step: 319
Time step: 320
MC iter = 320: E_true = 5.8020, E_dyn = 5.8472
Time step: 321
Time step: 322
Time step: 323
Time step: 324
Time step: 325
Time step: 326
Time step: 327
Time step: 328
Time step: 329
Time step: 330
MC iter = 330: E_true = 5.9008, E_dyn = 5.9351
Time step: 331
Time step: 332
Time step: 333
Time step: 334
Time step: 335
Time step: 336
Time step: 337
Time step: 338
Time step: 339
Time step: 340
MC iter = 340: E_true = 5.9768, E_dyn = 6.0205
Time step: 341
Time step: 342
Time step: 343
Time step: 344
Time step: 345
Time step: 346
Time step: 347
Time step: 348
Time step: 349
Time step: 350
MC iter = 350: E_true = 6.0708, E_dyn = 6.1037
Time step: 351
Time step: 352
Time step: 353
Time step: 354
Time step: 355
Time step: 356
Time step: 357
Time step: 358
Time step: 359
Time step: 360
MC iter = 360: E_true = 6.1423, E_dyn = 6.1854
Time step: 361
Time step: 362
Time step: 363
Time step: 364
Time step: 365
Time step: 366
Time step: 367
Time step: 368
Time step: 369
Time step: 370
MC iter = 370: E_true = 6.2182, E_dyn = 6.2662
Time step: 371
Time step: 372
Time step: 373
Time step: 374
Time step: 375
Time step: 376
Time step: 377
Time step: 378
Time step: 379
Time step: 380
MC iter = 380: E_true = 6.2955, E_dyn = 6.3461
Time step: 381
Time step: 382
Time step: 383
Time step: 384
Time step: 385
Time step: 386
Time step: 387
Time step: 388
Time step: 389
Time step: 390
MC iter = 390: E_true = 6.3796, E_dyn = 6.4253
Time step: 391
Time step: 392
Time step: 393
Time step: 394
Time step: 395
Time step: 396
Time step: 397
Time step: 398
Time step: 399
Time step: 400
MC iter = 400: E_true = 6.4741, E_dyn = 6.5033
Time step: 401
Time step: 402
Time step: 403
Time step: 404
Time step: 405
Time step: 406
Time step: 407
Time step: 408
Time step: 409
Time step: 410
MC iter = 410: E_true = 6.5436, E_dyn = 6.5803
Time step: 411
Time step: 412
Time step: 413
Time step: 414
Time step: 415
Time step: 416
Time step: 417
Time step: 418
Time step: 419
Time step: 420
MC iter = 420: E_true = 6.6076, E_dyn = 6.6568
Time step: 421
Time step: 422
Time step: 423
Time step: 424
Time step: 425
Time step: 426
Time step: 427
Time step: 428
Time step: 429
Time step: 430
MC iter = 430: E_true = 6.6909, E_dyn = 6.7313
Time step: 431
Time step: 432
Time step: 433
Time step: 434
Time step: 435
Time step: 436
Time step: 437
Time step: 438
Time step: 439
Time step: 440
MC iter = 440: E_true = 6.7762, E_dyn = 6.8037
Time step: 441
Time step: 442
Time step: 443
Time step: 444
Time step: 445
Time step: 446
Time step: 447
Time step: 448
Time step: 449
Time step: 450
MC iter = 450: E_true = 6.8082, E_dyn = 6.8734
Time step: 451
Time step: 452
Time step: 453
Time step: 454
Time step: 455
Time step: 456
Time step: 457
Time step: 458
Time step: 459
Time step: 460
MC iter = 460: E_true = 6.8880, E_dyn = 6.9408
Time step: 461
Time step: 462
Time step: 463
Time step: 464
Time step: 465
Time step: 466
Time step: 467
Time step: 468
Time step: 469
Time step: 470
MC iter = 470: E_true = 6.9788, E_dyn = 7.0044
Time step: 471
Time step: 472
Time step: 473
Time step: 474
Time step: 475
Time step: 476
Time step: 477
Time step: 478
Time step: 479
Time step: 480
MC iter = 480: E_true = 7.0301, E_dyn = 7.0647
Time step: 481
Time step: 482
Time step: 483
Time step: 484
Time step: 485
Time step: 486
Time step: 487
Time step: 488
Time step: 489
Time step: 490
MC iter = 490: E_true = 7.0794, E_dyn = 7.1227
Time step: 491
Time step: 492
Time step: 493
Time step: 494
Time step: 495
Time step: 496
Time step: 497
Time step: 498
Time step: 499
Time step: 500
MC iter = 500: E_true = 7.1469, E_dyn = 7.1782
Time step: 501
Time step: 502
Time step: 503
Time step: 504
Time step: 505
Time step: 506
Time step: 507
Time step: 508
Time step: 509
Time step: 510
MC iter = 510: E_true = 7.2115, E_dyn = 7.2315
Time step: 511
Time step: 512
Time step: 513
Time step: 514
Time step: 515
Time step: 516
Time step: 517
Time step: 518
Time step: 519
Time step: 520
MC iter = 520: E_true = 7.2722, E_dyn = 7.2832
Time step: 521
Time step: 522
Time step: 523
Time step: 524
Time step: 525
Time step: 526
Time step: 527
Time step: 528
Time step: 529
Time step: 530
MC iter = 530: E_true = 7.2981, E_dyn = 7.3352
Time step: 531
Time step: 532
Time step: 533
Time step: 534
Time step: 535
Time step: 536
Time step: 537
Time step: 538
Time step: 539
Time step: 540
MC iter = 540: E_true = 7.3600, E_dyn = 7.3871
Time step: 541
Time step: 542
Time step: 543
Time step: 544
Time step: 545
Time step: 546
Time step: 547
Time step: 548
Time step: 549
Time step: 550
MC iter = 550: E_true = 7.4309, E_dyn = 7.4384
Time step: 551
Time step: 552
Time step: 553
Time step: 554
Time step: 555
Time step: 556
Time step: 557
Time step: 558
Time step: 559
Time step: 560
MC iter = 560: E_true = 7.5013, E_dyn = 7.4891
Time step: 561
Time step: 562
Time step: 563
Time step: 564
Time step: 565
Time step: 566
Time step: 567
Time step: 568
Time step: 569
Time step: 570
MC iter = 570: E_true = 7.5422, E_dyn = 7.5392
Time step: 571
Time step: 572
Time step: 573
Time step: 574
Time step: 575
Time step: 576
Time step: 577
Time step: 578
Time step: 579
Time step: 580
MC iter = 580: E_true = 7.6010, E_dyn = 7.5880
Time step: 581
Time step: 582
Time step: 583
Time step: 584
Time step: 585
Time step: 586
Time step: 587
Time step: 588
Time step: 589
Time step: 590
MC iter = 590: E_true = 7.6372, E_dyn = 7.6354
Time step: 591
Time step: 592
Time step: 593
Time step: 594
Time step: 595
Time step: 596
Time step: 597
Time step: 598
Time step: 599
Time step: 600
MC iter = 600: E_true = 7.6726, E_dyn = 7.6818
Time step: 601
Time step: 602
Time step: 603
Time step: 604
Time step: 605
Time step: 606
Time step: 607
Time step: 608
Time step: 609
Time step: 610
MC iter = 610: E_true = 7.6957, E_dyn = 7.7271
Time step: 611
Time step: 612
Time step: 613
Time step: 614
Time step: 615
Time step: 616
Time step: 617
Time step: 618
Time step: 619
Time step: 620
MC iter = 620: E_true = 7.7445, E_dyn = 7.7708
Time step: 621
Time step: 622
Time step: 623
Time step: 624
Time step: 625
Time step: 626
Time step: 627
Time step: 628
Time step: 629
Time step: 630
MC iter = 630: E_true = 7.7914, E_dyn = 7.8127
Time step: 631
Time step: 632
Time step: 633
Time step: 634
Time step: 635
Time step: 636
Time step: 637
Time step: 638
Time step: 639
Time step: 640
MC iter = 640: E_true = 7.8506, E_dyn = 7.8526
Time step: 641
Time step: 642
Time step: 643
Time step: 644
Time step: 645
Time step: 646
Time step: 647
Time step: 648
Time step: 649
Time step: 650
MC iter = 650: E_true = 7.8986, E_dyn = 7.8905
Time step: 651
Time step: 652
Time step: 653
Time step: 654
Time step: 655
Time step: 656
Time step: 657
Time step: 658
Time step: 659
Time step: 660
MC iter = 660: E_true = 7.9368, E_dyn = 7.9275
Time step: 661
Time step: 662
Time step: 663
Time step: 664
Time step: 665
Time step: 666
Time step: 667
Time step: 668
Time step: 669
Time step: 670
MC iter = 670: E_true = 7.9703, E_dyn = 7.9634
Time step: 671
Time step: 672
Time step: 673
Time step: 674
Time step: 675
Time step: 676
Time step: 677
Time step: 678
Time step: 679
Time step: 680
MC iter = 680: E_true = 7.9848, E_dyn = 7.9991
Time step: 681
Time step: 682
Time step: 683
Time step: 684
Time step: 685
Time step: 686
Time step: 687
Time step: 688
Time step: 689
Time step: 690
MC iter = 690: E_true = 8.0167, E_dyn = 8.0347
Time step: 691
Time step: 692
Time step: 693
Time step: 694
Time step: 695
Time step: 696
Time step: 697
Time step: 698
Time step: 699
Time step: 700
MC iter = 700: E_true = 8.0295, E_dyn = 8.0696
Time step: 701
Time step: 702
Time step: 703
Time step: 704
Time step: 705
Time step: 706
Time step: 707
Time step: 708
Time step: 709
Time step: 710
MC iter = 710: E_true = 8.0526, E_dyn = 8.1047
Time step: 711
Time step: 712
Time step: 713
Time step: 714
Time step: 715
Time step: 716
Time step: 717
Time step: 718
Time step: 719
Time step: 720
MC iter = 720: E_true = 8.0790, E_dyn = 8.1392
Time step: 721
Time step: 722
Time step: 723
Time step: 724
Time step: 725
Time step: 726
Time step: 727
Time step: 728
Time step: 729
Time step: 730
MC iter = 730: E_true = 8.1096, E_dyn = 8.1735
Time step: 731
Time step: 732
Time step: 733
Time step: 734
Time step: 735
Time step: 736
Time step: 737
Time step: 738
Time step: 739
Time step: 740
MC iter = 740: E_true = 8.1297, E_dyn = 8.2071
Time step: 741
Time step: 742
Time step: 743
Time step: 744
Time step: 745
Time step: 746
Time step: 747
Time step: 748
Time step: 749
Time step: 750
MC iter = 750: E_true = 8.1569, E_dyn = 8.2398
Time step: 751
Time step: 752
Time step: 753
Time step: 754
Time step: 755
Time step: 756
Time step: 757
Time step: 758
Time step: 759
Time step: 760
MC iter = 760: E_true = 8.1747, E_dyn = 8.2715
Time step: 761
Time step: 762
Time step: 763
Time step: 764
Time step: 765
Time step: 766
Time step: 767
Time step: 768
Time step: 769
Time step: 770
MC iter = 770: E_true = 8.1911, E_dyn = 8.3033
Time step: 771
Time step: 772
Time step: 773
Time step: 774
Time step: 775
Time step: 776
Time step: 777
Time step: 778
Time step: 779
Time step: 780
MC iter = 780: E_true = 8.2247, E_dyn = 8.3349
Time step: 781
Time step: 782
Time step: 783
Time step: 784
Time step: 785
Time step: 786
Time step: 787
Time step: 788
Time step: 789
Time step: 790
MC iter = 790: E_true = 8.2350, E_dyn = 8.3656
Time step: 791
Time step: 792
Time step: 793
Time step: 794
Time step: 795
Time step: 796
Time step: 797
Time step: 798
Time step: 799
Time step: 800
MC iter = 800: E_true = 8.2778, E_dyn = 8.3961
Time step: 801
Time step: 802
Time step: 803
Time step: 804
Time step: 805
Time step: 806
Time step: 807
Time step: 808
Time step: 809
Time step: 810
MC iter = 810: E_true = 8.3023, E_dyn = 8.4256
Time step: 811
Time step: 812
Time step: 813
Time step: 814
Time step: 815
Time step: 816
Time step: 817
Time step: 818
Time step: 819
Time step: 820
MC iter = 820: E_true = 8.3451, E_dyn = 8.4534
Time step: 821
Time step: 822
Time step: 823
Time step: 824
Time step: 825
Time step: 826
Time step: 827
Time step: 828
Time step: 829
Time step: 830
MC iter = 830: E_true = 8.3703, E_dyn = 8.4795
Time step: 831
Time step: 832
Time step: 833
Time step: 834
Time step: 835
Time step: 836
Time step: 837
Time step: 838
Time step: 839
Time step: 840
MC iter = 840: E_true = 8.4110, E_dyn = 8.5039
Time step: 841
Time step: 842
Time step: 843
Time step: 844
Time step: 845
Time step: 846
Time step: 847
Time step: 848
Time step: 849
Time step: 850
MC iter = 850: E_true = 8.4211, E_dyn = 8.5278
Time step: 851
Time step: 852
Time step: 853
Time step: 854
Time step: 855
Time step: 856
Time step: 857
Time step: 858
Time step: 859
Time step: 860
MC iter = 860: E_true = 8.4518, E_dyn = 8.5509
Time step: 861
Time step: 862
Time step: 863
Time step: 864
Time step: 865
Time step: 866
Time step: 867
Time step: 868
Time step: 869
Time step: 870
MC iter = 870: E_true = 8.4812, E_dyn = 8.5730
Time step: 871
Time step: 872
Time step: 873
Time step: 874
Time step: 875
Time step: 876
Time step: 877
Time step: 878
Time step: 879
Time step: 880
MC iter = 880: E_true = 8.5320, E_dyn = 8.5944
Time step: 881
Time step: 882
Time step: 883
Time step: 884
Time step: 885
Time step: 886
Time step: 887
Time step: 888
Time step: 889
Time step: 890
MC iter = 890: E_true = 8.5426, E_dyn = 8.6155
Time step: 891
Time step: 892
Time step: 893
Time step: 894
Time step: 895
Time step: 896
Time step: 897
Time step: 898
Time step: 899
Time step: 900
MC iter = 900: E_true = 8.5637, E_dyn = 8.6372
Time step: 901
Time step: 902
Time step: 903
Time step: 904
Time step: 905
Time step: 906
Time step: 907
Time step: 908
Time step: 909
Time step: 910
MC iter = 910: E_true = 8.5888, E_dyn = 8.6588
Time step: 911
Time step: 912
Time step: 913
Time step: 914
Time step: 915
Time step: 916
Time step: 917
Time step: 918
Time step: 919
Time step: 920
MC iter = 920: E_true = 8.5951, E_dyn = 8.6799
Time step: 921
Time step: 922
Time step: 923
Time step: 924
Time step: 925
Time step: 926
Time step: 927
Time step: 928
Time step: 929
Time step: 930
MC iter = 930: E_true = 8.6364, E_dyn = 8.6999
Time step: 931
Time step: 932
Time step: 933
Time step: 934
Time step: 935
Time step: 936
Time step: 937
Time step: 938
Time step: 939
Time step: 940
MC iter = 940: E_true = 8.6716, E_dyn = 8.7186
Time step: 941
Time step: 942
Time step: 943
Time step: 944
Time step: 945
Time step: 946
Time step: 947
Time step: 948
Time step: 949
Time step: 950
MC iter = 950: E_true = 8.6809, E_dyn = 8.7364
Time step: 951
Time step: 952
Time step: 953
Time step: 954
Time step: 955
Time step: 956
Time step: 957
Time step: 958
Time step: 959
Time step: 960
MC iter = 960: E_true = 8.6967, E_dyn = 8.7538
Time step: 961
Time step: 962
Time step: 963
Time step: 964
Time step: 965
Time step: 966
Time step: 967
Time step: 968
Time step: 969
Time step: 970
MC iter = 970: E_true = 8.7157, E_dyn = 8.7705
Time step: 971
Time step: 972
Time step: 973
Time step: 974
Time step: 975
Time step: 976
Time step: 977
Time step: 978
Time step: 979
Time step: 980
MC iter = 980: E_true = 8.7290, E_dyn = 8.7867
Time step: 981
Time step: 982
Time step: 983
Time step: 984
Time step: 985
Time step: 986
Time step: 987
Time step: 988
Time step: 989
Time step: 990
MC iter = 990: E_true = 8.7437, E_dyn = 8.8028
Time step: 991
Time step: 992
Time step: 993
Time step: 994
Time step: 995
Time step: 996
Time step: 997
Time step: 998
Time step: 999
Time step: 1000
MC iter = 1000: E_true = 8.7765, E_dyn = 8.8180
[SUCCESS] data generation process finished. Now you can train the following.
Processing time step 0/1000
Processing time step 100/1000
Processing time step 200/1000
Processing time step 300/1000
Processing time step 400/1000
Processing time step 500/1000
Processing time step 600/1000
Processing time step 700/1000
Processing time step 800/1000
Processing time step 900/1000
Time 0: 1.584905, 1.126852, 1.116346
Time 100: 1.573623, 1.109709, 1.120507
Time 200: 1.564298, 1.107360, 1.117567
Time 300: 1.574007, 1.110034, 1.113499
Time 400: 1.575995, 1.122046, 1.111664
Time 500: 1.580050, 1.114605, 1.113355
Time 600: 1.571293, 1.114486, 1.114386
Time 700: 1.571090, 1.128373, 1.124069
Time 800: 1.591517, 1.122126, 1.121806
Time 900: 1.591761, 1.114947, 1.121189
Residual covariance shape: (1000, 3)
First time step covariance: [1.58490482 1.12685156 1.11634579]
[INFO] the residual shape is (15000, 3, 1000),the state of dyamics is (15000, 3, 1000)
Processing 101 time points out of 1000 total
Time range: 0.00s to 10.00s
Scaler values: [20. 20. 20.]
Original residual std at t=0: [0.15849048 0.11268516 0.11163458]
Using train_size: 15000 out of total size: 15000
----------------------------------------------------------------------------------------------------
this is 1 times / overall 101 times (time step 0, t=0.00s)
1.584904822284105 1.1268515613675858 1.116345792025601
----------------------------------------------------------------------------------------------------
find index iteration: 0 15000
short indx is [[    0 13463  3833 ...  8869  7318  7747]
 [    1  3359 10435 ...   944 10034 10362]
 [    2  5863  2127 ... 10361  1718  5576]
 ...
 [14997 14518  8582 ...   518  7611  1215]
 [14998  9556  4309 ... 12669 10796 10305]
 [14999  1799 14693 ...  2337  3413  8625]]
Scaled residual std at t=0: [3.16980964 2.25370312 2.23269158]
start_idx is 0; end_idx is 15000
this is 0 times / overall 2000 times
this is 100 times / overall 2000 times
this is 200 times / overall 2000 times
this is 300 times / overall 2000 times
this is 400 times / overall 2000 times
this is 500 times / overall 2000 times
this is 600 times / overall 2000 times
this is 700 times / overall 2000 times
this is 800 times / overall 2000 times
this is 900 times / overall 2000 times
this is 1000 times / overall 2000 times
this is 1100 times / overall 2000 times
this is 1200 times / overall 2000 times
this is 1300 times / overall 2000 times
this is 1400 times / overall 2000 times
this is 1500 times / overall 2000 times
this is 1600 times / overall 2000 times
this is 1700 times / overall 2000 times
this is 1800 times / overall 2000 times
this is 1900 times / overall 2000 times
this is 1 times which has already done.
----------------------------------------------------------------------------------------------------
this is 2 times / overall 101 times (time step 10, t=0.10s)
1.5940696142034996 1.1097876654360967 1.130261978889237
----------------------------------------------------------------------------------------------------
find index iteration: 0 15000
short indx is [[    0  8538 13508 ... 13097 11440 10361]
 [    1  3075  7906 ...  7515  3833  9421]
 [    2  8732 11626 ...  9040  2632  5803]
 ...
 [14997  8075   496 ... 14390   352  9849]
 [14998  5357  8773 ... 13675  6899  4110]
 [14999  3388   347 ...  7613  6461  1952]]
Scaled residual std at t=10: [3.18813923 2.21957533 2.26052396]
start_idx is 0; end_idx is 15000
this is 0 times / overall 2000 times
this is 100 times / overall 2000 times
this is 200 times / overall 2000 times
this is 300 times / overall 2000 times
this is 400 times / overall 2000 times
this is 500 times / overall 2000 times
this is 600 times / overall 2000 times
this is 700 times / overall 2000 times
this is 800 times / overall 2000 times
this is 900 times / overall 2000 times
this is 1000 times / overall 2000 times
this is 1100 times / overall 2000 times
this is 1200 times / overall 2000 times
this is 1300 times / overall 2000 times
this is 1400 times / overall 2000 times
this is 1500 times / overall 2000 times
this is 1600 times / overall 2000 times
this is 1700 times / overall 2000 times
this is 1800 times / overall 2000 times
this is 1900 times / overall 2000 times
this is 2 times which has already done.
----------------------------------------------------------------------------------------------------
this is 3 times / overall 101 times (time step 20, t=0.20s)
1.5732789017243571 1.1176696262614805 1.1289580278627287
----------------------------------------------------------------------------------------------------
find index iteration: 0 15000
short indx is [[    0  6810  5628 ...  3233  1108    90]
 [    1  3696 12520 ...  3905 10559  8839]
 [    2  1142 12064 ...  6426  3191 14505]
 ...
 [14997  9541  9910 ...  4896   361  7695]
 [14998  7341 13865 ...  1793  8569 11010]
 [14999  1287 11453 ...  9679  5943 14526]]
Scaled residual std at t=20: [3.1465578  2.23533925 2.25791606]
start_idx is 0; end_idx is 15000
this is 0 times / overall 2000 times
this is 100 times / overall 2000 times
this is 200 times / overall 2000 times
this is 300 times / overall 2000 times
this is 400 times / overall 2000 times
this is 500 times / overall 2000 times
this is 600 times / overall 2000 times
this is 700 times / overall 2000 times
this is 800 times / overall 2000 times
this is 900 times / overall 2000 times
this is 1000 times / overall 2000 times
this is 1100 times / overall 2000 times
this is 1200 times / overall 2000 times
this is 1300 times / overall 2000 times
this is 1400 times / overall 2000 times
this is 1500 times / overall 2000 times
this is 1600 times / overall 2000 times
this is 1700 times / overall 2000 times
this is 1800 times / overall 2000 times
this is 1900 times / overall 2000 times
this is 3 times which has already done.
----------------------------------------------------------------------------------------------------
this is 4 times / overall 101 times (time step 30, t=0.30s)
1.5833570458822255 1.1129807650793528 1.1221343822971455
----------------------------------------------------------------------------------------------------
find index iteration: 0 15000
short indx is [[    0 14033 10002 ...  2625 12891  2965]
 [    1  2770  3953 ...  9434  8187  6380]
 [    2  5180 11761 ...  7369  1313 12587]
 ...
 [14997 14091  7341 ...  2982  5098  6552]
 [14998 12692 13826 ... 12745  6164 12282]
 [14999 11370  2540 ...  3189  1646  3524]]
Scaled residual std at t=30: [3.16671409 2.22596153 2.24426876]
start_idx is 0; end_idx is 15000
this is 0 times / overall 2000 times
this is 100 times / overall 2000 times
this is 200 times / overall 2000 times
this is 300 times / overall 2000 times
this is 400 times / overall 2000 times
this is 500 times / overall 2000 times
this is 600 times / overall 2000 times
this is 700 times / overall 2000 times
this is 800 times / overall 2000 times
this is 900 times / overall 2000 times
this is 1000 times / overall 2000 times
this is 1100 times / overall 2000 times
this is 1200 times / overall 2000 times
this is 1300 times / overall 2000 times
this is 1400 times / overall 2000 times
this is 1500 times / overall 2000 times
this is 1600 times / overall 2000 times
this is 1700 times / overall 2000 times
this is 1800 times / overall 2000 times
this is 1900 times / overall 2000 times
this is 4 times which has already done.
----------------------------------------------------------------------------------------------------
this is 5 times / overall 101 times (time step 40, t=0.40s)
1.5909844934093411 1.1169484338995774 1.1182995274818892
----------------------------------------------------------------------------------------------------
find index iteration: 0 15000
short indx is [[    0  3402 10325 ...  7930  9666  3152]
 [    1 10783  7244 ... 14695  6908 11933]
 [    2 13911  7569 ... 11545  4205  8803]
 ...
 [14997 13423   113 ...  5232  1497  9943]
 [14998  9013   512 ... 10066 11472  8902]
 [14999 13746 12604 ...  1407  9886 11890]]
Scaled residual std at t=40: [3.18196899 2.23389687 2.23659905]
start_idx is 0; end_idx is 15000
this is 0 times / overall 2000 times
this is 100 times / overall 2000 times
this is 200 times / overall 2000 times
this is 300 times / overall 2000 times
this is 400 times / overall 2000 times
this is 500 times / overall 2000 times
this is 600 times / overall 2000 times
this is 700 times / overall 2000 times
this is 800 times / overall 2000 times
this is 900 times / overall 2000 times
this is 1000 times / overall 2000 times
this is 1100 times / overall 2000 times
this is 1200 times / overall 2000 times
this is 1300 times / overall 2000 times
this is 1400 times / overall 2000 times
this is 1500 times / overall 2000 times
this is 1600 times / overall 2000 times
this is 1700 times / overall 2000 times
this is 1800 times / overall 2000 times
this is 1900 times / overall 2000 times
this is 5 times which has already done.
----------------------------------------------------------------------------------------------------
this is 6 times / overall 101 times (time step 50, t=0.50s)
1.5687723569518177 1.114894704231288 1.1202817468322352
----------------------------------------------------------------------------------------------------
find index iteration: 0 15000
short indx is [[    0 13841  2970 ...  8387  7744  5847]
 [    1 12249 10466 ...  9411 13215  4897]
 [    2  7663  9966 ... 10664 12899  3865]
 ...
 [14997 13652  9397 ...  5889  6066 14731]
 [14998  6870 12054 ...  5174  1546  5013]
 [14999  2332  8912 ...  7777  1210  1999]]
Scaled residual std at t=50: [3.13754471 2.22978941 2.24056349]
start_idx is 0; end_idx is 15000
this is 0 times / overall 2000 times
this is 100 times / overall 2000 times
this is 200 times / overall 2000 times
this is 300 times / overall 2000 times
this is 400 times / overall 2000 times
this is 500 times / overall 2000 times
this is 600 times / overall 2000 times
this is 700 times / overall 2000 times
this is 800 times / overall 2000 times
this is 900 times / overall 2000 times
this is 1000 times / overall 2000 times
this is 1100 times / overall 2000 times
this is 1200 times / overall 2000 times
this is 1300 times / overall 2000 times
this is 1400 times / overall 2000 times
this is 1500 times / overall 2000 times
this is 1600 times / overall 2000 times
this is 1700 times / overall 2000 times
this is 1800 times / overall 2000 times
this is 1900 times / overall 2000 times
this is 6 times which has already done.
----------------------------------------------------------------------------------------------------
this is 7 times / overall 101 times (time step 60, t=0.60s)
1.5855431281961252 1.1312845255377653 1.1100375586011997
----------------------------------------------------------------------------------------------------
find index iteration: 0 15000
short indx is [[    0  5536  8954 ...  5114  4162 12443]
 [    1   255  5988 ... 14701 13969   740]
 [    2  9836  6921 ... 12918  8427 11922]
 ...
 [14997 11089  1406 ... 14350  9922 13918]
 [14998 10362  9405 ... 12529  2662 11921]
 [14999  3093  2302 ...  4358  2075 13088]]
Scaled residual std at t=60: [3.17108626 2.26256905 2.22007512]
start_idx is 0; end_idx is 15000
this is 0 times / overall 2000 times
this is 100 times / overall 2000 times
this is 200 times / overall 2000 times
this is 300 times / overall 2000 times
this is 400 times / overall 2000 times
this is 500 times / overall 2000 times
this is 600 times / overall 2000 times
this is 700 times / overall 2000 times
this is 800 times / overall 2000 times
this is 900 times / overall 2000 times
this is 1000 times / overall 2000 times
this is 1100 times / overall 2000 times
this is 1200 times / overall 2000 times
this is 1300 times / overall 2000 times
this is 1400 times / overall 2000 times
this is 1500 times / overall 2000 times
this is 1600 times / overall 2000 times
this is 1700 times / overall 2000 times
this is 1800 times / overall 2000 times
this is 1900 times / overall 2000 times
this is 7 times which has already done.
----------------------------------------------------------------------------------------------------
this is 8 times / overall 101 times (time step 70, t=0.70s)
1.5696347045512662 1.114702995587118 1.1217887181495552
----------------------------------------------------------------------------------------------------
find index iteration: 0 15000
short indx is [[    0  6784  9821 ... 10556  5581  5259]
 [    1 13316   901 ... 11233  1048  4047]
 [    2  4970   378 ... 12982  2005 13883]
 ...
 [14997 10136  9390 ... 11162  1972 14428]
 [14998  4311 10594 ... 14672  8318  8085]
 [14999  2373  1172 ...  9382  2729  6262]]
Scaled residual std at t=70: [3.13926941 2.22940599 2.24357744]
start_idx is 0; end_idx is 15000
this is 0 times / overall 2000 times
this is 100 times / overall 2000 times
this is 200 times / overall 2000 times
this is 300 times / overall 2000 times
this is 400 times / overall 2000 times
this is 500 times / overall 2000 times
this is 600 times / overall 2000 times
this is 700 times / overall 2000 times
this is 800 times / overall 2000 times
this is 900 times / overall 2000 times
this is 1000 times / overall 2000 times
this is 1100 times / overall 2000 times
this is 1200 times / overall 2000 times
this is 1300 times / overall 2000 times
this is 1400 times / overall 2000 times
this is 1500 times / overall 2000 times
this is 1600 times / overall 2000 times
this is 1700 times / overall 2000 times
this is 1800 times / overall 2000 times
this is 1900 times / overall 2000 times
this is 8 times which has already done.
----------------------------------------------------------------------------------------------------
this is 9 times / overall 101 times (time step 80, t=0.80s)
1.5902693044241925 1.1244889064571868 1.1253818141676553
----------------------------------------------------------------------------------------------------
find index iteration: 0 15000
short indx is [[    0  8949   256 ... 13245  9566  2564]
 [    1  9538 13929 ...  6526   717  5339]
 [    2 13629  5971 ...  2126  3510  1591]
 ...
 [14997  6476 12111 ...  8340 11803  9462]
 [14998  5847  4964 ...  6939 10843 13219]
 [14999  1531   635 ...  3779  4809  2467]]
Scaled residual std at t=80: [3.18053861 2.24897781 2.25076363]
start_idx is 0; end_idx is 15000
this is 0 times / overall 2000 times
this is 100 times / overall 2000 times
this is 200 times / overall 2000 times
this is 300 times / overall 2000 times
this is 400 times / overall 2000 times
this is 500 times / overall 2000 times
this is 600 times / overall 2000 times
this is 700 times / overall 2000 times
this is 800 times / overall 2000 times
this is 900 times / overall 2000 times
this is 1000 times / overall 2000 times
this is 1100 times / overall 2000 times
this is 1200 times / overall 2000 times
this is 1300 times / overall 2000 times
this is 1400 times / overall 2000 times
this is 1500 times / overall 2000 times
this is 1600 times / overall 2000 times
this is 1700 times / overall 2000 times
this is 1800 times / overall 2000 times
this is 1900 times / overall 2000 times
this is 9 times which has already done.
----------------------------------------------------------------------------------------------------
this is 10 times / overall 101 times (time step 90, t=0.90s)
1.5965260532543772 1.107296026758781 1.1225626526630201
----------------------------------------------------------------------------------------------------
find index iteration: 0 15000
short indx is [[    0  8602 11541 ...  7368  8989  6682]
 [    1   341  4105 ... 13427  5963 12594]
 [    2  9505 11240 ... 10453 12861  2522]
 ...
 [14997  6878 10901 ...  8194 10064  3006]
 [14998 11863 10113 ...   386  4212  2297]
 [14999  9336 14350 ...  7713  5436  7719]]
Scaled residual std at t=90: [3.19305211 2.21459205 2.24512531]
start_idx is 0; end_idx is 15000
this is 0 times / overall 2000 times
this is 100 times / overall 2000 times
this is 200 times / overall 2000 times
this is 300 times / overall 2000 times
this is 400 times / overall 2000 times
this is 500 times / overall 2000 times
this is 600 times / overall 2000 times
this is 700 times / overall 2000 times
this is 800 times / overall 2000 times
this is 900 times / overall 2000 times
this is 1000 times / overall 2000 times
this is 1100 times / overall 2000 times
this is 1200 times / overall 2000 times
this is 1300 times / overall 2000 times
this is 1400 times / overall 2000 times
this is 1500 times / overall 2000 times
this is 1600 times / overall 2000 times
this is 1700 times / overall 2000 times
this is 1800 times / overall 2000 times
this is 1900 times / overall 2000 times
this is 10 times which has already done.
----------------------------------------------------------------------------------------------------
this is 11 times / overall 101 times (time step 100, t=1.00s)
1.573623164859015 1.1097090718841327 1.1205071479014768
----------------------------------------------------------------------------------------------------
find index iteration: 0 15000
short indx is [[    0  4441  4603 ... 14977 10328  4703]
 [    1  4388 13892 ... 13821  5309  1161]
 [    2  4619  1405 ...  9001  5627  8938]
 ...
 [14997  5097  7784 ... 10878  5470  2793]
 [14998  3786  2392 ...  2917  5867 10306]
 [14999  4030 14281 ...  9396  5570  7618]]
Scaled residual std at t=100: [3.14724633 2.21941814 2.2410143 ]
start_idx is 0; end_idx is 15000
this is 0 times / overall 2000 times
this is 100 times / overall 2000 times
this is 200 times / overall 2000 times
this is 300 times / overall 2000 times
this is 400 times / overall 2000 times
this is 500 times / overall 2000 times
this is 600 times / overall 2000 times
this is 700 times / overall 2000 times
this is 800 times / overall 2000 times
this is 900 times / overall 2000 times
this is 1000 times / overall 2000 times
this is 1100 times / overall 2000 times
this is 1200 times / overall 2000 times
this is 1300 times / overall 2000 times
this is 1400 times / overall 2000 times
this is 1500 times / overall 2000 times
this is 1600 times / overall 2000 times
this is 1700 times / overall 2000 times
this is 1800 times / overall 2000 times
this is 1900 times / overall 2000 times
this is 11 times which has already done.
----------------------------------------------------------------------------------------------------
this is 12 times / overall 101 times (time step 110, t=1.10s)
1.5797997219289677 1.1221444321338885 1.1133981715098324
----------------------------------------------------------------------------------------------------
find index iteration: 0 15000
short indx is [[    0  2773  6575 ... 11449 10338 12184]
 [    1    54  4388 ...  4354  4189  1827]
 [    2  8165 12272 ... 11370 10179 14762]
 ...
 [14997  3228 10643 ... 14768 10015 10497]
 [14998 12392  1518 ...   870  2433  2279]
 [14999 13300  6811 ...  5743  5770  9023]]
Scaled residual std at t=110: [3.15959944 2.24428886 2.22679634]
start_idx is 0; end_idx is 15000
this is 0 times / overall 2000 times
this is 100 times / overall 2000 times
this is 200 times / overall 2000 times
this is 300 times / overall 2000 times
this is 400 times / overall 2000 times
this is 500 times / overall 2000 times
this is 600 times / overall 2000 times
this is 700 times / overall 2000 times
this is 800 times / overall 2000 times
this is 900 times / overall 2000 times
this is 1000 times / overall 2000 times
this is 1100 times / overall 2000 times
this is 1200 times / overall 2000 times
this is 1300 times / overall 2000 times
this is 1400 times / overall 2000 times
this is 1500 times / overall 2000 times
this is 1600 times / overall 2000 times
this is 1700 times / overall 2000 times
this is 1800 times / overall 2000 times
this is 1900 times / overall 2000 times
this is 12 times which has already done.
----------------------------------------------------------------------------------------------------
this is 13 times / overall 101 times (time step 120, t=1.20s)
1.569490259377407 1.1117227836445673 1.123946091859685
----------------------------------------------------------------------------------------------------
find index iteration: 0 15000
short indx is [[    0 13479  6674 ...  3806 11550 12050]
 [    1  1526  4577 ... 14055 13726 14939]
 [    2  6106  7963 ...  3401  8106  2622]
 ...
 [14997 11682  8578 ...  8127 12637  9968]
 [14998  2624  9030 ...  9145  1668  4900]
 [14999  2558    26 ...  4194 12251  2762]]
Scaled residual std at t=120: [3.13898052 2.22344557 2.24789218]
start_idx is 0; end_idx is 15000
this is 0 times / overall 2000 times
this is 100 times / overall 2000 times
this is 200 times / overall 2000 times
this is 300 times / overall 2000 times
this is 400 times / overall 2000 times
this is 500 times / overall 2000 times
this is 600 times / overall 2000 times
this is 700 times / overall 2000 times
this is 800 times / overall 2000 times
this is 900 times / overall 2000 times
this is 1000 times / overall 2000 times
this is 1100 times / overall 2000 times
this is 1200 times / overall 2000 times
this is 1300 times / overall 2000 times
this is 1400 times / overall 2000 times
this is 1500 times / overall 2000 times
this is 1600 times / overall 2000 times
this is 1700 times / overall 2000 times
this is 1800 times / overall 2000 times
this is 1900 times / overall 2000 times
this is 13 times which has already done.
----------------------------------------------------------------------------------------------------
this is 14 times / overall 101 times (time step 130, t=1.30s)
1.580606695312709 1.1267108169039248 1.116842019324477
----------------------------------------------------------------------------------------------------
find index iteration: 0 15000
short indx is [[    0  5911   212 ...  2424  3865 12903]
 [    1 12294  6739 ...  4349    59   395]
 [    2  8178   992 ...  7375  6679  8905]
 ...
 [14997  7602  8000 ...  8146  9077  9305]
 [14998 10902  4789 ...  4242  4172   668]
 [14999   398  4286 ... 14555 12408   441]]
Scaled residual std at t=130: [3.16121339 2.25342163 2.23368404]
start_idx is 0; end_idx is 15000
this is 0 times / overall 2000 times
this is 100 times / overall 2000 times
this is 200 times / overall 2000 times
this is 300 times / overall 2000 times
this is 400 times / overall 2000 times
this is 500 times / overall 2000 times
this is 600 times / overall 2000 times
this is 700 times / overall 2000 times
this is 800 times / overall 2000 times
this is 900 times / overall 2000 times
this is 1000 times / overall 2000 times
this is 1100 times / overall 2000 times
this is 1200 times / overall 2000 times
this is 1300 times / overall 2000 times
this is 1400 times / overall 2000 times
this is 1500 times / overall 2000 times
this is 1600 times / overall 2000 times
this is 1700 times / overall 2000 times
this is 1800 times / overall 2000 times
this is 1900 times / overall 2000 times
this is 14 times which has already done.
----------------------------------------------------------------------------------------------------
this is 15 times / overall 101 times (time step 140, t=1.40s)
1.5773035646001443 1.1182885071314193 1.1118649385707764
----------------------------------------------------------------------------------------------------
find index iteration: 0 15000
short indx is [[    0  5917 11275 ... 14349  8063 12831]
 [    1  7563  8768 ...  9354 10122  4672]
 [    2  5406  7721 ...  7897  3306  3781]
 ...
 [14997  2106  9990 ...  6739   970  6167]
 [14998 10457  7765 ...  8517  7961  5071]
 [14999 14849 11215 ...  9296 13316  8235]]
Scaled residual std at t=140: [3.15460713 2.23657701 2.22372988]
start_idx is 0; end_idx is 15000
this is 0 times / overall 2000 times
this is 100 times / overall 2000 times
this is 200 times / overall 2000 times
this is 300 times / overall 2000 times
this is 400 times / overall 2000 times
this is 500 times / overall 2000 times
this is 600 times / overall 2000 times
this is 700 times / overall 2000 times
this is 800 times / overall 2000 times
this is 900 times / overall 2000 times
this is 1000 times / overall 2000 times
this is 1100 times / overall 2000 times
this is 1200 times / overall 2000 times
this is 1300 times / overall 2000 times
this is 1400 times / overall 2000 times
this is 1500 times / overall 2000 times
this is 1600 times / overall 2000 times
this is 1700 times / overall 2000 times
this is 1800 times / overall 2000 times
this is 1900 times / overall 2000 times
this is 15 times which has already done.
----------------------------------------------------------------------------------------------------
this is 16 times / overall 101 times (time step 150, t=1.50s)
1.58362205563775 1.1161451985141118 1.1263469056897077
----------------------------------------------------------------------------------------------------
find index iteration: 0 15000
short indx is [[    0  4354 12124 ...  7082  1734  1946]
 [    1 12343 13203 ... 10928  5608  9584]
 [    2 13168 12282 ...  8000  4743   549]
 ...
 [14997  1640  2643 ...  8922  4729  7381]
 [14998 13336  7742 ...  2793  3869  3185]
 [14999  7450  5483 ...  4753 12016  5860]]
Scaled residual std at t=150: [3.16724411 2.2322904  2.25269381]
start_idx is 0; end_idx is 15000
this is 0 times / overall 2000 times
this is 100 times / overall 2000 times
this is 200 times / overall 2000 times
this is 300 times / overall 2000 times
this is 400 times / overall 2000 times
this is 500 times / overall 2000 times
this is 600 times / overall 2000 times
this is 700 times / overall 2000 times
this is 800 times / overall 2000 times
this is 900 times / overall 2000 times
this is 1000 times / overall 2000 times
this is 1100 times / overall 2000 times
this is 1200 times / overall 2000 times
this is 1300 times / overall 2000 times
this is 1400 times / overall 2000 times
this is 1500 times / overall 2000 times
this is 1600 times / overall 2000 times
this is 1700 times / overall 2000 times
this is 1800 times / overall 2000 times
this is 1900 times / overall 2000 times
this is 16 times which has already done.
----------------------------------------------------------------------------------------------------
this is 17 times / overall 101 times (time step 160, t=1.60s)
1.590671550877293 1.11837635374228 1.1144483285536697
----------------------------------------------------------------------------------------------------
find index iteration: 0 15000
short indx is [[    0  8203   835 ...  1675 11735  8224]
 [    1  6222 14087 ...  3946  8169 13289]
 [    2 14628  8450 ... 10744 14727  1425]
 ...
 [14997   194  5884 ...  4633  7839 11574]
 [14998  3406 14377 ...  2423  3997 11408]
 [14999 11218  8670 ...  5616  4110  7347]]
Scaled residual std at t=160: [3.1813431  2.23675271 2.22889666]
start_idx is 0; end_idx is 15000
this is 0 times / overall 2000 times
this is 100 times / overall 2000 times
this is 200 times / overall 2000 times
this is 300 times / overall 2000 times
this is 400 times / overall 2000 times
this is 500 times / overall 2000 times
this is 600 times / overall 2000 times
this is 700 times / overall 2000 times
this is 800 times / overall 2000 times
this is 900 times / overall 2000 times
this is 1000 times / overall 2000 times
this is 1100 times / overall 2000 times
this is 1200 times / overall 2000 times
this is 1300 times / overall 2000 times
this is 1400 times / overall 2000 times
this is 1500 times / overall 2000 times
this is 1600 times / overall 2000 times
this is 1700 times / overall 2000 times
this is 1800 times / overall 2000 times
this is 1900 times / overall 2000 times
this is 17 times which has already done.
----------------------------------------------------------------------------------------------------
this is 18 times / overall 101 times (time step 170, t=1.70s)
1.5771838424606994 1.1259004329290625 1.1185604854102635
----------------------------------------------------------------------------------------------------
find index iteration: 0 15000
short indx is [[    0 14291  3867 ...  8656  7213  3172]
 [    1  4236  1710 ...  2970 12385  5886]
 [    2 14200  1880 ...  4108 14978  8588]
 ...
 [14997  4302  7957 ...  7779  1279  7525]
 [14998  4282 14981 ... 13834  2605  6967]
 [14999  9831 11471 ...  2169  6603 12726]]
Scaled residual std at t=170: [3.15436768 2.25180087 2.23712097]
start_idx is 0; end_idx is 15000
this is 0 times / overall 2000 times
this is 100 times / overall 2000 times
this is 200 times / overall 2000 times
this is 300 times / overall 2000 times
this is 400 times / overall 2000 times
this is 500 times / overall 2000 times
this is 600 times / overall 2000 times
this is 700 times / overall 2000 times
this is 800 times / overall 2000 times
this is 900 times / overall 2000 times
this is 1000 times / overall 2000 times
this is 1100 times / overall 2000 times
this is 1200 times / overall 2000 times
this is 1300 times / overall 2000 times
this is 1400 times / overall 2000 times
this is 1500 times / overall 2000 times
this is 1600 times / overall 2000 times
this is 1700 times / overall 2000 times
this is 1800 times / overall 2000 times
this is 1900 times / overall 2000 times
this is 18 times which has already done.
----------------------------------------------------------------------------------------------------
this is 19 times / overall 101 times (time step 180, t=1.80s)
1.597468689399385 1.123504315375457 1.1141695489739902
----------------------------------------------------------------------------------------------------
find index iteration: 0 15000
short indx is [[    0  4209 10114 ...  8519 14549 10605]
 [    1  7470  2314 ... 11234  4025 14018]
 [    2  4147  9772 ...  5692  3785 13665]
 ...
 [14997 14084  6151 ...  6344 11695   892]
 [14998   564   209 ...  5093  8027  1934]
 [14999  8660 12250 ...  4302  9958  9655]]
Scaled residual std at t=180: [3.19493738 2.24700863 2.2283391 ]
start_idx is 0; end_idx is 15000
this is 0 times / overall 2000 times
this is 100 times / overall 2000 times
this is 200 times / overall 2000 times
this is 300 times / overall 2000 times
this is 400 times / overall 2000 times
this is 500 times / overall 2000 times
this is 600 times / overall 2000 times
this is 700 times / overall 2000 times
this is 800 times / overall 2000 times
this is 900 times / overall 2000 times
this is 1000 times / overall 2000 times
this is 1100 times / overall 2000 times
this is 1200 times / overall 2000 times
this is 1300 times / overall 2000 times
this is 1400 times / overall 2000 times
this is 1500 times / overall 2000 times
this is 1600 times / overall 2000 times
this is 1700 times / overall 2000 times
this is 1800 times / overall 2000 times
this is 1900 times / overall 2000 times
this is 19 times which has already done.
----------------------------------------------------------------------------------------------------
this is 20 times / overall 101 times (time step 190, t=1.90s)
1.5861667414761107 1.1156699004441295 1.11812737131374
----------------------------------------------------------------------------------------------------
find index iteration: 0 15000
short indx is [[    0  3324 14694 ... 12025   227 12033]
 [    1 13107  8423 ...  3863  1310  3838]
 [    2  3916  8264 ... 12585 10556  1602]
 ...
 [14997  4412   104 ...  3214   628  6645]
 [14998  5457 14406 ...  1869  4747 10774]
 [14999 11746  7698 ...  4650  2494 12708]]
Scaled residual std at t=190: [3.17233348 2.2313398  2.23625474]
start_idx is 0; end_idx is 15000
this is 0 times / overall 2000 times
this is 100 times / overall 2000 times
this is 200 times / overall 2000 times
this is 300 times / overall 2000 times
this is 400 times / overall 2000 times
this is 500 times / overall 2000 times
this is 600 times / overall 2000 times
this is 700 times / overall 2000 times
this is 800 times / overall 2000 times
this is 900 times / overall 2000 times
this is 1000 times / overall 2000 times
this is 1100 times / overall 2000 times
this is 1200 times / overall 2000 times
this is 1300 times / overall 2000 times
this is 1400 times / overall 2000 times
this is 1500 times / overall 2000 times
this is 1600 times / overall 2000 times
this is 1700 times / overall 2000 times
this is 1800 times / overall 2000 times
this is 1900 times / overall 2000 times
this is 20 times which has already done.
----------------------------------------------------------------------------------------------------
this is 21 times / overall 101 times (time step 200, t=2.00s)
1.5642980826597357 1.1073600035765592 1.1175669349500088
----------------------------------------------------------------------------------------------------
find index iteration: 0 15000
short indx is [[    0 12530 13212 ... 11022  6611  7946]
 [    1  3908  9809 ...  6961  2962  5299]
 [    2  6419 13542 ...  4147  3965  2347]
 ...
 [14997  2590 14830 ...  2688  3254  9275]
 [14998 12278  1280 ... 13022  6669 11332]
 [14999 13095  5043 ...   395  8747  4415]]
Scaled residual std at t=200: [3.12859617 2.21472001 2.23513387]
start_idx is 0; end_idx is 15000
this is 0 times / overall 2000 times
this is 100 times / overall 2000 times
this is 200 times / overall 2000 times
this is 300 times / overall 2000 times
this is 400 times / overall 2000 times
this is 500 times / overall 2000 times
this is 600 times / overall 2000 times
this is 700 times / overall 2000 times
this is 800 times / overall 2000 times
this is 900 times / overall 2000 times
this is 1000 times / overall 2000 times
this is 1100 times / overall 2000 times
this is 1200 times / overall 2000 times
this is 1300 times / overall 2000 times
this is 1400 times / overall 2000 times
this is 1500 times / overall 2000 times
this is 1600 times / overall 2000 times
this is 1700 times / overall 2000 times
this is 1800 times / overall 2000 times
this is 1900 times / overall 2000 times
this is 21 times which has already done.
----------------------------------------------------------------------------------------------------
this is 22 times / overall 101 times (time step 210, t=2.10s)
1.5820147595768357 1.1245780011956314 1.1105085760737727
----------------------------------------------------------------------------------------------------
find index iteration: 0 15000
short indx is [[    0  8367 12655 ... 12988  1633  6051]
 [    1  6202 11971 ...   733  7830  5994]
 [    2  6955  7601 ...  9635 12374 13707]
 ...
 [14997 14830  1485 ... 12984   445  9834]
 [14998  6085  9473 ... 13479   165  3883]
 [14999  8291 12503 ... 12211 11083  2521]]
Scaled residual std at t=210: [3.16402952 2.249156   2.22101715]
start_idx is 0; end_idx is 15000
this is 0 times / overall 2000 times
this is 100 times / overall 2000 times
this is 200 times / overall 2000 times
this is 300 times / overall 2000 times
this is 400 times / overall 2000 times
this is 500 times / overall 2000 times
this is 600 times / overall 2000 times
this is 700 times / overall 2000 times
this is 800 times / overall 2000 times
this is 900 times / overall 2000 times
this is 1000 times / overall 2000 times
this is 1100 times / overall 2000 times
this is 1200 times / overall 2000 times
this is 1300 times / overall 2000 times
this is 1400 times / overall 2000 times
this is 1500 times / overall 2000 times
this is 1600 times / overall 2000 times
this is 1700 times / overall 2000 times
this is 1800 times / overall 2000 times
this is 1900 times / overall 2000 times
this is 22 times which has already done.
----------------------------------------------------------------------------------------------------
this is 23 times / overall 101 times (time step 220, t=2.20s)
1.5631200784769101 1.1292461888483039 1.125194494748813
----------------------------------------------------------------------------------------------------
find index iteration: 0 15000
short indx is [[    0 14984  1980 ...  5599 14822  2637]
 [    1  7260  6217 ...  7040 13996  6847]
 [    2 12931 12911 ...  9495 13397  3868]
 ...
 [14997 14499  2542 ...  9325 12404 11885]
 [14998  8175   938 ...  2846  6199  3920]
 [14999  6196   889 ...  2195 10737  6479]]
Scaled residual std at t=220: [3.12624016 2.25849238 2.25038899]
start_idx is 0; end_idx is 15000
this is 0 times / overall 2000 times
this is 100 times / overall 2000 times
this is 200 times / overall 2000 times
this is 300 times / overall 2000 times
this is 400 times / overall 2000 times
this is 500 times / overall 2000 times
this is 600 times / overall 2000 times
this is 700 times / overall 2000 times
this is 800 times / overall 2000 times
this is 900 times / overall 2000 times
this is 1000 times / overall 2000 times
this is 1100 times / overall 2000 times
this is 1200 times / overall 2000 times
this is 1300 times / overall 2000 times
this is 1400 times / overall 2000 times
this is 1500 times / overall 2000 times
this is 1600 times / overall 2000 times
this is 1700 times / overall 2000 times
this is 1800 times / overall 2000 times
this is 1900 times / overall 2000 times
this is 23 times which has already done.
----------------------------------------------------------------------------------------------------
this is 24 times / overall 101 times (time step 230, t=2.30s)
1.5726010444507137 1.1163217320310883 1.1151148772205226
----------------------------------------------------------------------------------------------------
find index iteration: 0 15000
short indx is [[    0  1980 10966 ...  5251 11004  6577]
 [    1  1725  3462 ... 10842   752  8329]
 [    2 11868  8867 ... 13926  4453  3371]
 ...
 [14997  1485 14830 ...  4043 14368  8937]
 [14998  2085  5498 ... 10189   601  2775]
 [14999  7276  3830 ...   973  2375  5961]]
Scaled residual std at t=230: [3.14520209 2.23264346 2.23022975]
start_idx is 0; end_idx is 15000
this is 0 times / overall 2000 times
this is 100 times / overall 2000 times
this is 200 times / overall 2000 times
this is 300 times / overall 2000 times
this is 400 times / overall 2000 times
this is 500 times / overall 2000 times
this is 600 times / overall 2000 times
this is 700 times / overall 2000 times
this is 800 times / overall 2000 times
this is 900 times / overall 2000 times
this is 1000 times / overall 2000 times
this is 1100 times / overall 2000 times
this is 1200 times / overall 2000 times
this is 1300 times / overall 2000 times
this is 1400 times / overall 2000 times
this is 1500 times / overall 2000 times
this is 1600 times / overall 2000 times
this is 1700 times / overall 2000 times
this is 1800 times / overall 2000 times
this is 1900 times / overall 2000 times
this is 24 times which has already done.
----------------------------------------------------------------------------------------------------
this is 25 times / overall 101 times (time step 240, t=2.40s)
1.592279581999199 1.122364327255791 1.1210485832694066
----------------------------------------------------------------------------------------------------
find index iteration: 0 15000
short indx is [[    0 10211  4837 ...  9787 13819 10185]
 [    1  6662   395 ...  8428  5802  5379]
 [    2  2825 13621 ... 13858  5519 14024]
 ...
 [14997 14666  8568 ...  7957 12443 13244]
 [14998  7662 14012 ... 10396  7690  7551]
 [14999  3974  7336 ...  7259  7136  4117]]
Scaled residual std at t=240: [3.18455916 2.24472865 2.24209717]
start_idx is 0; end_idx is 15000
this is 0 times / overall 2000 times
this is 100 times / overall 2000 times
this is 200 times / overall 2000 times
this is 300 times / overall 2000 times
this is 400 times / overall 2000 times
this is 500 times / overall 2000 times
this is 600 times / overall 2000 times
this is 700 times / overall 2000 times
this is 800 times / overall 2000 times
this is 900 times / overall 2000 times
this is 1000 times / overall 2000 times
this is 1100 times / overall 2000 times
this is 1200 times / overall 2000 times
this is 1300 times / overall 2000 times
this is 1400 times / overall 2000 times
this is 1500 times / overall 2000 times
this is 1600 times / overall 2000 times
this is 1700 times / overall 2000 times
this is 1800 times / overall 2000 times
this is 1900 times / overall 2000 times
this is 25 times which has already done.
----------------------------------------------------------------------------------------------------
this is 26 times / overall 101 times (time step 250, t=2.50s)
1.5532026573987996 1.1093875493505672 1.1154329813577262
----------------------------------------------------------------------------------------------------
find index iteration: 0 15000
short indx is [[    0  1980  6786 ...  2484 11421 13086]
 [    1  4688   425 ... 10390 13827  3078]
 [    2  8406  3922 ...  2034  2334 12282]
 ...
 [14997  7155  5807 ...  5946  7357  8941]
 [14998 12075  7809 ...  6780  2562  3901]
 [14999  2697  7839 ...  1964  9556 11069]]
Scaled residual std at t=250: [3.10640531 2.2187751  2.23086596]
start_idx is 0; end_idx is 15000
this is 0 times / overall 2000 times
this is 100 times / overall 2000 times
this is 200 times / overall 2000 times
this is 300 times / overall 2000 times
this is 400 times / overall 2000 times
this is 500 times / overall 2000 times
this is 600 times / overall 2000 times
this is 700 times / overall 2000 times
this is 800 times / overall 2000 times
this is 900 times / overall 2000 times
this is 1000 times / overall 2000 times
this is 1100 times / overall 2000 times
this is 1200 times / overall 2000 times
this is 1300 times / overall 2000 times
this is 1400 times / overall 2000 times
this is 1500 times / overall 2000 times
this is 1600 times / overall 2000 times
this is 1700 times / overall 2000 times
this is 1800 times / overall 2000 times
this is 1900 times / overall 2000 times
this is 26 times which has already done.
----------------------------------------------------------------------------------------------------
this is 27 times / overall 101 times (time step 260, t=2.60s)
1.582278662782259 1.1220838690072654 1.1159895025096331
----------------------------------------------------------------------------------------------------
find index iteration: 0 15000
short indx is [[    0   341  8900 ... 10405   557  2272]
 [    1  3688   374 ...  1658  6399  9261]
 [    2 10493 10545 ... 10660 10601  6902]
 ...
 [14997  3141  4585 ...  9405  8693  6528]
 [14998  7191 14865 ... 12569  7138  5750]
 [14999  7624  6728 ... 14027  1713 11897]]
Scaled residual std at t=260: [3.16455733 2.24416774 2.23197901]
start_idx is 0; end_idx is 15000
this is 0 times / overall 2000 times
this is 100 times / overall 2000 times
this is 200 times / overall 2000 times
this is 300 times / overall 2000 times
this is 400 times / overall 2000 times
this is 500 times / overall 2000 times
this is 600 times / overall 2000 times
this is 700 times / overall 2000 times
this is 800 times / overall 2000 times
this is 900 times / overall 2000 times
this is 1000 times / overall 2000 times
this is 1100 times / overall 2000 times
this is 1200 times / overall 2000 times
this is 1300 times / overall 2000 times
this is 1400 times / overall 2000 times
this is 1500 times / overall 2000 times
this is 1600 times / overall 2000 times
this is 1700 times / overall 2000 times
this is 1800 times / overall 2000 times
this is 1900 times / overall 2000 times
this is 27 times which has already done.
----------------------------------------------------------------------------------------------------
this is 28 times / overall 101 times (time step 270, t=2.70s)
1.5882994271250708 1.1333441577229357 1.1231760609870822
----------------------------------------------------------------------------------------------------
find index iteration: 0 15000
short indx is [[    0  8843   785 ...  3862  3577  6496]
 [    1 14393 12486 ...  8347  6833 11089]
 [    2  2219  5527 ...   772  6771  5285]
 ...
 [14997   882  2794 ...  5215 12479  6067]
 [14998 10076  7039 ...  9007 11377  6499]
 [14999 14222  9643 ...  5978  2289 13681]]
Scaled residual std at t=270: [3.17659885 2.26668832 2.24635212]
start_idx is 0; end_idx is 15000
this is 0 times / overall 2000 times
this is 100 times / overall 2000 times
this is 200 times / overall 2000 times
this is 300 times / overall 2000 times
this is 400 times / overall 2000 times
this is 500 times / overall 2000 times
this is 600 times / overall 2000 times
this is 700 times / overall 2000 times
this is 800 times / overall 2000 times
this is 900 times / overall 2000 times
this is 1000 times / overall 2000 times
this is 1100 times / overall 2000 times
this is 1200 times / overall 2000 times
this is 1300 times / overall 2000 times
this is 1400 times / overall 2000 times
this is 1500 times / overall 2000 times
this is 1600 times / overall 2000 times
this is 1700 times / overall 2000 times
this is 1800 times / overall 2000 times
this is 1900 times / overall 2000 times
this is 28 times which has already done.
----------------------------------------------------------------------------------------------------
this is 29 times / overall 101 times (time step 280, t=2.80s)
1.5778836685439368 1.1197939913012522 1.123327484397993
----------------------------------------------------------------------------------------------------
find index iteration: 0 15000
short indx is [[    0 11301  2131 ...  4985  4452  8106]
 [    1 13924 13093 ...  7193  5598 13136]
 [    2 10447  2970 ... 13770  4918 10450]
 ...
 [14997 10250 10984 ...  1048  1673  7800]
 [14998   843  1294 ...  8203  4201  9554]
 [14999  8582 12978 ...  7739  3416  8891]]
Scaled residual std at t=280: [3.15576734 2.23958798 2.24665497]
start_idx is 0; end_idx is 15000
this is 0 times / overall 2000 times
this is 100 times / overall 2000 times
this is 200 times / overall 2000 times
this is 300 times / overall 2000 times
this is 400 times / overall 2000 times
this is 500 times / overall 2000 times
this is 600 times / overall 2000 times
this is 700 times / overall 2000 times
this is 800 times / overall 2000 times
this is 900 times / overall 2000 times
this is 1000 times / overall 2000 times
this is 1100 times / overall 2000 times
this is 1200 times / overall 2000 times
this is 1300 times / overall 2000 times
this is 1400 times / overall 2000 times
this is 1500 times / overall 2000 times
this is 1600 times / overall 2000 times
this is 1700 times / overall 2000 times
this is 1800 times / overall 2000 times
this is 1900 times / overall 2000 times
this is 29 times which has already done.
----------------------------------------------------------------------------------------------------
this is 30 times / overall 101 times (time step 290, t=2.90s)
1.5683314999487157 1.1220666034578035 1.1115021031816248
----------------------------------------------------------------------------------------------------
find index iteration: 0 15000
short indx is [[    0  8569 10719 ...  6904   911 13787]
 [    1 14777  7693 ...  9638  4770  1531]
 [    2  1967  5897 ...  5287  3622  9250]
 ...
 [14997 12636  6226 ... 13717  5562 13107]
 [14998  8746   632 ...  5245  5970  3380]
 [14999 13720  9924 ...  6539 12930  3839]]
Scaled residual std at t=290: [3.136663   2.24413321 2.22300421]
start_idx is 0; end_idx is 15000
this is 0 times / overall 2000 times
this is 100 times / overall 2000 times
this is 200 times / overall 2000 times
this is 300 times / overall 2000 times
this is 400 times / overall 2000 times
this is 500 times / overall 2000 times
this is 600 times / overall 2000 times
this is 700 times / overall 2000 times
this is 800 times / overall 2000 times
this is 900 times / overall 2000 times
this is 1000 times / overall 2000 times
this is 1100 times / overall 2000 times
this is 1200 times / overall 2000 times
this is 1300 times / overall 2000 times
this is 1400 times / overall 2000 times
this is 1500 times / overall 2000 times
this is 1600 times / overall 2000 times
this is 1700 times / overall 2000 times
this is 1800 times / overall 2000 times
this is 1900 times / overall 2000 times
this is 30 times which has already done.
----------------------------------------------------------------------------------------------------
this is 31 times / overall 101 times (time step 300, t=3.00s)
1.5740065522422693 1.110033850793458 1.1134994452131481
----------------------------------------------------------------------------------------------------
find index iteration: 0 15000
short indx is [[    0 13194  9989 ...  2027 12355 14653]
 [    1   374   569 ...  4523  4575  7607]
 [    2  7578  8788 ... 10017 14076 10919]
 ...
 [14997 13773  8911 ... 14179  7189  7998]
 [14998 11527  6378 ...  3380  4185  6209]
 [14999  5714 10641 ... 12760  2976 10412]]
Scaled residual std at t=300: [3.1480131  2.2200677  2.22699889]
start_idx is 0; end_idx is 15000
this is 0 times / overall 2000 times
this is 100 times / overall 2000 times
this is 200 times / overall 2000 times
this is 300 times / overall 2000 times
this is 400 times / overall 2000 times
this is 500 times / overall 2000 times
this is 600 times / overall 2000 times
this is 700 times / overall 2000 times
this is 800 times / overall 2000 times
this is 900 times / overall 2000 times
this is 1000 times / overall 2000 times
this is 1100 times / overall 2000 times
this is 1200 times / overall 2000 times
this is 1300 times / overall 2000 times
this is 1400 times / overall 2000 times
this is 1500 times / overall 2000 times
this is 1600 times / overall 2000 times
this is 1700 times / overall 2000 times
this is 1800 times / overall 2000 times
this is 1900 times / overall 2000 times
this is 31 times which has already done.
----------------------------------------------------------------------------------------------------
this is 32 times / overall 101 times (time step 310, t=3.10s)
1.5692495689559331 1.1267186567998477 1.1162047814085783
----------------------------------------------------------------------------------------------------
find index iteration: 0 15000
short indx is [[    0  1497 10152 ... 10106    89  3183]
 [    1  6189  9697 ... 10746 14589  8761]
 [    2  6931  6882 ... 14985  1837  2328]
 ...
 [14997   344  5133 ...  6599 13647  2250]
 [14998  8021  2571 ... 14824  7555 13858]
 [14999 10995  9615 ...  4217  6514  8073]]
Scaled residual std at t=310: [3.13849914 2.25343731 2.23240956]
start_idx is 0; end_idx is 15000
this is 0 times / overall 2000 times
this is 100 times / overall 2000 times
this is 200 times / overall 2000 times
this is 300 times / overall 2000 times
this is 400 times / overall 2000 times
this is 500 times / overall 2000 times
this is 600 times / overall 2000 times
this is 700 times / overall 2000 times
this is 800 times / overall 2000 times
this is 900 times / overall 2000 times
this is 1000 times / overall 2000 times
this is 1100 times / overall 2000 times
this is 1200 times / overall 2000 times
this is 1300 times / overall 2000 times
this is 1400 times / overall 2000 times
this is 1500 times / overall 2000 times
this is 1600 times / overall 2000 times
this is 1700 times / overall 2000 times
this is 1800 times / overall 2000 times
this is 1900 times / overall 2000 times
this is 32 times which has already done.
----------------------------------------------------------------------------------------------------
this is 33 times / overall 101 times (time step 320, t=3.20s)
1.5862359271427078 1.1189748432678932 1.1142928902106357
----------------------------------------------------------------------------------------------------
find index iteration: 0 15000
short indx is [[    0  2541  1019 ...   564 12740  6510]
 [    1  6267  7281 ...  9782  3577  1261]
 [    2  4185  2093 ...   440   988  3814]
 ...
 [14997 13798 13230 ... 12067 12508  8547]
 [14998 12413  6445 ...  4394  1998 10653]
 [14999  8257  6148 ... 12978  8327 10598]]
Scaled residual std at t=320: [3.17247185 2.23794969 2.22858578]
start_idx is 0; end_idx is 15000
this is 0 times / overall 2000 times
this is 100 times / overall 2000 times
this is 200 times / overall 2000 times
this is 300 times / overall 2000 times
this is 400 times / overall 2000 times
this is 500 times / overall 2000 times
this is 600 times / overall 2000 times
this is 700 times / overall 2000 times
this is 800 times / overall 2000 times
this is 900 times / overall 2000 times
this is 1000 times / overall 2000 times
this is 1100 times / overall 2000 times
this is 1200 times / overall 2000 times
this is 1300 times / overall 2000 times
this is 1400 times / overall 2000 times
this is 1500 times / overall 2000 times
this is 1600 times / overall 2000 times
this is 1700 times / overall 2000 times
this is 1800 times / overall 2000 times
this is 1900 times / overall 2000 times
this is 33 times which has already done.
----------------------------------------------------------------------------------------------------
this is 34 times / overall 101 times (time step 330, t=3.30s)
1.5889726140003007 1.121084318899494 1.108633689373301
----------------------------------------------------------------------------------------------------
find index iteration: 0 15000
short indx is [[    0  1519  8511 ...  4774  6254  8997]
 [    1  6144  3388 ...  5282  7739  6319]
 [    2  4762  2420 ...  1531 13962    97]
 ...
 [14997  2877  2308 ... 14609  1175 14528]
 [14998 12214  1434 ...  4077 12783  9483]
 [14999 10034  3022 ...   897  3479  5760]]
Scaled residual std at t=330: [3.17794523 2.24216864 2.21726738]
start_idx is 0; end_idx is 15000
this is 0 times / overall 2000 times
this is 100 times / overall 2000 times
this is 200 times / overall 2000 times
this is 300 times / overall 2000 times
this is 400 times / overall 2000 times
this is 500 times / overall 2000 times
this is 600 times / overall 2000 times
this is 700 times / overall 2000 times
this is 800 times / overall 2000 times
this is 900 times / overall 2000 times
this is 1000 times / overall 2000 times
this is 1100 times / overall 2000 times
this is 1200 times / overall 2000 times
this is 1300 times / overall 2000 times
this is 1400 times / overall 2000 times
this is 1500 times / overall 2000 times
this is 1600 times / overall 2000 times
this is 1700 times / overall 2000 times
this is 1800 times / overall 2000 times
this is 1900 times / overall 2000 times
this is 34 times which has already done.
----------------------------------------------------------------------------------------------------
this is 35 times / overall 101 times (time step 340, t=3.40s)
1.5691632282892194 1.1296465090351913 1.1233402044385068
----------------------------------------------------------------------------------------------------
find index iteration: 0 15000
short indx is [[    0  3584  8511 ...  3563  8802  9078]
 [    1  6144  3462 ...  7843  5943  3917]
 [    2 13645  9886 ...  1052  8848  9645]
 ...
 [14997  8228  2308 ...   870 14920  9328]
 [14998  8010  5772 ...  2669  8173  8399]
 [14999  8796  1596 ...  1455  1558   750]]
Scaled residual std at t=340: [3.13832646 2.25929302 2.24668041]
start_idx is 0; end_idx is 15000
this is 0 times / overall 2000 times
this is 100 times / overall 2000 times
this is 200 times / overall 2000 times
this is 300 times / overall 2000 times
this is 400 times / overall 2000 times
this is 500 times / overall 2000 times
this is 600 times / overall 2000 times
this is 700 times / overall 2000 times
this is 800 times / overall 2000 times
this is 900 times / overall 2000 times
this is 1000 times / overall 2000 times
this is 1100 times / overall 2000 times
this is 1200 times / overall 2000 times
this is 1300 times / overall 2000 times
this is 1400 times / overall 2000 times
this is 1500 times / overall 2000 times
this is 1600 times / overall 2000 times
this is 1700 times / overall 2000 times
this is 1800 times / overall 2000 times
this is 1900 times / overall 2000 times
this is 35 times which has already done.
----------------------------------------------------------------------------------------------------
this is 36 times / overall 101 times (time step 350, t=3.50s)
1.5755292550337359 1.1210357904119101 1.1123066677090085
----------------------------------------------------------------------------------------------------
find index iteration: 0 15000
short indx is [[    0  1019   798 ...  5378 11226 11995]
 [    1  6144  4137 ... 14245   923  3847]
 [    2 13943 10850 ... 14397 10329 13801]
 ...
 [14997 11946  8392 ... 10881  7027 10215]
 [14998  5428  9271 ...   386  8451  7718]
 [14999  3100  8841 ... 10323 11025  4228]]
Scaled residual std at t=350: [3.15105851 2.24207158 2.22461334]
start_idx is 0; end_idx is 15000
this is 0 times / overall 2000 times
this is 100 times / overall 2000 times
this is 200 times / overall 2000 times
this is 300 times / overall 2000 times
this is 400 times / overall 2000 times
this is 500 times / overall 2000 times
this is 600 times / overall 2000 times
this is 700 times / overall 2000 times
this is 800 times / overall 2000 times
this is 900 times / overall 2000 times
this is 1000 times / overall 2000 times
this is 1100 times / overall 2000 times
this is 1200 times / overall 2000 times
this is 1300 times / overall 2000 times
this is 1400 times / overall 2000 times
this is 1500 times / overall 2000 times
this is 1600 times / overall 2000 times
this is 1700 times / overall 2000 times
this is 1800 times / overall 2000 times
this is 1900 times / overall 2000 times
this is 36 times which has already done.
----------------------------------------------------------------------------------------------------
this is 37 times / overall 101 times (time step 360, t=3.60s)
1.5654845053254867 1.1112914010244368 1.1058096448902017
----------------------------------------------------------------------------------------------------
find index iteration: 0 15000
short indx is [[    0  4502 13469 ...  3560  2660  8450]
 [    1  2403   782 ...  8308  6885  9545]
 [    2  1961  4829 ...  4144  1625  9299]
 ...
 [14997  6537 11228 ...  6674  9142  8799]
 [14998  2804  8287 ... 13834  4097  7968]
 [14999  5165 12518 ...  8392  4745  1784]]
Scaled residual std at t=360: [3.13096901 2.2225828  2.21161929]
start_idx is 0; end_idx is 15000
this is 0 times / overall 2000 times
this is 100 times / overall 2000 times
this is 200 times / overall 2000 times
this is 300 times / overall 2000 times
this is 400 times / overall 2000 times
this is 500 times / overall 2000 times
this is 600 times / overall 2000 times
this is 700 times / overall 2000 times
this is 800 times / overall 2000 times
this is 900 times / overall 2000 times
this is 1000 times / overall 2000 times
this is 1100 times / overall 2000 times
this is 1200 times / overall 2000 times
this is 1300 times / overall 2000 times
this is 1400 times / overall 2000 times
this is 1500 times / overall 2000 times
this is 1600 times / overall 2000 times
this is 1700 times / overall 2000 times
this is 1800 times / overall 2000 times
this is 1900 times / overall 2000 times
this is 37 times which has already done.
----------------------------------------------------------------------------------------------------
this is 38 times / overall 101 times (time step 370, t=3.70s)
1.5835432561986889 1.1100296186768022 1.1226966314496463
----------------------------------------------------------------------------------------------------
find index iteration: 0 15000
short indx is [[    0 13155  1135 ...  6611 12546 11696]
 [    1  4137  1125 ...  7430  2988 10784]
 [    2 14797  6760 ...  9395  6669 13007]
 ...
 [14997  6821 13107 ... 10472  5167 13260]
 [14998  4514  8287 ...  2386 12269  3352]
 [14999  3080  2547 ...  7709   657 10048]]
Scaled residual std at t=370: [3.16708651 2.22005924 2.24539326]
start_idx is 0; end_idx is 15000
this is 0 times / overall 2000 times
this is 100 times / overall 2000 times
this is 200 times / overall 2000 times
this is 300 times / overall 2000 times
this is 400 times / overall 2000 times
this is 500 times / overall 2000 times
this is 600 times / overall 2000 times
this is 700 times / overall 2000 times
this is 800 times / overall 2000 times
this is 900 times / overall 2000 times
this is 1000 times / overall 2000 times
this is 1100 times / overall 2000 times
this is 1200 times / overall 2000 times
this is 1300 times / overall 2000 times
this is 1400 times / overall 2000 times
this is 1500 times / overall 2000 times
this is 1600 times / overall 2000 times
this is 1700 times / overall 2000 times
this is 1800 times / overall 2000 times
this is 1900 times / overall 2000 times
this is 38 times which has already done.
----------------------------------------------------------------------------------------------------
this is 39 times / overall 101 times (time step 380, t=3.80s)
1.5789768698379232 1.1064510880131344 1.1223838794029588
----------------------------------------------------------------------------------------------------
find index iteration: 0 15000
short indx is [[    0 14630  1497 ... 11836  1512  2793]
 [    1 14405 12669 ...  1933  2005  4139]
 [    2   643  1215 ... 12065  7628 13881]
 ...
 [14997  9470  4337 ...  9342  7626  7839]
 [14998 14244  8287 ...  5878  4922  9695]
 [14999  1596 14933 ...  4391  8732 12754]]
Scaled residual std at t=380: [3.15795374 2.21290218 2.24476776]
start_idx is 0; end_idx is 15000
this is 0 times / overall 2000 times
this is 100 times / overall 2000 times
this is 200 times / overall 2000 times
this is 300 times / overall 2000 times
this is 400 times / overall 2000 times
this is 500 times / overall 2000 times
this is 600 times / overall 2000 times
this is 700 times / overall 2000 times
this is 800 times / overall 2000 times
this is 900 times / overall 2000 times
this is 1000 times / overall 2000 times
this is 1100 times / overall 2000 times
this is 1200 times / overall 2000 times
this is 1300 times / overall 2000 times
this is 1400 times / overall 2000 times
this is 1500 times / overall 2000 times
this is 1600 times / overall 2000 times
this is 1700 times / overall 2000 times
this is 1800 times / overall 2000 times
this is 1900 times / overall 2000 times
this is 39 times which has already done.
----------------------------------------------------------------------------------------------------
this is 40 times / overall 101 times (time step 390, t=3.90s)
1.5795567722811072 1.1119323305748625 1.125855712932558
----------------------------------------------------------------------------------------------------
find index iteration: 0 15000
short indx is [[    0  2218  4174 ...  3846 12980  2631]
 [    1  8624  3440 ... 10088 10595  8337]
 [    2  1957  8996 ...  9527  6440 13558]
 ...
 [14997  7079  6863 ...  7552  1577 12368]
 [14998  4009  4454 ...   104   169   737]
 [14999 12302  4714 ...  5207  7196  3119]]
Scaled residual std at t=390: [3.15911354 2.22386466 2.25171143]
start_idx is 0; end_idx is 15000
this is 0 times / overall 2000 times
this is 100 times / overall 2000 times
this is 200 times / overall 2000 times
this is 300 times / overall 2000 times
this is 400 times / overall 2000 times
this is 500 times / overall 2000 times
this is 600 times / overall 2000 times
this is 700 times / overall 2000 times
this is 800 times / overall 2000 times
this is 900 times / overall 2000 times
this is 1000 times / overall 2000 times
this is 1100 times / overall 2000 times
this is 1200 times / overall 2000 times
this is 1300 times / overall 2000 times
this is 1400 times / overall 2000 times
this is 1500 times / overall 2000 times
this is 1600 times / overall 2000 times
this is 1700 times / overall 2000 times
this is 1800 times / overall 2000 times
this is 1900 times / overall 2000 times
this is 40 times which has already done.
----------------------------------------------------------------------------------------------------
this is 41 times / overall 101 times (time step 400, t=4.00s)
1.5759951176662985 1.1220460766754836 1.1116637928532307
----------------------------------------------------------------------------------------------------
find index iteration: 0 15000
short indx is [[    0  3915 13155 ...  3638  6958 11147]
 [    1  3353 14052 ...  1066 11226  9225]
 [    2  4566 10190 ...   560  7104  4911]
 ...
 [14997 11851 13114 ...  1998  8143  7647]
 [14998   452 14766 ...  2984 13780  9482]
 [14999  7452 11402 ...  3728  7174 12673]]
Scaled residual std at t=400: [3.15199024 2.24409215 2.22332759]
start_idx is 0; end_idx is 15000
this is 0 times / overall 2000 times
this is 100 times / overall 2000 times
this is 200 times / overall 2000 times
this is 300 times / overall 2000 times
this is 400 times / overall 2000 times
this is 500 times / overall 2000 times
this is 600 times / overall 2000 times
this is 700 times / overall 2000 times
this is 800 times / overall 2000 times
this is 900 times / overall 2000 times
this is 1000 times / overall 2000 times
this is 1100 times / overall 2000 times
this is 1200 times / overall 2000 times
this is 1300 times / overall 2000 times
this is 1400 times / overall 2000 times
this is 1500 times / overall 2000 times
this is 1600 times / overall 2000 times
this is 1700 times / overall 2000 times
this is 1800 times / overall 2000 times
this is 1900 times / overall 2000 times
this is 41 times which has already done.
----------------------------------------------------------------------------------------------------
this is 42 times / overall 101 times (time step 410, t=4.10s)
1.5779910970554312 1.1122778022369404 1.1161692839397377
----------------------------------------------------------------------------------------------------
find index iteration: 0 15000
short indx is [[    0 12440 10772 ...  8201  9319 10903]
 [    1   600   743 ... 13566  4820  8685]
 [    2 14082  5539 ...  8898  4332 14822]
 ...
 [14997 13950 10462 ...  8481  7214  7562]
 [14998 13510  1152 ... 12600  1000  2286]
 [14999 12207  1463 ...  5509   524 10482]]
Scaled residual std at t=410: [3.15598219 2.2245556  2.23233857]
start_idx is 0; end_idx is 15000
this is 0 times / overall 2000 times
this is 100 times / overall 2000 times
this is 200 times / overall 2000 times
this is 300 times / overall 2000 times
this is 400 times / overall 2000 times
this is 500 times / overall 2000 times
this is 600 times / overall 2000 times
this is 700 times / overall 2000 times
this is 800 times / overall 2000 times
this is 900 times / overall 2000 times
this is 1000 times / overall 2000 times
this is 1100 times / overall 2000 times
this is 1200 times / overall 2000 times
this is 1300 times / overall 2000 times
this is 1400 times / overall 2000 times
this is 1500 times / overall 2000 times
this is 1600 times / overall 2000 times
this is 1700 times / overall 2000 times
this is 1800 times / overall 2000 times
this is 1900 times / overall 2000 times
this is 42 times which has already done.
----------------------------------------------------------------------------------------------------
this is 43 times / overall 101 times (time step 420, t=4.20s)
1.582662752038564 1.1075699153423593 1.1173192377051229
----------------------------------------------------------------------------------------------------
find index iteration: 0 15000
short indx is [[    0  9030 13639 ...  6907  3142 13258]
 [    1  6919  7043 ...  6498  3682  9809]
 [    2 14473  7826 ...  6631 10027 13857]
 ...
 [14997  6821 12116 ...  1845  7057  8968]
 [14998  6378  1152 ...   877 11345   506]
 [14999  4623 10137 ... 11219 12387  9818]]
Scaled residual std at t=420: [3.1653255  2.21513983 2.23463848]
start_idx is 0; end_idx is 15000
this is 0 times / overall 2000 times
this is 100 times / overall 2000 times
this is 200 times / overall 2000 times
this is 300 times / overall 2000 times
this is 400 times / overall 2000 times
this is 500 times / overall 2000 times
this is 600 times / overall 2000 times
this is 700 times / overall 2000 times
this is 800 times / overall 2000 times
this is 900 times / overall 2000 times
this is 1000 times / overall 2000 times
this is 1100 times / overall 2000 times
this is 1200 times / overall 2000 times
this is 1300 times / overall 2000 times
this is 1400 times / overall 2000 times
this is 1500 times / overall 2000 times
this is 1600 times / overall 2000 times
this is 1700 times / overall 2000 times
this is 1800 times / overall 2000 times
this is 1900 times / overall 2000 times
this is 43 times which has already done.
----------------------------------------------------------------------------------------------------
this is 44 times / overall 101 times (time step 430, t=4.30s)
1.5798914866126845 1.111166608402356 1.110472284229141
----------------------------------------------------------------------------------------------------
find index iteration: 0 15000
short indx is [[    0 10559 10655 ... 11975  5300  8485]
 [    1  8804  5962 ...  8884  4817  9928]
 [    2  1569 10777 ... 10987  5516 11509]
 ...
 [14997 13344  2288 ...  7355 12800  3472]
 [14998  1152 13510 ...  5844  2704   689]
 [14999 13077  8553 ... 13920  4247 13231]]
Scaled residual std at t=430: [3.15978297 2.22233322 2.22094457]
start_idx is 0; end_idx is 15000
this is 0 times / overall 2000 times
this is 100 times / overall 2000 times
this is 200 times / overall 2000 times
this is 300 times / overall 2000 times
this is 400 times / overall 2000 times
this is 500 times / overall 2000 times
this is 600 times / overall 2000 times
this is 700 times / overall 2000 times
this is 800 times / overall 2000 times
this is 900 times / overall 2000 times
this is 1000 times / overall 2000 times
this is 1100 times / overall 2000 times
this is 1200 times / overall 2000 times
this is 1300 times / overall 2000 times
this is 1400 times / overall 2000 times
this is 1500 times / overall 2000 times
this is 1600 times / overall 2000 times
this is 1700 times / overall 2000 times
this is 1800 times / overall 2000 times
this is 1900 times / overall 2000 times
this is 44 times which has already done.
----------------------------------------------------------------------------------------------------
this is 45 times / overall 101 times (time step 440, t=4.40s)
1.581922349684978 1.1217001870377667 1.1149864088321388
----------------------------------------------------------------------------------------------------
find index iteration: 0 15000
short indx is [[    0   156 10954 ...   991 14092  9837]
 [    1  9362 14055 ...  6328 12598  3422]
 [    2  6464  8993 ... 13266  1901  4078]
 ...
 [14997  6972  1436 ... 12901 12562  2962]
 [14998  1605 14766 ...   188  8807 12955]
 [14999 12518 10280 ...  5515  6271 13396]]
Scaled residual std at t=440: [3.1638447  2.24340037 2.22997282]
start_idx is 0; end_idx is 15000
this is 0 times / overall 2000 times
this is 100 times / overall 2000 times
this is 200 times / overall 2000 times
this is 300 times / overall 2000 times
this is 400 times / overall 2000 times
this is 500 times / overall 2000 times
this is 600 times / overall 2000 times
this is 700 times / overall 2000 times
this is 800 times / overall 2000 times
this is 900 times / overall 2000 times
this is 1000 times / overall 2000 times
this is 1100 times / overall 2000 times
this is 1200 times / overall 2000 times
this is 1300 times / overall 2000 times
this is 1400 times / overall 2000 times
this is 1500 times / overall 2000 times
this is 1600 times / overall 2000 times
this is 1700 times / overall 2000 times
this is 1800 times / overall 2000 times
this is 1900 times / overall 2000 times
this is 45 times which has already done.
----------------------------------------------------------------------------------------------------
this is 46 times / overall 101 times (time step 450, t=4.50s)
1.576926520578245 1.124506105272359 1.1151999582120982
----------------------------------------------------------------------------------------------------
find index iteration: 0 15000
short indx is [[    0  1687  8466 ...  4750  4399 13679]
 [    1  5962  1113 ... 11228  8082  2946]
 [    2 12213 14494 ...  2734    61   169]
 ...
 [14997 14188  2288 ... 12366 14557  8337]
 [14998  6378  1605 ...  5620  8011 13658]
 [14999 12207   216 ...  5320 10605  6022]]
Scaled residual std at t=450: [3.15385304 2.24901221 2.23039992]
start_idx is 0; end_idx is 15000
this is 0 times / overall 2000 times
this is 100 times / overall 2000 times
this is 200 times / overall 2000 times
this is 300 times / overall 2000 times
this is 400 times / overall 2000 times
this is 500 times / overall 2000 times
this is 600 times / overall 2000 times
this is 700 times / overall 2000 times
this is 800 times / overall 2000 times
this is 900 times / overall 2000 times
this is 1000 times / overall 2000 times
this is 1100 times / overall 2000 times
this is 1200 times / overall 2000 times
this is 1300 times / overall 2000 times
this is 1400 times / overall 2000 times
this is 1500 times / overall 2000 times
this is 1600 times / overall 2000 times
this is 1700 times / overall 2000 times
this is 1800 times / overall 2000 times
this is 1900 times / overall 2000 times
this is 46 times which has already done.
----------------------------------------------------------------------------------------------------
this is 47 times / overall 101 times (time step 460, t=4.60s)
1.592819592361945 1.115583607928139 1.1256252706889633
----------------------------------------------------------------------------------------------------
find index iteration: 0 15000
short indx is [[    0  2188 12678 ... 13951 11725 12226]
 [    1 12852  4376 ...  8494  1371  9373]
 [    2 13290  8282 ... 14580 11192 11324]
 ...
 [14997  7137 11686 ...  2157  7532  9742]
 [14998 10835  2770 ... 14289  5812 10275]
 [14999  6756  7857 ...  6211  4614  8261]]
Scaled residual std at t=460: [3.18563918 2.23116722 2.25125054]
start_idx is 0; end_idx is 15000
this is 0 times / overall 2000 times
this is 100 times / overall 2000 times
this is 200 times / overall 2000 times
this is 300 times / overall 2000 times
this is 400 times / overall 2000 times
this is 500 times / overall 2000 times
this is 600 times / overall 2000 times
this is 700 times / overall 2000 times
this is 800 times / overall 2000 times
this is 900 times / overall 2000 times
this is 1000 times / overall 2000 times
this is 1100 times / overall 2000 times
this is 1200 times / overall 2000 times
this is 1300 times / overall 2000 times
this is 1400 times / overall 2000 times
this is 1500 times / overall 2000 times
this is 1600 times / overall 2000 times
this is 1700 times / overall 2000 times
this is 1800 times / overall 2000 times
this is 1900 times / overall 2000 times
this is 47 times which has already done.
----------------------------------------------------------------------------------------------------
this is 48 times / overall 101 times (time step 470, t=4.70s)
1.577279441008928 1.1107820941459523 1.1173990747327132
----------------------------------------------------------------------------------------------------
find index iteration: 0 15000
short indx is [[    0  4428 11961 ...  3247  3027 14638]
 [    1  4376 11816 ... 14518  8569 14487]
 [    2   578 10602 ... 11720 10904  1334]
 ...
 [14997  8656  7491 ... 14009  4790     9]
 [14998 13367 14766 ...  5354 11779  6808]
 [14999  1288 11052 ...  1866 11477 11995]]
Scaled residual std at t=470: [3.15455888 2.22156419 2.23479815]
start_idx is 0; end_idx is 15000
this is 0 times / overall 2000 times
this is 100 times / overall 2000 times
this is 200 times / overall 2000 times
this is 300 times / overall 2000 times
this is 400 times / overall 2000 times
this is 500 times / overall 2000 times
this is 600 times / overall 2000 times
this is 700 times / overall 2000 times
this is 800 times / overall 2000 times
this is 900 times / overall 2000 times
this is 1000 times / overall 2000 times
this is 1100 times / overall 2000 times
this is 1200 times / overall 2000 times
this is 1300 times / overall 2000 times
this is 1400 times / overall 2000 times
this is 1500 times / overall 2000 times
this is 1600 times / overall 2000 times
this is 1700 times / overall 2000 times
this is 1800 times / overall 2000 times
this is 1900 times / overall 2000 times
this is 48 times which has already done.
----------------------------------------------------------------------------------------------------
this is 49 times / overall 101 times (time step 480, t=4.80s)
1.597513336512152 1.119053930949297 1.1192594821675466
----------------------------------------------------------------------------------------------------
find index iteration: 0 15000
short indx is [[    0  2188  7881 ...  7076  9146 10144]
 [    1  7434 10970 ...  7074  1000  5235]
 [    2  3559  3328 ...  6607  1665   757]
 ...
 [14997 10341 12099 ... 12098  9047 14877]
 [14998  3761   782 ...  2719  4265  1933]
 [14999 12526 10863 ... 12658 10047  4338]]
Scaled residual std at t=480: [3.19502667 2.23810786 2.23851896]
start_idx is 0; end_idx is 15000
this is 0 times / overall 2000 times
this is 100 times / overall 2000 times
this is 200 times / overall 2000 times
this is 300 times / overall 2000 times
this is 400 times / overall 2000 times
this is 500 times / overall 2000 times
this is 600 times / overall 2000 times
this is 700 times / overall 2000 times
this is 800 times / overall 2000 times
this is 900 times / overall 2000 times
this is 1000 times / overall 2000 times
this is 1100 times / overall 2000 times
this is 1200 times / overall 2000 times
this is 1300 times / overall 2000 times
this is 1400 times / overall 2000 times
this is 1500 times / overall 2000 times
this is 1600 times / overall 2000 times
this is 1700 times / overall 2000 times
this is 1800 times / overall 2000 times
this is 1900 times / overall 2000 times
this is 49 times which has already done.
----------------------------------------------------------------------------------------------------
this is 50 times / overall 101 times (time step 490, t=4.90s)
1.5829656815413657 1.1068703072365578 1.101292242490306
----------------------------------------------------------------------------------------------------
find index iteration: 0 15000
short indx is [[    0  1790 13438 ...  1682  2271  5748]
 [    1  7434  1345 ...  4122 11028  6409]
 [    2  8719 12523 ... 13260  6283   921]
 ...
 [14997 11208 12003 ... 14695 12238  6346]
 [14998  1803  6936 ...  6113  1549   819]
 [14999  5888 12885 ... 13292  5046   754]]
Scaled residual std at t=490: [3.16593136 2.21374061 2.20258448]
start_idx is 0; end_idx is 15000
this is 0 times / overall 2000 times
this is 100 times / overall 2000 times
this is 200 times / overall 2000 times
this is 300 times / overall 2000 times
this is 400 times / overall 2000 times
this is 500 times / overall 2000 times
this is 600 times / overall 2000 times
this is 700 times / overall 2000 times
this is 800 times / overall 2000 times
this is 900 times / overall 2000 times
this is 1000 times / overall 2000 times
this is 1100 times / overall 2000 times
this is 1200 times / overall 2000 times
this is 1300 times / overall 2000 times
this is 1400 times / overall 2000 times
this is 1500 times / overall 2000 times
this is 1600 times / overall 2000 times
this is 1700 times / overall 2000 times
this is 1800 times / overall 2000 times
this is 1900 times / overall 2000 times
this is 50 times which has already done.
----------------------------------------------------------------------------------------------------
this is 51 times / overall 101 times (time step 500, t=5.00s)
1.5800497944634222 1.1146046134850418 1.1133549406448418
----------------------------------------------------------------------------------------------------
find index iteration: 0 15000
short indx is [[    0  5439 13504 ...  8509  6271  1933]
 [    1  7105 11255 ...  7133  5679 13727]
 [    2 12123 13156 ...  8067 12152  7281]
 ...
 [14997  8414  5759 ...  3838 11072  3296]
 [14998 14771  6936 ...  5532  3116  6067]
 [14999  2151 11962 ...  5168  1346 13344]]
Scaled residual std at t=500: [3.16009959 2.22920923 2.22670988]
start_idx is 0; end_idx is 15000
this is 0 times / overall 2000 times
this is 100 times / overall 2000 times
this is 200 times / overall 2000 times
this is 300 times / overall 2000 times
this is 400 times / overall 2000 times
this is 500 times / overall 2000 times
this is 600 times / overall 2000 times
this is 700 times / overall 2000 times
this is 800 times / overall 2000 times
this is 900 times / overall 2000 times
this is 1000 times / overall 2000 times
this is 1100 times / overall 2000 times
this is 1200 times / overall 2000 times
this is 1300 times / overall 2000 times
this is 1400 times / overall 2000 times
this is 1500 times / overall 2000 times
this is 1600 times / overall 2000 times
this is 1700 times / overall 2000 times
this is 1800 times / overall 2000 times
this is 1900 times / overall 2000 times
this is 51 times which has already done.
----------------------------------------------------------------------------------------------------
this is 52 times / overall 101 times (time step 510, t=5.10s)
1.579481141700522 1.1051884242515506 1.115163116995331
----------------------------------------------------------------------------------------------------
find index iteration: 0 15000
short indx is [[    0  6580 14092 ...  5308   924  5147]
 [    1 11899  2714 ... 10318 10337  3197]
 [    2  1763  3241 ...  6458 10066 14306]
 ...
 [14997  1399  3807 ...  7684 13711  1982]
 [14998  3295  5799 ...  1273  7677   350]
 [14999 10059 11951 ...  2697 11467 11226]]
Scaled residual std at t=510: [3.15896228 2.21037685 2.23032623]
start_idx is 0; end_idx is 15000
this is 0 times / overall 2000 times
this is 100 times / overall 2000 times
this is 200 times / overall 2000 times
this is 300 times / overall 2000 times
this is 400 times / overall 2000 times
this is 500 times / overall 2000 times
this is 600 times / overall 2000 times
this is 700 times / overall 2000 times
this is 800 times / overall 2000 times
this is 900 times / overall 2000 times
this is 1000 times / overall 2000 times
this is 1100 times / overall 2000 times
this is 1200 times / overall 2000 times
this is 1300 times / overall 2000 times
this is 1400 times / overall 2000 times
this is 1500 times / overall 2000 times
this is 1600 times / overall 2000 times
this is 1700 times / overall 2000 times
this is 1800 times / overall 2000 times
this is 1900 times / overall 2000 times
this is 52 times which has already done.
----------------------------------------------------------------------------------------------------
this is 53 times / overall 101 times (time step 520, t=5.20s)
1.5897711772748928 1.1153030933133348 1.1112974161385962
----------------------------------------------------------------------------------------------------
find index iteration: 0 15000
short indx is [[    0  1026  8465 ...  9513 12480  8379]
 [    1  2453  3059 ... 12848 14145 10953]
 [    2 12585 10448 ... 10987  3214 12523]
 ...
 [14997  2159  9010 ... 14069 10306 14571]
 [14998 14545 13806 ... 11867  6029 13831]
 [14999  4714  9913 ...   595  8883  3917]]
Scaled residual std at t=520: [3.17954235 2.23060619 2.22259483]
start_idx is 0; end_idx is 15000
this is 0 times / overall 2000 times
this is 100 times / overall 2000 times
this is 200 times / overall 2000 times
this is 300 times / overall 2000 times
this is 400 times / overall 2000 times
this is 500 times / overall 2000 times
this is 600 times / overall 2000 times
this is 700 times / overall 2000 times
this is 800 times / overall 2000 times
this is 900 times / overall 2000 times
this is 1000 times / overall 2000 times
this is 1100 times / overall 2000 times
this is 1200 times / overall 2000 times
this is 1300 times / overall 2000 times
this is 1400 times / overall 2000 times
this is 1500 times / overall 2000 times
this is 1600 times / overall 2000 times
this is 1700 times / overall 2000 times
this is 1800 times / overall 2000 times
this is 1900 times / overall 2000 times
this is 53 times which has already done.
----------------------------------------------------------------------------------------------------
this is 54 times / overall 101 times (time step 530, t=5.30s)
1.5721661541181302 1.1190220077064477 1.1042817399215976
----------------------------------------------------------------------------------------------------
find index iteration: 0 15000
short indx is [[    0  9098    35 ...  3787   488 11329]
 [    1  9024 10563 ... 10280  9400  2432]
 [    2  4664   578 ... 14392  3625 13277]
 ...
 [14997  8766  5951 ...  7916   408  1276]
 [14998 13806  5592 ... 13880  6313 12704]
 [14999 10083  8137 ...  7325  8884  1256]]
Scaled residual std at t=530: [3.14433231 2.23804402 2.20856348]
start_idx is 0; end_idx is 15000
this is 0 times / overall 2000 times
this is 100 times / overall 2000 times
this is 200 times / overall 2000 times
this is 300 times / overall 2000 times
this is 400 times / overall 2000 times
this is 500 times / overall 2000 times
this is 600 times / overall 2000 times
this is 700 times / overall 2000 times
this is 800 times / overall 2000 times
this is 900 times / overall 2000 times
this is 1000 times / overall 2000 times
this is 1100 times / overall 2000 times
this is 1200 times / overall 2000 times
this is 1300 times / overall 2000 times
this is 1400 times / overall 2000 times
this is 1500 times / overall 2000 times
this is 1600 times / overall 2000 times
this is 1700 times / overall 2000 times
this is 1800 times / overall 2000 times
this is 1900 times / overall 2000 times
this is 54 times which has already done.
----------------------------------------------------------------------------------------------------
this is 55 times / overall 101 times (time step 540, t=5.40s)
1.5796785618171516 1.127185494284276 1.1109569040995733
----------------------------------------------------------------------------------------------------
find index iteration: 0 15000
short indx is [[    0  9118  7446 ...    88  6575    40]
 [    1  4358  6972 ...  8770  8858  9075]
 [    2  8963 10680 ...  5074  5254  7045]
 ...
 [14997  7296  8366 ...   286  3522  9845]
 [14998  7986 14771 ... 13880   645 13188]
 [14999  9716  4985 ...  3418 12786  6549]]
Scaled residual std at t=540: [3.15935712 2.25437099 2.22191381]
start_idx is 0; end_idx is 15000
this is 0 times / overall 2000 times
this is 100 times / overall 2000 times
this is 200 times / overall 2000 times
this is 300 times / overall 2000 times
this is 400 times / overall 2000 times
this is 500 times / overall 2000 times
this is 600 times / overall 2000 times
this is 700 times / overall 2000 times
this is 800 times / overall 2000 times
this is 900 times / overall 2000 times
this is 1000 times / overall 2000 times
this is 1100 times / overall 2000 times
this is 1200 times / overall 2000 times
this is 1300 times / overall 2000 times
this is 1400 times / overall 2000 times
this is 1500 times / overall 2000 times
this is 1600 times / overall 2000 times
this is 1700 times / overall 2000 times
this is 1800 times / overall 2000 times
this is 1900 times / overall 2000 times
this is 55 times which has already done.
----------------------------------------------------------------------------------------------------
this is 56 times / overall 101 times (time step 550, t=5.50s)
1.5746588326514979 1.112673087889789 1.1168974158869935
----------------------------------------------------------------------------------------------------
find index iteration: 0 15000
short indx is [[    0 14003  7763 ... 11901 10298  1199]
 [    1  9024  5865 ... 10047  3022   621]
 [    2  5222  6365 ...  3303  6327  7859]
 ...
 [14997  8859  3194 ...  4305   679  3950]
 [14998  2645  7786 ...   997 11421 12682]
 [14999  2752  5200 ... 12798 13465 12698]]
Scaled residual std at t=550: [3.14931767 2.22534618 2.23379483]
start_idx is 0; end_idx is 15000
this is 0 times / overall 2000 times
this is 100 times / overall 2000 times
this is 200 times / overall 2000 times
this is 300 times / overall 2000 times
this is 400 times / overall 2000 times
this is 500 times / overall 2000 times
this is 600 times / overall 2000 times
this is 700 times / overall 2000 times
this is 800 times / overall 2000 times
this is 900 times / overall 2000 times
this is 1000 times / overall 2000 times
this is 1100 times / overall 2000 times
this is 1200 times / overall 2000 times
this is 1300 times / overall 2000 times
this is 1400 times / overall 2000 times
this is 1500 times / overall 2000 times
this is 1600 times / overall 2000 times
this is 1700 times / overall 2000 times
this is 1800 times / overall 2000 times
this is 1900 times / overall 2000 times
this is 56 times which has already done.
----------------------------------------------------------------------------------------------------
this is 57 times / overall 101 times (time step 560, t=5.60s)
1.577344485994814 1.1171165393810185 1.1261066022124746
----------------------------------------------------------------------------------------------------
find index iteration: 0 15000
short indx is [[    0 10673  9832 ...  8553  1128 13975]
 [    1  4228  6913 ... 10929  7296  5046]
 [    2 12557  1592 ... 13333  6037 12692]
 ...
 [14997 12014  1234 ... 11252 13868 10135]
 [14998  1810  9843 ...  7513 10497 11125]
 [14999 13687  5200 ... 14047 13431  4303]]
Scaled residual std at t=560: [3.15468897 2.23423308 2.2522132 ]
start_idx is 0; end_idx is 15000
this is 0 times / overall 2000 times
this is 100 times / overall 2000 times
this is 200 times / overall 2000 times
this is 300 times / overall 2000 times
this is 400 times / overall 2000 times
this is 500 times / overall 2000 times
this is 600 times / overall 2000 times
this is 700 times / overall 2000 times
this is 800 times / overall 2000 times
this is 900 times / overall 2000 times
this is 1000 times / overall 2000 times
this is 1100 times / overall 2000 times
this is 1200 times / overall 2000 times
this is 1300 times / overall 2000 times
this is 1400 times / overall 2000 times
this is 1500 times / overall 2000 times
this is 1600 times / overall 2000 times
this is 1700 times / overall 2000 times
this is 1800 times / overall 2000 times
this is 1900 times / overall 2000 times
this is 57 times which has already done.
----------------------------------------------------------------------------------------------------
this is 58 times / overall 101 times (time step 570, t=5.70s)
1.586706664172517 1.1092883671650193 1.1046457124208435
----------------------------------------------------------------------------------------------------
find index iteration: 0 15000
short indx is [[    0    60  3886 ...  9284  4331 12165]
 [    1 12709 11745 ... 12051 10341  6492]
 [    2  6146  2285 ...  1084  8474    22]
 ...
 [14997 13344 11845 ...   395  3411 10835]
 [14998 11209  2645 ... 14041  6254 13049]
 [14999  6809   970 ... 13584  1300  8373]]
Scaled residual std at t=570: [3.17341333 2.21857673 2.20929142]
start_idx is 0; end_idx is 15000
this is 0 times / overall 2000 times
this is 100 times / overall 2000 times
this is 200 times / overall 2000 times
this is 300 times / overall 2000 times
this is 400 times / overall 2000 times
this is 500 times / overall 2000 times
this is 600 times / overall 2000 times
this is 700 times / overall 2000 times
this is 800 times / overall 2000 times
this is 900 times / overall 2000 times
this is 1000 times / overall 2000 times
this is 1100 times / overall 2000 times
this is 1200 times / overall 2000 times
this is 1300 times / overall 2000 times
this is 1400 times / overall 2000 times
this is 1500 times / overall 2000 times
this is 1600 times / overall 2000 times
this is 1700 times / overall 2000 times
this is 1800 times / overall 2000 times
this is 1900 times / overall 2000 times
this is 58 times which has already done.
----------------------------------------------------------------------------------------------------
this is 59 times / overall 101 times (time step 580, t=5.80s)
1.5763136904514545 1.1211769970526837 1.1174950421633405
----------------------------------------------------------------------------------------------------
find index iteration: 0 15000
short indx is [[    0  1427 10655 ...  1908  8751 11740]
 [    1 12588  8795 ...   439 13805  9434]
 [    2  8645 13919 ...  9769  9132  9414]
 ...
 [14997  2966  6098 ...  8434  2515  4914]
 [14998 12431 12356 ...   105 14480  8698]
 [14999  1413  2979 ...  1908  6067 12652]]
Scaled residual std at t=580: [3.15262738 2.24235399 2.23499008]
start_idx is 0; end_idx is 15000
this is 0 times / overall 2000 times
this is 100 times / overall 2000 times
this is 200 times / overall 2000 times
this is 300 times / overall 2000 times
this is 400 times / overall 2000 times
this is 500 times / overall 2000 times
this is 600 times / overall 2000 times
this is 700 times / overall 2000 times
this is 800 times / overall 2000 times
this is 900 times / overall 2000 times
this is 1000 times / overall 2000 times
this is 1100 times / overall 2000 times
this is 1200 times / overall 2000 times
this is 1300 times / overall 2000 times
this is 1400 times / overall 2000 times
this is 1500 times / overall 2000 times
this is 1600 times / overall 2000 times
this is 1700 times / overall 2000 times
this is 1800 times / overall 2000 times
this is 1900 times / overall 2000 times
this is 59 times which has already done.
----------------------------------------------------------------------------------------------------
this is 60 times / overall 101 times (time step 590, t=5.90s)
1.5737554023258782 1.1090291106278725 1.123474663422643
----------------------------------------------------------------------------------------------------
find index iteration: 0 15000
short indx is [[    0  5093  2017 ... 13585  8784  9364]
 [    1  9672  5243 ...  6440  9308  8841]
 [    2  3237   578 ...  5699  7159  4390]
 ...
 [14997  4418  2882 ...  3892  4872  4776]
 [14998  5042 12431 ... 11616  5748 11229]
 [14999  8051  1017 ...  1100 13532 14439]]
Scaled residual std at t=590: [3.1475108  2.21805822 2.24694933]
start_idx is 0; end_idx is 15000
this is 0 times / overall 2000 times
this is 100 times / overall 2000 times
this is 200 times / overall 2000 times
this is 300 times / overall 2000 times
this is 400 times / overall 2000 times
this is 500 times / overall 2000 times
this is 600 times / overall 2000 times
this is 700 times / overall 2000 times
this is 800 times / overall 2000 times
this is 900 times / overall 2000 times
this is 1000 times / overall 2000 times
this is 1100 times / overall 2000 times
this is 1200 times / overall 2000 times
this is 1300 times / overall 2000 times
this is 1400 times / overall 2000 times
this is 1500 times / overall 2000 times
this is 1600 times / overall 2000 times
this is 1700 times / overall 2000 times
this is 1800 times / overall 2000 times
this is 1900 times / overall 2000 times
this is 60 times which has already done.
----------------------------------------------------------------------------------------------------
this is 61 times / overall 101 times (time step 600, t=6.00s)
1.5712926418683855 1.1144864752526522 1.1143860221364705
----------------------------------------------------------------------------------------------------
find index iteration: 0 15000
short indx is [[    0 13701    21 ...  4861  4875  4246]
 [    1 12492   824 ...  9635 10047   133]
 [    2  7777  9799 ...  2085   430 11898]
 ...
 [14997  8709  2262 ...  4459  1432 10495]
 [14998  2273   500 ...  9618 12123  7010]
 [14999  2979  1253 ...  7877  6444  6383]]
Scaled residual std at t=600: [3.14258528 2.22897295 2.22877204]
start_idx is 0; end_idx is 15000
this is 0 times / overall 2000 times
this is 100 times / overall 2000 times
this is 200 times / overall 2000 times
this is 300 times / overall 2000 times
this is 400 times / overall 2000 times
this is 500 times / overall 2000 times
this is 600 times / overall 2000 times
this is 700 times / overall 2000 times
this is 800 times / overall 2000 times
this is 900 times / overall 2000 times
this is 1000 times / overall 2000 times
this is 1100 times / overall 2000 times
this is 1200 times / overall 2000 times
this is 1300 times / overall 2000 times
this is 1400 times / overall 2000 times
this is 1500 times / overall 2000 times
this is 1600 times / overall 2000 times
this is 1700 times / overall 2000 times
this is 1800 times / overall 2000 times
this is 1900 times / overall 2000 times
this is 61 times which has already done.
----------------------------------------------------------------------------------------------------
this is 62 times / overall 101 times (time step 610, t=6.10s)
1.5902313435585764 1.1142527046314337 1.1192847285271685
----------------------------------------------------------------------------------------------------
find index iteration: 0 15000
short indx is [[    0   210  9651 ...  3717 12583 11181]
 [    1  7146  8539 ...  8444  8189 13444]
 [    2  2910  9072 ...  8164  8688  1533]
 ...
 [14997 12832  9349 ...  1919 11582  7783]
 [14998 11918 14030 ...  7376 13479 10006]
 [14999  2151  3887 ... 12834  1801 10853]]
Scaled residual std at t=610: [3.18046269 2.22850541 2.23856946]
start_idx is 0; end_idx is 15000
this is 0 times / overall 2000 times
this is 100 times / overall 2000 times
this is 200 times / overall 2000 times
this is 300 times / overall 2000 times
this is 400 times / overall 2000 times
this is 500 times / overall 2000 times
this is 600 times / overall 2000 times
this is 700 times / overall 2000 times
this is 800 times / overall 2000 times
this is 900 times / overall 2000 times
this is 1000 times / overall 2000 times
this is 1100 times / overall 2000 times
this is 1200 times / overall 2000 times
this is 1300 times / overall 2000 times
this is 1400 times / overall 2000 times
this is 1500 times / overall 2000 times
this is 1600 times / overall 2000 times
this is 1700 times / overall 2000 times
this is 1800 times / overall 2000 times
this is 1900 times / overall 2000 times
this is 62 times which has already done.
----------------------------------------------------------------------------------------------------
this is 63 times / overall 101 times (time step 620, t=6.20s)
1.5861179043000622 1.1198650527636527 1.1259649817433832
----------------------------------------------------------------------------------------------------
find index iteration: 0 15000
short indx is [[    0  9462   852 ...  3885  2895  3414]
 [    1  9025    62 ...  1309 13227  6281]
 [    2  9072 10691 ...  5222 13914  3572]
 ...
 [14997  2076  8366 ... 13292 12497 12511]
 [14998  3628  1973 ...  1103   829  4685]
 [14999  7674  9024 ...  9394  4188  9653]]
Scaled residual std at t=620: [3.17223581 2.23973011 2.25192996]
start_idx is 0; end_idx is 15000
this is 0 times / overall 2000 times
this is 100 times / overall 2000 times
this is 200 times / overall 2000 times
this is 300 times / overall 2000 times
this is 400 times / overall 2000 times
this is 500 times / overall 2000 times
this is 600 times / overall 2000 times
this is 700 times / overall 2000 times
this is 800 times / overall 2000 times
this is 900 times / overall 2000 times
this is 1000 times / overall 2000 times
this is 1100 times / overall 2000 times
this is 1200 times / overall 2000 times
this is 1300 times / overall 2000 times
this is 1400 times / overall 2000 times
this is 1500 times / overall 2000 times
this is 1600 times / overall 2000 times
this is 1700 times / overall 2000 times
this is 1800 times / overall 2000 times
this is 1900 times / overall 2000 times
this is 63 times which has already done.
----------------------------------------------------------------------------------------------------
this is 64 times / overall 101 times (time step 630, t=6.30s)
1.580728870324128 1.1218662704498399 1.1182228808271626
----------------------------------------------------------------------------------------------------
find index iteration: 0 15000
short indx is [[    0  2480  4157 ...  2843  5734  1989]
 [    1  9812  3964 ...  9055  4509  1536]
 [    2   521  4292 ... 13914  2518 10377]
 ...
 [14997  5575  8912 ...    47  8060  3905]
 [14998  2820  3628 ...  1241  1841  6792]
 [14999 10116 10616 ...  6374  4946  4344]]
Scaled residual std at t=630: [3.16145774 2.24373254 2.23644576]
start_idx is 0; end_idx is 15000
this is 0 times / overall 2000 times
this is 100 times / overall 2000 times
this is 200 times / overall 2000 times
this is 300 times / overall 2000 times
this is 400 times / overall 2000 times
this is 500 times / overall 2000 times
this is 600 times / overall 2000 times
this is 700 times / overall 2000 times
this is 800 times / overall 2000 times
this is 900 times / overall 2000 times
this is 1000 times / overall 2000 times
this is 1100 times / overall 2000 times
this is 1200 times / overall 2000 times
this is 1300 times / overall 2000 times
this is 1400 times / overall 2000 times
this is 1500 times / overall 2000 times
this is 1600 times / overall 2000 times
this is 1700 times / overall 2000 times
this is 1800 times / overall 2000 times
this is 1900 times / overall 2000 times
this is 64 times which has already done.
----------------------------------------------------------------------------------------------------
this is 65 times / overall 101 times (time step 640, t=6.40s)
1.573885871644153 1.1233604228676755 1.110531086069761
----------------------------------------------------------------------------------------------------
find index iteration: 0 15000
short indx is [[    0 13077  2108 ...  1757   270 11326]
 [    1  5143   822 ...  9937  9250 10015]
 [    2 13235 10915 ... 13171  3864  5958]
 ...
 [14997  4960 14176 ...  5095  6326  1909]
 [14998  3628  6453 ...  7559  5634  9285]
 [14999 14935 13463 ...  6294  3742  1211]]
Scaled residual std at t=640: [3.14777174 2.24672085 2.22106217]
start_idx is 0; end_idx is 15000
this is 0 times / overall 2000 times
this is 100 times / overall 2000 times
this is 200 times / overall 2000 times
this is 300 times / overall 2000 times
this is 400 times / overall 2000 times
this is 500 times / overall 2000 times
this is 600 times / overall 2000 times
this is 700 times / overall 2000 times
this is 800 times / overall 2000 times
this is 900 times / overall 2000 times
this is 1000 times / overall 2000 times
this is 1100 times / overall 2000 times
this is 1200 times / overall 2000 times
this is 1300 times / overall 2000 times
this is 1400 times / overall 2000 times
this is 1500 times / overall 2000 times
this is 1600 times / overall 2000 times
this is 1700 times / overall 2000 times
this is 1800 times / overall 2000 times
this is 1900 times / overall 2000 times
this is 65 times which has already done.
----------------------------------------------------------------------------------------------------
this is 66 times / overall 101 times (time step 650, t=6.50s)
1.5798357098972093 1.1254812104338872 1.1280761600245086
----------------------------------------------------------------------------------------------------
find index iteration: 0 15000
short indx is [[    0  5490  9437 ...  2402  3921  1100]
 [    1 12920  8647 ...  5985  5185  6917]
 [    2 10899 11679 ...  3878  8703   628]
 ...
 [14997  5860   490 ... 14003  1908 11901]
 [14998  7092  1973 ...  3334 14804 14844]
 [14999 12672  9118 ...  5015  8822  7541]]
Scaled residual std at t=650: [3.15967142 2.25096242 2.25615232]
start_idx is 0; end_idx is 15000
this is 0 times / overall 2000 times
this is 100 times / overall 2000 times
this is 200 times / overall 2000 times
this is 300 times / overall 2000 times
this is 400 times / overall 2000 times
this is 500 times / overall 2000 times
this is 600 times / overall 2000 times
this is 700 times / overall 2000 times
this is 800 times / overall 2000 times
this is 900 times / overall 2000 times
this is 1000 times / overall 2000 times
this is 1100 times / overall 2000 times
this is 1200 times / overall 2000 times
this is 1300 times / overall 2000 times
this is 1400 times / overall 2000 times
this is 1500 times / overall 2000 times
this is 1600 times / overall 2000 times
this is 1700 times / overall 2000 times
this is 1800 times / overall 2000 times
this is 1900 times / overall 2000 times
this is 66 times which has already done.
----------------------------------------------------------------------------------------------------
this is 67 times / overall 101 times (time step 660, t=6.60s)
1.5781532174280781 1.120286813409637 1.1126362703113424
----------------------------------------------------------------------------------------------------
find index iteration: 0 15000
short indx is [[    0  2065 11678 ...  1492   464 12000]
 [    1  7754  3532 ...  1648 12878  1688]
 [    2  6579 10301 ...  5539  9544  8100]
 ...
 [14997  9424  3830 ...  1466  3328  2151]
 [14998  9826 11004 ...  4217  2566 12270]
 [14999 10346 11966 ... 12707 14932  2919]]
Scaled residual std at t=660: [3.15630643 2.24057363 2.22527254]
start_idx is 0; end_idx is 15000
this is 0 times / overall 2000 times
this is 100 times / overall 2000 times
this is 200 times / overall 2000 times
this is 300 times / overall 2000 times
this is 400 times / overall 2000 times
this is 500 times / overall 2000 times
this is 600 times / overall 2000 times
this is 700 times / overall 2000 times
this is 800 times / overall 2000 times
this is 900 times / overall 2000 times
this is 1000 times / overall 2000 times
this is 1100 times / overall 2000 times
this is 1200 times / overall 2000 times
this is 1300 times / overall 2000 times
this is 1400 times / overall 2000 times
this is 1500 times / overall 2000 times
this is 1600 times / overall 2000 times
this is 1700 times / overall 2000 times
this is 1800 times / overall 2000 times
this is 1900 times / overall 2000 times
this is 67 times which has already done.
----------------------------------------------------------------------------------------------------
this is 68 times / overall 101 times (time step 670, t=6.70s)
1.5795406484162977 1.1134247380799571 1.124279995256201
----------------------------------------------------------------------------------------------------
find index iteration: 0 15000
short indx is [[    0 11172 10764 ...  8933 14729  8286]
 [    1  2115 10059 ...  6185 13617 13649]
 [    2  1834 11362 ... 10534   269    64]
 ...
 [14997  6299 14349 ...  6674  9999 14713]
 [14998 10962 11004 ... 11663  8452 11511]
 [14999 12053 12468 ... 11378  7433  9111]]
Scaled residual std at t=670: [3.1590813  2.22684948 2.24855999]
start_idx is 0; end_idx is 15000
this is 0 times / overall 2000 times
this is 100 times / overall 2000 times
this is 200 times / overall 2000 times
this is 300 times / overall 2000 times
this is 400 times / overall 2000 times
this is 500 times / overall 2000 times
this is 600 times / overall 2000 times
this is 700 times / overall 2000 times
this is 800 times / overall 2000 times
this is 900 times / overall 2000 times
this is 1000 times / overall 2000 times
this is 1100 times / overall 2000 times
this is 1200 times / overall 2000 times
this is 1300 times / overall 2000 times
this is 1400 times / overall 2000 times
this is 1500 times / overall 2000 times
this is 1600 times / overall 2000 times
this is 1700 times / overall 2000 times
this is 1800 times / overall 2000 times
this is 1900 times / overall 2000 times
this is 68 times which has already done.
----------------------------------------------------------------------------------------------------
this is 69 times / overall 101 times (time step 680, t=6.80s)
1.5767415938212186 1.1119192280566546 1.1150002949768938
----------------------------------------------------------------------------------------------------
find index iteration: 0 15000
short indx is [[    0 11896 11335 ...  9073  4395 13243]
 [    1  8286 13203 ...  1012  4619 14671]
 [    2  8112 14597 ...  6111  6407  3902]
 ...
 [14997    84   253 ...  4712  4771  7170]
 [14998  1605 10962 ...  2751  2925  8621]
 [14999  3887  5316 ...  4963  2167 12088]]
Scaled residual std at t=680: [3.15348319 2.22383846 2.23000059]
start_idx is 0; end_idx is 15000
this is 0 times / overall 2000 times
this is 100 times / overall 2000 times
this is 200 times / overall 2000 times
this is 300 times / overall 2000 times
this is 400 times / overall 2000 times
this is 500 times / overall 2000 times
this is 600 times / overall 2000 times
this is 700 times / overall 2000 times
this is 800 times / overall 2000 times
this is 900 times / overall 2000 times
this is 1000 times / overall 2000 times
this is 1100 times / overall 2000 times
this is 1200 times / overall 2000 times
this is 1300 times / overall 2000 times
this is 1400 times / overall 2000 times
this is 1500 times / overall 2000 times
this is 1600 times / overall 2000 times
this is 1700 times / overall 2000 times
this is 1800 times / overall 2000 times
this is 1900 times / overall 2000 times
this is 69 times which has already done.
----------------------------------------------------------------------------------------------------
this is 70 times / overall 101 times (time step 690, t=6.90s)
1.5655871485841384 1.119495579618426 1.116241063608899
----------------------------------------------------------------------------------------------------
find index iteration: 0 15000
short indx is [[    0  4031 12594 ... 10358  1460    86]
 [    1  8653 11934 ...    95  1049 11888]
 [    2 11432  4029 ...  7943  6431 10671]
 ...
 [14997 13484  1108 ... 10631  9829   811]
 [14998  7326  4474 ... 13681 13111  2850]
 [14999  5783 12053 ...  9284  7728  6374]]
Scaled residual std at t=690: [3.1311743  2.23899116 2.23248213]
start_idx is 0; end_idx is 15000
this is 0 times / overall 2000 times
this is 100 times / overall 2000 times
this is 200 times / overall 2000 times
this is 300 times / overall 2000 times
this is 400 times / overall 2000 times
this is 500 times / overall 2000 times
this is 600 times / overall 2000 times
this is 700 times / overall 2000 times
this is 800 times / overall 2000 times
this is 900 times / overall 2000 times
this is 1000 times / overall 2000 times
this is 1100 times / overall 2000 times
this is 1200 times / overall 2000 times
this is 1300 times / overall 2000 times
this is 1400 times / overall 2000 times
this is 1500 times / overall 2000 times
this is 1600 times / overall 2000 times
this is 1700 times / overall 2000 times
this is 1800 times / overall 2000 times
this is 1900 times / overall 2000 times
this is 70 times which has already done.
----------------------------------------------------------------------------------------------------
this is 71 times / overall 101 times (time step 700, t=7.00s)
1.5710899354182477 1.128372547676551 1.1240692488527708
----------------------------------------------------------------------------------------------------
find index iteration: 0 15000
short indx is [[    0  6767  4031 ...   754  9925 11542]
 [    1 13117 14663 ... 14921  4174  9018]
 [    2  3093 10888 ... 12614  2428 12950]
 ...
 [14997 14573 10411 ... 14042 11326  4020]
 [14998 10444  5042 ...  7285   817  4460]
 [14999  2320   742 ...  5371  4195  8245]]
Scaled residual std at t=700: [3.14217987 2.2567451  2.2481385 ]
start_idx is 0; end_idx is 15000
this is 0 times / overall 2000 times
this is 100 times / overall 2000 times
this is 200 times / overall 2000 times
this is 300 times / overall 2000 times
this is 400 times / overall 2000 times
this is 500 times / overall 2000 times
this is 600 times / overall 2000 times
this is 700 times / overall 2000 times
this is 800 times / overall 2000 times
this is 900 times / overall 2000 times
this is 1000 times / overall 2000 times
this is 1100 times / overall 2000 times
this is 1200 times / overall 2000 times
this is 1300 times / overall 2000 times
this is 1400 times / overall 2000 times
this is 1500 times / overall 2000 times
this is 1600 times / overall 2000 times
this is 1700 times / overall 2000 times
this is 1800 times / overall 2000 times
this is 1900 times / overall 2000 times
this is 71 times which has already done.
----------------------------------------------------------------------------------------------------
this is 72 times / overall 101 times (time step 710, t=7.10s)
1.5728020015164994 1.119010867645109 1.0980912608676858
----------------------------------------------------------------------------------------------------
find index iteration: 0 15000
short indx is [[    0 12250  5895 ... 12900  8516  1554]
 [    1  9094  4907 ... 11395  1036 13854]
 [    2  5104 12850 ... 13691 11425  6534]
 ...
 [14997 13502  9692 ...   446 10863  1199]
 [14998 14351  1945 ...  2714 12700  6149]
 [14999  9892  5478 ... 11734  6581  8312]]
Scaled residual std at t=710: [3.145604   2.23802174 2.19618252]
start_idx is 0; end_idx is 15000
this is 0 times / overall 2000 times
this is 100 times / overall 2000 times
this is 200 times / overall 2000 times
this is 300 times / overall 2000 times
this is 400 times / overall 2000 times
this is 500 times / overall 2000 times
this is 600 times / overall 2000 times
this is 700 times / overall 2000 times
this is 800 times / overall 2000 times
this is 900 times / overall 2000 times
this is 1000 times / overall 2000 times
this is 1100 times / overall 2000 times
this is 1200 times / overall 2000 times
this is 1300 times / overall 2000 times
this is 1400 times / overall 2000 times
this is 1500 times / overall 2000 times
this is 1600 times / overall 2000 times
this is 1700 times / overall 2000 times
this is 1800 times / overall 2000 times
this is 1900 times / overall 2000 times
this is 72 times which has already done.
----------------------------------------------------------------------------------------------------
this is 73 times / overall 101 times (time step 720, t=7.20s)
1.5892928705695397 1.116154630726317 1.1338078774330909
----------------------------------------------------------------------------------------------------
find index iteration: 0 15000
short indx is [[    0 14063  9527 ...  9744  6836 13210]
 [    1   601   744 ...   662 11559 11763]
 [    2 14228  6471 ...  4024  6346  2085]
 ...
 [14997  9603 13216 ...  9410  4946 14789]
 [14998 13491  9639 ...  3504  9853  9646]
 [14999  5478 11671 ...  8499  6209  4297]]
Scaled residual std at t=720: [3.17858574 2.23230926 2.26761575]
start_idx is 0; end_idx is 15000
this is 0 times / overall 2000 times
this is 100 times / overall 2000 times
this is 200 times / overall 2000 times
this is 300 times / overall 2000 times
this is 400 times / overall 2000 times
this is 500 times / overall 2000 times
this is 600 times / overall 2000 times
this is 700 times / overall 2000 times
this is 800 times / overall 2000 times
this is 900 times / overall 2000 times
this is 1000 times / overall 2000 times
this is 1100 times / overall 2000 times
this is 1200 times / overall 2000 times
this is 1300 times / overall 2000 times
this is 1400 times / overall 2000 times
this is 1500 times / overall 2000 times
this is 1600 times / overall 2000 times
this is 1700 times / overall 2000 times
this is 1800 times / overall 2000 times
this is 1900 times / overall 2000 times
this is 73 times which has already done.
----------------------------------------------------------------------------------------------------
this is 74 times / overall 101 times (time step 730, t=7.30s)
1.5725684340668662 1.1079276518696237 1.1200351667438475
----------------------------------------------------------------------------------------------------
find index iteration: 0 15000
short indx is [[    0 11551  5652 ...  1206 10061  5956]
 [    1 12117 12834 ...  9716 12595  9369]
 [    2  8112  8120 ...  4679  5499  2613]
 ...
 [14997 14491  5712 ...  1689  8771 13045]
 [14998  7106  5260 ...  6409  5020  8685]
 [14999  8986 12181 ... 12993 11437 13589]]
Scaled residual std at t=730: [3.14513687 2.2158553  2.24007033]
start_idx is 0; end_idx is 15000
this is 0 times / overall 2000 times
this is 100 times / overall 2000 times
this is 200 times / overall 2000 times
this is 300 times / overall 2000 times
this is 400 times / overall 2000 times
this is 500 times / overall 2000 times
this is 600 times / overall 2000 times
this is 700 times / overall 2000 times
this is 800 times / overall 2000 times
this is 900 times / overall 2000 times
this is 1000 times / overall 2000 times
this is 1100 times / overall 2000 times
this is 1200 times / overall 2000 times
this is 1300 times / overall 2000 times
this is 1400 times / overall 2000 times
this is 1500 times / overall 2000 times
this is 1600 times / overall 2000 times
this is 1700 times / overall 2000 times
this is 1800 times / overall 2000 times
this is 1900 times / overall 2000 times
this is 74 times which has already done.
----------------------------------------------------------------------------------------------------
this is 75 times / overall 101 times (time step 740, t=7.40s)
1.5694593389058438 1.116212775560395 1.114283746184229
----------------------------------------------------------------------------------------------------
find index iteration: 0 15000
short indx is [[    0  6084  4740 ... 12635  7208  8888]
 [    1 11496  5174 ...  4289  7863  2056]
 [    2  9992  7065 ...   353 12346  2019]
 ...
 [14997  6909  8048 ...  8246  7048 12849]
 [14998  2876  6453 ...  4435 14872   716]
 [14999  6043  8986 ...  2422  6130  5271]]
Scaled residual std at t=740: [3.13891868 2.23242555 2.22856749]
start_idx is 0; end_idx is 15000
this is 0 times / overall 2000 times
this is 100 times / overall 2000 times
this is 200 times / overall 2000 times
this is 300 times / overall 2000 times
this is 400 times / overall 2000 times
this is 500 times / overall 2000 times
this is 600 times / overall 2000 times
this is 700 times / overall 2000 times
this is 800 times / overall 2000 times
this is 900 times / overall 2000 times
this is 1000 times / overall 2000 times
this is 1100 times / overall 2000 times
this is 1200 times / overall 2000 times
this is 1300 times / overall 2000 times
this is 1400 times / overall 2000 times
this is 1500 times / overall 2000 times
this is 1600 times / overall 2000 times
this is 1700 times / overall 2000 times
this is 1800 times / overall 2000 times
this is 1900 times / overall 2000 times
this is 75 times which has already done.
----------------------------------------------------------------------------------------------------
this is 76 times / overall 101 times (time step 750, t=7.50s)
1.5695231159749603 1.118168121625574 1.1240063689540734
----------------------------------------------------------------------------------------------------
find index iteration: 0 15000
short indx is [[    0  4067  4001 ...  4214  6910  5464]
 [    1 13873  7519 ... 10204  4682  2544]
 [    2  2233  1236 ...  8616   453  4517]
 ...
 [14997 13148 12878 ...  4911  8631  1410]
 [14998  4937  5598 ...  3504   501 10833]
 [14999 13727  1626 ...  2161  2780 11071]]
Scaled residual std at t=750: [3.13904623 2.23633624 2.24801274]
start_idx is 0; end_idx is 15000
this is 0 times / overall 2000 times
this is 100 times / overall 2000 times
this is 200 times / overall 2000 times
this is 300 times / overall 2000 times
this is 400 times / overall 2000 times
this is 500 times / overall 2000 times
this is 600 times / overall 2000 times
this is 700 times / overall 2000 times
this is 800 times / overall 2000 times
this is 900 times / overall 2000 times
this is 1000 times / overall 2000 times
this is 1100 times / overall 2000 times
this is 1200 times / overall 2000 times
this is 1300 times / overall 2000 times
this is 1400 times / overall 2000 times
this is 1500 times / overall 2000 times
this is 1600 times / overall 2000 times
this is 1700 times / overall 2000 times
this is 1800 times / overall 2000 times
this is 1900 times / overall 2000 times
this is 76 times which has already done.
----------------------------------------------------------------------------------------------------
this is 77 times / overall 101 times (time step 760, t=7.60s)
1.5784914383686879 1.1070455445876528 1.1251593439061287
----------------------------------------------------------------------------------------------------
find index iteration: 0 15000
short indx is [[    0  6288  5302 ...  3218 10347 14091]
 [    1   307 13604 ...  3749 14503  7553]
 [    2  9207 14201 ...   119  8825   802]
 ...
 [14997  3629  5537 ...  6650  4740 11060]
 [14998 10540  9581 ...  2433  4117  7289]
 [14999 14657  2110 ...  1286 10155 12217]]
Scaled residual std at t=760: [3.15698288 2.21409109 2.25031869]
start_idx is 0; end_idx is 15000
this is 0 times / overall 2000 times
this is 100 times / overall 2000 times
this is 200 times / overall 2000 times
this is 300 times / overall 2000 times
this is 400 times / overall 2000 times
this is 500 times / overall 2000 times
this is 600 times / overall 2000 times
this is 700 times / overall 2000 times
this is 800 times / overall 2000 times
this is 900 times / overall 2000 times
this is 1000 times / overall 2000 times
this is 1100 times / overall 2000 times
this is 1200 times / overall 2000 times
this is 1300 times / overall 2000 times
this is 1400 times / overall 2000 times
this is 1500 times / overall 2000 times
this is 1600 times / overall 2000 times
this is 1700 times / overall 2000 times
this is 1800 times / overall 2000 times
this is 1900 times / overall 2000 times
this is 77 times which has already done.
----------------------------------------------------------------------------------------------------
this is 78 times / overall 101 times (time step 770, t=7.70s)
1.5986403683427721 1.1231924712556245 1.1138475406850794
----------------------------------------------------------------------------------------------------
find index iteration: 0 15000
short indx is [[    0  1614  3572 ...   689  8096  2510]
 [    1  6689 13465 ... 13049 12720 13963]
 [    2  5750 10888 ... 12628  6357  4192]
 ...
 [14997  3645  2113 ...  2496  8806   781]
 [14998 12377  7371 ... 12642  8152 11370]
 [14999  2514 13123 ...  6470 10144  7237]]
Scaled residual std at t=770: [3.19728074 2.24638494 2.22769508]
start_idx is 0; end_idx is 15000
this is 0 times / overall 2000 times
this is 100 times / overall 2000 times
this is 200 times / overall 2000 times
this is 300 times / overall 2000 times
this is 400 times / overall 2000 times
this is 500 times / overall 2000 times
this is 600 times / overall 2000 times
this is 700 times / overall 2000 times
this is 800 times / overall 2000 times
this is 900 times / overall 2000 times
this is 1000 times / overall 2000 times
this is 1100 times / overall 2000 times
this is 1200 times / overall 2000 times
this is 1300 times / overall 2000 times
this is 1400 times / overall 2000 times
this is 1500 times / overall 2000 times
this is 1600 times / overall 2000 times
this is 1700 times / overall 2000 times
this is 1800 times / overall 2000 times
this is 1900 times / overall 2000 times
this is 78 times which has already done.
----------------------------------------------------------------------------------------------------
this is 79 times / overall 101 times (time step 780, t=7.80s)
1.578969526692795 1.1252027919285295 1.1214633807061303
----------------------------------------------------------------------------------------------------
find index iteration: 0 15000
short indx is [[    0 14186  1234 ...  2353  8754 11230]
 [    1  7044  6689 ...  4062 13005  9532]
 [    2  9351  7083 ...  9143 12324   611]
 ...
 [14997 11695  1964 ... 11892  3196  8763]
 [14998  3727  4006 ...  6001  1205  9736]
 [14999 13123  8540 ...  5370 13625  5990]]
Scaled residual std at t=780: [3.15793905 2.25040558 2.24292676]
start_idx is 0; end_idx is 15000
this is 0 times / overall 2000 times
this is 100 times / overall 2000 times
this is 200 times / overall 2000 times
this is 300 times / overall 2000 times
this is 400 times / overall 2000 times
this is 500 times / overall 2000 times
this is 600 times / overall 2000 times
this is 700 times / overall 2000 times
this is 800 times / overall 2000 times
this is 900 times / overall 2000 times
this is 1000 times / overall 2000 times
this is 1100 times / overall 2000 times
this is 1200 times / overall 2000 times
this is 1300 times / overall 2000 times
this is 1400 times / overall 2000 times
this is 1500 times / overall 2000 times
this is 1600 times / overall 2000 times
this is 1700 times / overall 2000 times
this is 1800 times / overall 2000 times
this is 1900 times / overall 2000 times
this is 79 times which has already done.
----------------------------------------------------------------------------------------------------
this is 80 times / overall 101 times (time step 790, t=7.90s)
1.5740128948579635 1.1066361721242806 1.1172379292914536
----------------------------------------------------------------------------------------------------
find index iteration: 0 15000
short indx is [[    0 12400  8520 ...  1705  3852 14602]
 [    1   381 13884 ...  5000  2193  1569]
 [    2  1654 14210 ... 11539 13543 13886]
 ...
 [14997  6541  2520 ... 10142  5039  6905]
 [14998  1080  9581 ... 11542 13745  4134]
 [14999  9909  4852 ... 14947  9748   193]]
Scaled residual std at t=790: [3.14802579 2.21327234 2.23447586]
start_idx is 0; end_idx is 15000
this is 0 times / overall 2000 times
this is 100 times / overall 2000 times
this is 200 times / overall 2000 times
this is 300 times / overall 2000 times
this is 400 times / overall 2000 times
this is 500 times / overall 2000 times
this is 600 times / overall 2000 times
this is 700 times / overall 2000 times
this is 800 times / overall 2000 times
this is 900 times / overall 2000 times
this is 1000 times / overall 2000 times
this is 1100 times / overall 2000 times
this is 1200 times / overall 2000 times
this is 1300 times / overall 2000 times
this is 1400 times / overall 2000 times
this is 1500 times / overall 2000 times
this is 1600 times / overall 2000 times
this is 1700 times / overall 2000 times
this is 1800 times / overall 2000 times
this is 1900 times / overall 2000 times
this is 80 times which has already done.
----------------------------------------------------------------------------------------------------
this is 81 times / overall 101 times (time step 800, t=8.00s)
1.591517480218422 1.1221263184052792 1.1218063486429766
----------------------------------------------------------------------------------------------------
find index iteration: 0 15000
short indx is [[    0   651   868 ... 12140  5928  6101]
 [    1  4822 13510 ... 11762 12810 13298]
 [    2 11463  2343 ... 10402  1054  3541]
 ...
 [14997  1347  4245 ...  7398 10077  9201]
 [14998  9581  9274 ...  7742  7542 13094]
 [14999  2555  7951 ...  5617  4136 10393]]
Scaled residual std at t=800: [3.18303496 2.24425264 2.2436127 ]
start_idx is 0; end_idx is 15000
this is 0 times / overall 2000 times
this is 100 times / overall 2000 times
this is 200 times / overall 2000 times
this is 300 times / overall 2000 times
this is 400 times / overall 2000 times
this is 500 times / overall 2000 times
this is 600 times / overall 2000 times
this is 700 times / overall 2000 times
this is 800 times / overall 2000 times
this is 900 times / overall 2000 times
this is 1000 times / overall 2000 times
this is 1100 times / overall 2000 times
this is 1200 times / overall 2000 times
this is 1300 times / overall 2000 times
this is 1400 times / overall 2000 times
this is 1500 times / overall 2000 times
this is 1600 times / overall 2000 times
this is 1700 times / overall 2000 times
this is 1800 times / overall 2000 times
this is 1900 times / overall 2000 times
this is 81 times which has already done.
----------------------------------------------------------------------------------------------------
this is 82 times / overall 101 times (time step 810, t=8.10s)
1.5782827425713888 1.1159822853957162 1.1164833890074144
----------------------------------------------------------------------------------------------------
find index iteration: 0 15000
short indx is [[    0  5119   165 ...  5961  9601 14662]
 [    1  3737  4188 ... 10312  6335  4787]
 [    2  9054  6508 ...   337  4514  9047]
 ...
 [14997  2542 13612 ...  6359  3427 13387]
 [14998 13614  9214 ... 13183  1840  4912]
 [14999 14640  3269 ...  3893  9030 14354]]
Scaled residual std at t=810: [3.15656549 2.23196457 2.23296678]
start_idx is 0; end_idx is 15000
this is 0 times / overall 2000 times
this is 100 times / overall 2000 times
this is 200 times / overall 2000 times
this is 300 times / overall 2000 times
this is 400 times / overall 2000 times
this is 500 times / overall 2000 times
this is 600 times / overall 2000 times
this is 700 times / overall 2000 times
this is 800 times / overall 2000 times
this is 900 times / overall 2000 times
this is 1000 times / overall 2000 times
this is 1100 times / overall 2000 times
this is 1200 times / overall 2000 times
this is 1300 times / overall 2000 times
this is 1400 times / overall 2000 times
this is 1500 times / overall 2000 times
this is 1600 times / overall 2000 times
this is 1700 times / overall 2000 times
this is 1800 times / overall 2000 times
this is 1900 times / overall 2000 times
this is 82 times which has already done.
----------------------------------------------------------------------------------------------------
this is 83 times / overall 101 times (time step 820, t=8.20s)
1.5851690947936397 1.1217457121802583 1.1250201676512663
----------------------------------------------------------------------------------------------------
find index iteration: 0 15000
short indx is [[    0  9475   443 ...  8377  1597  2602]
 [    1 14300 14507 ... 12483 11671 14475]
 [    2 10570 14029 ...  1490 13506  6681]
 ...
 [14997  1841  4451 ...  4579  5995  5022]
 [14998   642  7000 ...  4076 11424  7149]
 [14999 11414 14640 ...  7364  9372  2361]]
Scaled residual std at t=820: [3.17033819 2.24349142 2.25004034]
start_idx is 0; end_idx is 15000
this is 0 times / overall 2000 times
this is 100 times / overall 2000 times
this is 200 times / overall 2000 times
this is 300 times / overall 2000 times
this is 400 times / overall 2000 times
this is 500 times / overall 2000 times
this is 600 times / overall 2000 times
this is 700 times / overall 2000 times
this is 800 times / overall 2000 times
this is 900 times / overall 2000 times
this is 1000 times / overall 2000 times
this is 1100 times / overall 2000 times
this is 1200 times / overall 2000 times
this is 1300 times / overall 2000 times
this is 1400 times / overall 2000 times
this is 1500 times / overall 2000 times
this is 1600 times / overall 2000 times
this is 1700 times / overall 2000 times
this is 1800 times / overall 2000 times
this is 1900 times / overall 2000 times
this is 83 times which has already done.
----------------------------------------------------------------------------------------------------
this is 84 times / overall 101 times (time step 830, t=8.30s)
1.5758774962659055 1.1068277439831755 1.1139277981021594
----------------------------------------------------------------------------------------------------
find index iteration: 0 15000
short indx is [[    0  6431  6299 ...   952  3424 14651]
 [    1  3737 11954 ... 12378  9073 13755]
 [    2 10570 11524 ...  9484  3131  1725]
 ...
 [14997  1315 14282 ... 10967  6201 11256]
 [14998  5273  7133 ... 10510 12060 14236]
 [14999  4852  2555 ...  7973  2212 13361]]
Scaled residual std at t=830: [3.15175499 2.21365549 2.2278556 ]
start_idx is 0; end_idx is 15000
this is 0 times / overall 2000 times
this is 100 times / overall 2000 times
this is 200 times / overall 2000 times
this is 300 times / overall 2000 times
this is 400 times / overall 2000 times
this is 500 times / overall 2000 times
this is 600 times / overall 2000 times
this is 700 times / overall 2000 times
this is 800 times / overall 2000 times
this is 900 times / overall 2000 times
this is 1000 times / overall 2000 times
this is 1100 times / overall 2000 times
this is 1200 times / overall 2000 times
this is 1300 times / overall 2000 times
this is 1400 times / overall 2000 times
this is 1500 times / overall 2000 times
this is 1600 times / overall 2000 times
this is 1700 times / overall 2000 times
this is 1800 times / overall 2000 times
this is 1900 times / overall 2000 times
this is 84 times which has already done.
----------------------------------------------------------------------------------------------------
this is 85 times / overall 101 times (time step 840, t=8.40s)
1.591175844006696 1.1187626851060206 1.110760226391011
----------------------------------------------------------------------------------------------------
find index iteration: 0 15000
short indx is [[    0 14026 10727 ...  4274  3783 10124]
 [    1  6667 14300 ...  9361 12440 11952]
 [    2  7213 10098 ...  7647  1605  3252]
 ...
 [14997 11102 12098 ... 11322 14075  3643]
 [14998  7133 13367 ... 10532 14500 14742]
 [14999  2555  3355 ...  8458  2293 13938]]
Scaled residual std at t=840: [3.18235169 2.23752537 2.22152045]
start_idx is 0; end_idx is 15000
this is 0 times / overall 2000 times
this is 100 times / overall 2000 times
this is 200 times / overall 2000 times
this is 300 times / overall 2000 times
this is 400 times / overall 2000 times
this is 500 times / overall 2000 times
this is 600 times / overall 2000 times
this is 700 times / overall 2000 times
this is 800 times / overall 2000 times
this is 900 times / overall 2000 times
this is 1000 times / overall 2000 times
this is 1100 times / overall 2000 times
this is 1200 times / overall 2000 times
this is 1300 times / overall 2000 times
this is 1400 times / overall 2000 times
this is 1500 times / overall 2000 times
this is 1600 times / overall 2000 times
this is 1700 times / overall 2000 times
this is 1800 times / overall 2000 times
this is 1900 times / overall 2000 times
this is 85 times which has already done.
----------------------------------------------------------------------------------------------------
this is 86 times / overall 101 times (time step 850, t=8.50s)
1.5720059011620435 1.1129720292229581 1.1151457504296078
----------------------------------------------------------------------------------------------------
find index iteration: 0 15000
short indx is [[    0 12900  3216 ... 10297  5247  5464]
 [    1 13101 12630 ...  2051 11301  7023]
 [    2 12493  7583 ...  4707  2222 14415]
 ...
 [14997 10637 14132 ...  1374  4679   126]
 [14998  1158  8607 ... 13867 10421  7458]
 [14999  5562 12544 ... 10882  5776 14190]]
Scaled residual std at t=850: [3.1440118  2.22594406 2.2302915 ]
start_idx is 0; end_idx is 15000
this is 0 times / overall 2000 times
this is 100 times / overall 2000 times
this is 200 times / overall 2000 times
this is 300 times / overall 2000 times
this is 400 times / overall 2000 times
this is 500 times / overall 2000 times
this is 600 times / overall 2000 times
this is 700 times / overall 2000 times
this is 800 times / overall 2000 times
this is 900 times / overall 2000 times
this is 1000 times / overall 2000 times
this is 1100 times / overall 2000 times
this is 1200 times / overall 2000 times
this is 1300 times / overall 2000 times
this is 1400 times / overall 2000 times
this is 1500 times / overall 2000 times
this is 1600 times / overall 2000 times
this is 1700 times / overall 2000 times
this is 1800 times / overall 2000 times
this is 1900 times / overall 2000 times
this is 86 times which has already done.
----------------------------------------------------------------------------------------------------
this is 87 times / overall 101 times (time step 860, t=8.60s)
1.5760827872978596 1.113909923540542 1.1050120246030881
----------------------------------------------------------------------------------------------------
find index iteration: 0 15000
short indx is [[    0 12625 13948 ...  4574 13369 11644]
 [    1 12695  5103 ... 11077  2042  5623]
 [    2  4430  6924 ... 11818 11395  7865]
 ...
 [14997  9504  4330 ...  4380 14626 10200]
 [14998  1853 14292 ...  8840  6898 11717]
 [14999  2642  9793 ...  1435 10694  3787]]
Scaled residual std at t=860: [3.15216557 2.22781985 2.21002405]
start_idx is 0; end_idx is 15000
this is 0 times / overall 2000 times
this is 100 times / overall 2000 times
this is 200 times / overall 2000 times
this is 300 times / overall 2000 times
this is 400 times / overall 2000 times
this is 500 times / overall 2000 times
this is 600 times / overall 2000 times
this is 700 times / overall 2000 times
this is 800 times / overall 2000 times
this is 900 times / overall 2000 times
this is 1000 times / overall 2000 times
this is 1100 times / overall 2000 times
this is 1200 times / overall 2000 times
this is 1300 times / overall 2000 times
this is 1400 times / overall 2000 times
this is 1500 times / overall 2000 times
this is 1600 times / overall 2000 times
this is 1700 times / overall 2000 times
this is 1800 times / overall 2000 times
this is 1900 times / overall 2000 times
this is 87 times which has already done.
----------------------------------------------------------------------------------------------------
this is 88 times / overall 101 times (time step 870, t=8.70s)
1.5846830619150802 1.1318448516476145 1.1108490871501566
----------------------------------------------------------------------------------------------------
find index iteration: 0 15000
short indx is [[    0  2286  2907 ...  7214  8759  4514]
 [    1 10836 12750 ...  5625 11174  3257]
 [    2  8733  9842 ... 14543   119 13191]
 ...
 [14997 13113  7167 ... 13142 13851 13736]
 [14998 11659  3060 ...  6056  6151  7258]
 [14999 10037 14717 ... 11348 11382 10110]]
Scaled residual std at t=870: [3.16936612 2.2636897  2.22169817]
start_idx is 0; end_idx is 15000
this is 0 times / overall 2000 times
this is 100 times / overall 2000 times
this is 200 times / overall 2000 times
this is 300 times / overall 2000 times
this is 400 times / overall 2000 times
this is 500 times / overall 2000 times
this is 600 times / overall 2000 times
this is 700 times / overall 2000 times
this is 800 times / overall 2000 times
this is 900 times / overall 2000 times
this is 1000 times / overall 2000 times
this is 1100 times / overall 2000 times
this is 1200 times / overall 2000 times
this is 1300 times / overall 2000 times
this is 1400 times / overall 2000 times
this is 1500 times / overall 2000 times
this is 1600 times / overall 2000 times
this is 1700 times / overall 2000 times
this is 1800 times / overall 2000 times
this is 1900 times / overall 2000 times
this is 88 times which has already done.
----------------------------------------------------------------------------------------------------
this is 89 times / overall 101 times (time step 880, t=8.80s)
1.5849397888733736 1.1096892866192265 1.1263389737402723
----------------------------------------------------------------------------------------------------
find index iteration: 0 15000
short indx is [[    0  6682  2286 ... 11343  5023 11234]
 [    1 10836  4483 ...   231  4310  2491]
 [    2  4619  4615 ... 10065  8574  9976]
 ...
 [14997 14459  9453 ...  2720 14405 12457]
 [14998 11557  8199 ...  6909   549 10710]
 [14999  8321  6479 ...   557 13338 12984]]
Scaled residual std at t=880: [3.16987958 2.21937857 2.25267795]
start_idx is 0; end_idx is 15000
this is 0 times / overall 2000 times
this is 100 times / overall 2000 times
this is 200 times / overall 2000 times
this is 300 times / overall 2000 times
this is 400 times / overall 2000 times
this is 500 times / overall 2000 times
this is 600 times / overall 2000 times
this is 700 times / overall 2000 times
this is 800 times / overall 2000 times
this is 900 times / overall 2000 times
this is 1000 times / overall 2000 times
this is 1100 times / overall 2000 times
this is 1200 times / overall 2000 times
this is 1300 times / overall 2000 times
this is 1400 times / overall 2000 times
this is 1500 times / overall 2000 times
this is 1600 times / overall 2000 times
this is 1700 times / overall 2000 times
this is 1800 times / overall 2000 times
this is 1900 times / overall 2000 times
this is 89 times which has already done.
----------------------------------------------------------------------------------------------------
this is 90 times / overall 101 times (time step 890, t=8.90s)
1.589269260073863 1.1055625097036843 1.120366536136705
----------------------------------------------------------------------------------------------------
find index iteration: 0 15000
short indx is [[    0 14811   525 ...   772  9710   571]
 [    1 14235 12695 ...  1076 12052  8085]
 [    2  6873   331 ...  2288  8847  6864]
 ...
 [14997 11430  1026 ...  7467 11166    50]
 [14998  8199  4588 ... 12696  4493  7035]
 [14999  6919 13595 ... 10285  4944  3850]]
Scaled residual std at t=890: [3.17853852 2.21112502 2.24073307]
start_idx is 0; end_idx is 15000
this is 0 times / overall 2000 times
this is 100 times / overall 2000 times
this is 200 times / overall 2000 times
this is 300 times / overall 2000 times
this is 400 times / overall 2000 times
this is 500 times / overall 2000 times
this is 600 times / overall 2000 times
this is 700 times / overall 2000 times
this is 800 times / overall 2000 times
this is 900 times / overall 2000 times
this is 1000 times / overall 2000 times
this is 1100 times / overall 2000 times
this is 1200 times / overall 2000 times
this is 1300 times / overall 2000 times
this is 1400 times / overall 2000 times
this is 1500 times / overall 2000 times
this is 1600 times / overall 2000 times
this is 1700 times / overall 2000 times
this is 1800 times / overall 2000 times
this is 1900 times / overall 2000 times
this is 90 times which has already done.
----------------------------------------------------------------------------------------------------
this is 91 times / overall 101 times (time step 900, t=9.00s)
1.5917612185022172 1.1149466677840054 1.1211887363316881
----------------------------------------------------------------------------------------------------
find index iteration: 0 15000
short indx is [[    0  1725  9071 ... 10894 11680  6840]
 [    1  7568  5997 ... 12671 10411  3241]
 [    2  1360 11900 ... 13837  5871  5910]
 ...
 [14997  4245  5393 ...  5347  9635   120]
 [14998  4000 13204 ...  7694  2432    50]
 [14999  7905   155 ...   165  6730 10697]]
Scaled residual std at t=900: [3.18352244 2.22989334 2.24237747]
start_idx is 0; end_idx is 15000
this is 0 times / overall 2000 times
this is 100 times / overall 2000 times
this is 200 times / overall 2000 times
this is 300 times / overall 2000 times
this is 400 times / overall 2000 times
this is 500 times / overall 2000 times
this is 600 times / overall 2000 times
this is 700 times / overall 2000 times
this is 800 times / overall 2000 times
this is 900 times / overall 2000 times
this is 1000 times / overall 2000 times
this is 1100 times / overall 2000 times
this is 1200 times / overall 2000 times
this is 1300 times / overall 2000 times
this is 1400 times / overall 2000 times
this is 1500 times / overall 2000 times
this is 1600 times / overall 2000 times
this is 1700 times / overall 2000 times
this is 1800 times / overall 2000 times
this is 1900 times / overall 2000 times
this is 91 times which has already done.
----------------------------------------------------------------------------------------------------
this is 92 times / overall 101 times (time step 910, t=9.10s)
1.5711844001219044 1.1188936063418007 1.1254514869337373
----------------------------------------------------------------------------------------------------
find index iteration: 0 15000
short indx is [[    0  2477  9071 ... 11477  7001 12646]
 [    1  3168 12869 ... 12373 10154  3578]
 [    2  6199  5945 ... 13896   959  8449]
 ...
 [14997  6166  9388 ... 14546 14604 10878]
 [14998  2040 11952 ...  1883  2353  9504]
 [14999  7307 13423 ... 11162  3158  1132]]
Scaled residual std at t=910: [3.1423688  2.23778721 2.25090297]
start_idx is 0; end_idx is 15000
this is 0 times / overall 2000 times
this is 100 times / overall 2000 times
this is 200 times / overall 2000 times
this is 300 times / overall 2000 times
this is 400 times / overall 2000 times
this is 500 times / overall 2000 times
this is 600 times / overall 2000 times
this is 700 times / overall 2000 times
this is 800 times / overall 2000 times
this is 900 times / overall 2000 times
this is 1000 times / overall 2000 times
this is 1100 times / overall 2000 times
this is 1200 times / overall 2000 times
this is 1300 times / overall 2000 times
this is 1400 times / overall 2000 times
this is 1500 times / overall 2000 times
this is 1600 times / overall 2000 times
this is 1700 times / overall 2000 times
this is 1800 times / overall 2000 times
this is 1900 times / overall 2000 times
this is 92 times which has already done.
----------------------------------------------------------------------------------------------------
this is 93 times / overall 101 times (time step 920, t=9.20s)
1.5926385269715206 1.1214542611552036 1.1291749900070827
----------------------------------------------------------------------------------------------------
find index iteration: 0 15000
short indx is [[    0 10722  7960 ...  2242  3882  9214]
 [    1  1534  1579 ... 13887  5503 10006]
 [    2 11473 13100 ...  7853  9820  2938]
 ...
 [14997   163  5907 ...   101  4101 10366]
 [14998  5909  4000 ... 14718  2169  1316]
 [14999  8197  3701 ... 14396  2534  3987]]
Scaled residual std at t=920: [3.18527705 2.24290852 2.25834998]
start_idx is 0; end_idx is 15000
this is 0 times / overall 2000 times
this is 100 times / overall 2000 times
this is 200 times / overall 2000 times
this is 300 times / overall 2000 times
this is 400 times / overall 2000 times
this is 500 times / overall 2000 times
this is 600 times / overall 2000 times
this is 700 times / overall 2000 times
this is 800 times / overall 2000 times
this is 900 times / overall 2000 times
this is 1000 times / overall 2000 times
this is 1100 times / overall 2000 times
this is 1200 times / overall 2000 times
this is 1300 times / overall 2000 times
this is 1400 times / overall 2000 times
this is 1500 times / overall 2000 times
this is 1600 times / overall 2000 times
this is 1700 times / overall 2000 times
this is 1800 times / overall 2000 times
this is 1900 times / overall 2000 times
this is 93 times which has already done.
----------------------------------------------------------------------------------------------------
this is 94 times / overall 101 times (time step 930, t=9.30s)
1.5766074781818558 1.1077234032672354 1.120529001751493
----------------------------------------------------------------------------------------------------
find index iteration: 0 15000
short indx is [[    0 10722  4742 ... 12034  5927 13941]
 [    1  9221  3204 ...   428  2919 10941]
 [    2  9123 10810 ...   962   817 12234]
 ...
 [14997  3783  4227 ... 11502 14384  4092]
 [14998  4749  6032 ...  6552 14588 14585]
 [14999 10767  3776 ...  5644 12184 14611]]
Scaled residual std at t=930: [3.15321496 2.21544681 2.241058  ]
start_idx is 0; end_idx is 15000
this is 0 times / overall 2000 times
this is 100 times / overall 2000 times
this is 200 times / overall 2000 times
this is 300 times / overall 2000 times
this is 400 times / overall 2000 times
this is 500 times / overall 2000 times
this is 600 times / overall 2000 times
this is 700 times / overall 2000 times
this is 800 times / overall 2000 times
this is 900 times / overall 2000 times
this is 1000 times / overall 2000 times
this is 1100 times / overall 2000 times
this is 1200 times / overall 2000 times
this is 1300 times / overall 2000 times
this is 1400 times / overall 2000 times
this is 1500 times / overall 2000 times
this is 1600 times / overall 2000 times
this is 1700 times / overall 2000 times
this is 1800 times / overall 2000 times
this is 1900 times / overall 2000 times
this is 94 times which has already done.
----------------------------------------------------------------------------------------------------
this is 95 times / overall 101 times (time step 940, t=9.40s)
1.5788053068982655 1.1275101494683129 1.117016397098675
----------------------------------------------------------------------------------------------------
find index iteration: 0 15000
short indx is [[    0  1554 10439 ... 11480 11400 10137]
 [    1  9156  7283 ... 11621  2519  1841]
 [    2  4530  7904 ...  4912 10164 12272]
 ...
 [14997  1805  8561 ...  5168 14145  7575]
 [14998  8085  9623 ...  5833  4827 10219]
 [14999  9653  4633 ... 13830  6210  7790]]
Scaled residual std at t=940: [3.15761061 2.2550203  2.23403279]
start_idx is 0; end_idx is 15000
this is 0 times / overall 2000 times
this is 100 times / overall 2000 times
this is 200 times / overall 2000 times
this is 300 times / overall 2000 times
this is 400 times / overall 2000 times
this is 500 times / overall 2000 times
this is 600 times / overall 2000 times
this is 700 times / overall 2000 times
this is 800 times / overall 2000 times
this is 900 times / overall 2000 times
this is 1000 times / overall 2000 times
this is 1100 times / overall 2000 times
this is 1200 times / overall 2000 times
this is 1300 times / overall 2000 times
this is 1400 times / overall 2000 times
this is 1500 times / overall 2000 times
this is 1600 times / overall 2000 times
this is 1700 times / overall 2000 times
this is 1800 times / overall 2000 times
this is 1900 times / overall 2000 times
this is 95 times which has already done.
----------------------------------------------------------------------------------------------------
this is 96 times / overall 101 times (time step 950, t=9.50s)
1.5791040662531786 1.1173156095991452 1.1183493336762502
----------------------------------------------------------------------------------------------------
find index iteration: 0 15000
short indx is [[    0  4742 10439 ...  7331 10163 14450]
 [    1  6604   330 ...   999  5230 13914]
 [    2  9456  9547 ...   148  1981  2637]
 ...
 [14997  1440  7564 ...  8345  8754 10495]
 [14998 11863 12994 ...  7925  8679 10205]
 [14999  3803 12979 ...  4125  7278  9947]]
Scaled residual std at t=950: [3.15820813 2.23463122 2.23669867]
start_idx is 0; end_idx is 15000
this is 0 times / overall 2000 times
this is 100 times / overall 2000 times
this is 200 times / overall 2000 times
this is 300 times / overall 2000 times
this is 400 times / overall 2000 times
this is 500 times / overall 2000 times
this is 600 times / overall 2000 times
this is 700 times / overall 2000 times
this is 800 times / overall 2000 times
this is 900 times / overall 2000 times
this is 1000 times / overall 2000 times
this is 1100 times / overall 2000 times
this is 1200 times / overall 2000 times
this is 1300 times / overall 2000 times
this is 1400 times / overall 2000 times
this is 1500 times / overall 2000 times
this is 1600 times / overall 2000 times
this is 1700 times / overall 2000 times
this is 1800 times / overall 2000 times
this is 1900 times / overall 2000 times
this is 96 times which has already done.
----------------------------------------------------------------------------------------------------
this is 97 times / overall 101 times (time step 960, t=9.60s)
1.574435008579116 1.1228460453787377 1.1269824575060416
----------------------------------------------------------------------------------------------------
find index iteration: 0 15000
short indx is [[    0 13312  6952 ...  8548 11447  9828]
 [    1 13485 12157 ...  8125  1275 14213]
 [    2  3437  6465 ... 10227  1430  5083]
 ...
 [14997 10503  6979 ...  7611  6413   738]
 [14998   188 11863 ... 12818 11112  8612]
 [14999 13208 11462 ... 13620  7400   691]]
Scaled residual std at t=960: [3.14887002 2.24569209 2.25396492]
start_idx is 0; end_idx is 15000
this is 0 times / overall 2000 times
this is 100 times / overall 2000 times
this is 200 times / overall 2000 times
this is 300 times / overall 2000 times
this is 400 times / overall 2000 times
this is 500 times / overall 2000 times
this is 600 times / overall 2000 times
this is 700 times / overall 2000 times
this is 800 times / overall 2000 times
this is 900 times / overall 2000 times
this is 1000 times / overall 2000 times
this is 1100 times / overall 2000 times
this is 1200 times / overall 2000 times
this is 1300 times / overall 2000 times
this is 1400 times / overall 2000 times
this is 1500 times / overall 2000 times
this is 1600 times / overall 2000 times
this is 1700 times / overall 2000 times
this is 1800 times / overall 2000 times
this is 1900 times / overall 2000 times
this is 97 times which has already done.
----------------------------------------------------------------------------------------------------
this is 98 times / overall 101 times (time step 970, t=9.70s)
1.5757541010503384 1.110830901707334 1.1163941410137894
----------------------------------------------------------------------------------------------------
find index iteration: 0 15000
short indx is [[    0  3633  8697 ...  4680 11557 10190]
 [    1  6856 13408 ...  1337  9842   498]
 [    2  9096  6878 ...   188 11148  7151]
 ...
 [14997 13248 13106 ... 13542 11646  1828]
 [14998  6646  4470 ...  2776 12928 14887]
 [14999 13862  3803 ...  9082  8547  6847]]
Scaled residual std at t=970: [3.1515082  2.2216618  2.23278828]
start_idx is 0; end_idx is 15000
this is 0 times / overall 2000 times
this is 100 times / overall 2000 times
this is 200 times / overall 2000 times
this is 300 times / overall 2000 times
this is 400 times / overall 2000 times
this is 500 times / overall 2000 times
this is 600 times / overall 2000 times
this is 700 times / overall 2000 times
this is 800 times / overall 2000 times
this is 900 times / overall 2000 times
this is 1000 times / overall 2000 times
this is 1100 times / overall 2000 times
this is 1200 times / overall 2000 times
this is 1300 times / overall 2000 times
this is 1400 times / overall 2000 times
this is 1500 times / overall 2000 times
this is 1600 times / overall 2000 times
this is 1700 times / overall 2000 times
this is 1800 times / overall 2000 times
this is 1900 times / overall 2000 times
this is 98 times which has already done.
----------------------------------------------------------------------------------------------------
this is 99 times / overall 101 times (time step 980, t=9.80s)
1.5855880891585639 1.1113222586546496 1.1240891555840078
----------------------------------------------------------------------------------------------------
find index iteration: 0 15000
short indx is [[    0  9071  4742 ...  8078 10992  4212]
 [    1  6689   776 ... 11760 14877  9723]
 [    2  7650  1174 ... 10880   998 10619]
 ...
 [14997  6939  6465 ... 10992  4991  7405]
 [14998 14351  2007 ...   252  9118  4735]
 [14999 11291  8980 ...  8063  2621   448]]
Scaled residual std at t=980: [3.17117618 2.22264452 2.24817831]
start_idx is 0; end_idx is 15000
this is 0 times / overall 2000 times
this is 100 times / overall 2000 times
this is 200 times / overall 2000 times
this is 300 times / overall 2000 times
this is 400 times / overall 2000 times
this is 500 times / overall 2000 times
this is 600 times / overall 2000 times
this is 700 times / overall 2000 times
this is 800 times / overall 2000 times
this is 900 times / overall 2000 times
this is 1000 times / overall 2000 times
this is 1100 times / overall 2000 times
this is 1200 times / overall 2000 times
this is 1300 times / overall 2000 times
this is 1400 times / overall 2000 times
this is 1500 times / overall 2000 times
this is 1600 times / overall 2000 times
this is 1700 times / overall 2000 times
this is 1800 times / overall 2000 times
this is 1900 times / overall 2000 times
this is 99 times which has already done.
----------------------------------------------------------------------------------------------------
this is 100 times / overall 101 times (time step 990, t=9.90s)
1.5841978059677932 1.1161171624954753 1.1217779122237737
----------------------------------------------------------------------------------------------------
find index iteration: 0 15000
short indx is [[    0  9910  4742 ...  3863  4475  5418]
 [    1   776  1681 ...  9467  6712   436]
 [    2  1902  4391 ... 10503  1078   473]
 ...
 [14997  7768 11517 ...  4109  9329  1378]
 [14998  4872  4239 ... 13729  8302   774]
 [14999  8565 10292 ...  1498  1078   519]]
Scaled residual std at t=990: [3.16839561 2.23223432 2.24355582]
start_idx is 0; end_idx is 15000
this is 0 times / overall 2000 times
this is 100 times / overall 2000 times
this is 200 times / overall 2000 times
this is 300 times / overall 2000 times
this is 400 times / overall 2000 times
this is 500 times / overall 2000 times
this is 600 times / overall 2000 times
this is 700 times / overall 2000 times
this is 800 times / overall 2000 times
this is 900 times / overall 2000 times
this is 1000 times / overall 2000 times
this is 1100 times / overall 2000 times
this is 1200 times / overall 2000 times
this is 1300 times / overall 2000 times
this is 1400 times / overall 2000 times
this is 1500 times / overall 2000 times
this is 1600 times / overall 2000 times
this is 1700 times / overall 2000 times
this is 1800 times / overall 2000 times
this is 1900 times / overall 2000 times
this is 100 times which has already done.
----------------------------------------------------------------------------------------------------
this is 101 times / overall 101 times (time step 999, t=10.00s)
1.5672126571367122 1.1179531005732204 1.1060021267407067
----------------------------------------------------------------------------------------------------
find index iteration: 0 15000
short indx is [[    0 10217  5015 ... 12522 11319 11167]
 [    1 14500  6711 ... 10996  5661 12359]
 [    2  5760  5970 ... 12061  1243   129]
 ...
 [14997 10845   193 ...  1317  9785  6353]
 [14998  3761  1327 ...  5430 10912  5994]
 [14999 10803  4725 ...  7312  5097  7934]]
Scaled residual std at t=999: [3.13442531 2.2359062  2.21200425]
start_idx is 0; end_idx is 15000
this is 0 times / overall 2000 times
this is 100 times / overall 2000 times
this is 200 times / overall 2000 times
this is 300 times / overall 2000 times
this is 400 times / overall 2000 times
this is 500 times / overall 2000 times
this is 600 times / overall 2000 times
this is 700 times / overall 2000 times
this is 800 times / overall 2000 times
this is 900 times / overall 2000 times
this is 1000 times / overall 2000 times
this is 1100 times / overall 2000 times
this is 1200 times / overall 2000 times
this is 1300 times / overall 2000 times
this is 1400 times / overall 2000 times
this is 1500 times / overall 2000 times
this is 1600 times / overall 2000 times
this is 1700 times / overall 2000 times
this is 1800 times / overall 2000 times
this is 1900 times / overall 2000 times
this is 101 times which has already done.
[INFO] the ODE solution shape is: (15000, 3, 101)
[INFO] this is print for mean and std: (101, 3) (101, 3)
Training on 100 time points out of 101 total
Time range: 0.00s to 1.00s
this is 1 times / overall 100 times (time step 0, t=0.00s)
this is 1 dimension / overall 3 dimensions
Training model 1/5
Training model 2/5
Training model 3/5
Training model 4/5
Training model 5/5
this is 2 dimension / overall 3 dimensions
Training model 1/5
Training model 2/5
Training model 3/5
Training model 4/5
Training model 5/5
this is 3 dimension / overall 3 dimensions
Training model 1/5
Training model 2/5
Training model 3/5
Training model 4/5
Training model 5/5
this is 2 times / overall 100 times (time step 1, t=0.01s)
this is 1 dimension / overall 3 dimensions
Training model 1/5
Training model 2/5
Training model 3/5
Training model 4/5
Training model 5/5
this is 2 dimension / overall 3 dimensions
Training model 1/5
Training model 2/5
Training model 3/5
Training model 4/5
Training model 5/5
this is 3 dimension / overall 3 dimensions
Training model 1/5
Training model 2/5
Training model 3/5
Training model 4/5
Training model 5/5
this is 3 times / overall 100 times (time step 2, t=0.02s)
this is 1 dimension / overall 3 dimensions
Training model 1/5
Training model 2/5
Training model 3/5
Training model 4/5
Training model 5/5
this is 2 dimension / overall 3 dimensions
Training model 1/5
Training model 2/5
Training model 3/5
Training model 4/5
Training model 5/5
this is 3 dimension / overall 3 dimensions
Training model 1/5
Training model 2/5
Training model 3/5
Training model 4/5
Training model 5/5
this is 4 times / overall 100 times (time step 3, t=0.03s)
this is 1 dimension / overall 3 dimensions
Training model 1/5
Training model 2/5
Training model 3/5
Training model 4/5
Training model 5/5
this is 2 dimension / overall 3 dimensions
Training model 1/5
Training model 2/5
Training model 3/5
Training model 4/5
Training model 5/5
this is 3 dimension / overall 3 dimensions
Training model 1/5
Training model 2/5
Training model 3/5
Training model 4/5
Training model 5/5
this is 5 times / overall 100 times (time step 4, t=0.04s)
this is 1 dimension / overall 3 dimensions
Training model 1/5
Training model 2/5
Training model 3/5
Training model 4/5
Training model 5/5
this is 2 dimension / overall 3 dimensions
Training model 1/5
Training model 2/5
Training model 3/5
Training model 4/5
Training model 5/5
this is 3 dimension / overall 3 dimensions
Training model 1/5
Training model 2/5
Training model 3/5
Training model 4/5
Training model 5/5
this is 6 times / overall 100 times (time step 5, t=0.05s)
this is 1 dimension / overall 3 dimensions
Training model 1/5
Training model 2/5
Training model 3/5
Training model 4/5
Training model 5/5
this is 2 dimension / overall 3 dimensions
Training model 1/5
Training model 2/5
Training model 3/5
Training model 4/5
Training model 5/5
this is 3 dimension / overall 3 dimensions
Training model 1/5
Training model 2/5
Training model 3/5
Training model 4/5
Training model 5/5
this is 7 times / overall 100 times (time step 6, t=0.06s)
this is 1 dimension / overall 3 dimensions
Training model 1/5
Training model 2/5
Training model 3/5
Training model 4/5
Training model 5/5
this is 2 dimension / overall 3 dimensions
Training model 1/5
Training model 2/5
Training model 3/5
Training model 4/5
Training model 5/5
this is 3 dimension / overall 3 dimensions
Training model 1/5
Training model 2/5
Training model 3/5
Training model 4/5
Training model 5/5
this is 8 times / overall 100 times (time step 7, t=0.07s)
this is 1 dimension / overall 3 dimensions
Training model 1/5
Training model 2/5
Training model 3/5
Training model 4/5
Training model 5/5
this is 2 dimension / overall 3 dimensions
Training model 1/5
Training model 2/5
Training model 3/5
Training model 4/5
Training model 5/5
this is 3 dimension / overall 3 dimensions
Training model 1/5
Training model 2/5
Training model 3/5
Training model 4/5
Training model 5/5
this is 9 times / overall 100 times (time step 8, t=0.08s)
this is 1 dimension / overall 3 dimensions
Training model 1/5
Training model 2/5
Training model 3/5
Training model 4/5
Training model 5/5
this is 2 dimension / overall 3 dimensions
Training model 1/5
Training model 2/5
Training model 3/5
Training model 4/5
Training model 5/5
this is 3 dimension / overall 3 dimensions
Training model 1/5
Training model 2/5
Training model 3/5
Training model 4/5
Training model 5/5
this is 10 times / overall 100 times (time step 9, t=0.09s)
this is 1 dimension / overall 3 dimensions
Training model 1/5
Training model 2/5
Training model 3/5
Training model 4/5
Training model 5/5
this is 2 dimension / overall 3 dimensions
Training model 1/5
Training model 2/5
Training model 3/5
Training model 4/5
Training model 5/5
this is 3 dimension / overall 3 dimensions
Training model 1/5
Training model 2/5
Training model 3/5
Training model 4/5
Training model 5/5
this is 11 times / overall 100 times (time step 10, t=0.10s)
this is 1 dimension / overall 3 dimensions
Training model 1/5
Training model 2/5
Training model 3/5
Training model 4/5
Training model 5/5
this is 2 dimension / overall 3 dimensions
Training model 1/5
Training model 2/5
Training model 3/5
Training model 4/5
Training model 5/5
this is 3 dimension / overall 3 dimensions
Training model 1/5
Training model 2/5
Training model 3/5
Training model 4/5
Training model 5/5
this is 12 times / overall 100 times (time step 11, t=0.11s)
this is 1 dimension / overall 3 dimensions
Training model 1/5
Training model 2/5
Training model 3/5
Training model 4/5
Training model 5/5
this is 2 dimension / overall 3 dimensions
Training model 1/5
Training model 2/5
Training model 3/5
Training model 4/5
Training model 5/5
this is 3 dimension / overall 3 dimensions
Training model 1/5
Training model 2/5
Training model 3/5
Training model 4/5
Training model 5/5
this is 13 times / overall 100 times (time step 12, t=0.12s)
this is 1 dimension / overall 3 dimensions
Training model 1/5
Training model 2/5
Training model 3/5
Training model 4/5
Training model 5/5
this is 2 dimension / overall 3 dimensions
Training model 1/5
Training model 2/5
Training model 3/5
Training model 4/5
Training model 5/5
this is 3 dimension / overall 3 dimensions
Training model 1/5
Training model 2/5
Training model 3/5
Training model 4/5
Training model 5/5
this is 14 times / overall 100 times (time step 13, t=0.13s)
this is 1 dimension / overall 3 dimensions
Training model 1/5
Training model 2/5
Training model 3/5
Training model 4/5
Training model 5/5
this is 2 dimension / overall 3 dimensions
Training model 1/5
Training model 2/5
Training model 3/5
Training model 4/5
Training model 5/5
this is 3 dimension / overall 3 dimensions
Training model 1/5
Training model 2/5
Training model 3/5
Training model 4/5
Training model 5/5
this is 15 times / overall 100 times (time step 14, t=0.14s)
this is 1 dimension / overall 3 dimensions
Training model 1/5
Training model 2/5
Training model 3/5
Training model 4/5
Training model 5/5
this is 2 dimension / overall 3 dimensions
Training model 1/5
Training model 2/5
Training model 3/5
Training model 4/5
Training model 5/5
this is 3 dimension / overall 3 dimensions
Training model 1/5
Training model 2/5
Training model 3/5
Training model 4/5
Training model 5/5
this is 16 times / overall 100 times (time step 15, t=0.15s)
this is 1 dimension / overall 3 dimensions
Training model 1/5
Training model 2/5
Training model 3/5
Training model 4/5
Training model 5/5
this is 2 dimension / overall 3 dimensions
Training model 1/5
Training model 2/5
Training model 3/5
Training model 4/5
Training model 5/5
this is 3 dimension / overall 3 dimensions
Training model 1/5
Training model 2/5
Training model 3/5
Training model 4/5
Training model 5/5
this is 17 times / overall 100 times (time step 16, t=0.16s)
this is 1 dimension / overall 3 dimensions
Training model 1/5
Training model 2/5
Training model 3/5
Training model 4/5
Training model 5/5
this is 2 dimension / overall 3 dimensions
Training model 1/5
Training model 2/5
Training model 3/5
Training model 4/5
Training model 5/5
this is 3 dimension / overall 3 dimensions
Training model 1/5
Training model 2/5
Training model 3/5
Training model 4/5
Training model 5/5
this is 18 times / overall 100 times (time step 17, t=0.17s)
this is 1 dimension / overall 3 dimensions
Training model 1/5
Training model 2/5
Training model 3/5
Training model 4/5
Training model 5/5
this is 2 dimension / overall 3 dimensions
Training model 1/5
Training model 2/5
Training model 3/5
Training model 4/5
Training model 5/5
this is 3 dimension / overall 3 dimensions
Training model 1/5
Training model 2/5
Training model 3/5
Training model 4/5
Training model 5/5
this is 19 times / overall 100 times (time step 18, t=0.18s)
this is 1 dimension / overall 3 dimensions
Training model 1/5
Training model 2/5
Training model 3/5
Training model 4/5
Training model 5/5
this is 2 dimension / overall 3 dimensions
Training model 1/5
Training model 2/5
Training model 3/5
Training model 4/5
Training model 5/5
this is 3 dimension / overall 3 dimensions
Training model 1/5
Training model 2/5
Training model 3/5
Training model 4/5
Training model 5/5
this is 20 times / overall 100 times (time step 19, t=0.19s)
this is 1 dimension / overall 3 dimensions
Training model 1/5
Training model 2/5
Training model 3/5
Training model 4/5
Training model 5/5
this is 2 dimension / overall 3 dimensions
Training model 1/5
Training model 2/5
Training model 3/5
Training model 4/5
Training model 5/5
this is 3 dimension / overall 3 dimensions
Training model 1/5
Training model 2/5
Training model 3/5
Training model 4/5
Training model 5/5
this is 21 times / overall 100 times (time step 20, t=0.20s)
this is 1 dimension / overall 3 dimensions
Training model 1/5
Training model 2/5
Training model 3/5
Training model 4/5
Training model 5/5
this is 2 dimension / overall 3 dimensions
Training model 1/5
Training model 2/5
Training model 3/5
Training model 4/5
Training model 5/5
this is 3 dimension / overall 3 dimensions
Training model 1/5
Training model 2/5
Training model 3/5
Training model 4/5
Training model 5/5
this is 22 times / overall 100 times (time step 21, t=0.21s)
this is 1 dimension / overall 3 dimensions
Training model 1/5
Training model 2/5
Training model 3/5
Training model 4/5
Training model 5/5
this is 2 dimension / overall 3 dimensions
Training model 1/5
Training model 2/5
Training model 3/5
Training model 4/5
Training model 5/5
this is 3 dimension / overall 3 dimensions
Training model 1/5
Training model 2/5
Training model 3/5
Training model 4/5
Training model 5/5
this is 23 times / overall 100 times (time step 22, t=0.22s)
this is 1 dimension / overall 3 dimensions
Training model 1/5
Training model 2/5
Training model 3/5
Training model 4/5
Training model 5/5
this is 2 dimension / overall 3 dimensions
Training model 1/5
Training model 2/5
Training model 3/5
Training model 4/5
Training model 5/5
this is 3 dimension / overall 3 dimensions
Training model 1/5
Training model 2/5
Training model 3/5
Training model 4/5
Training model 5/5
this is 24 times / overall 100 times (time step 23, t=0.23s)
this is 1 dimension / overall 3 dimensions
Training model 1/5
Training model 2/5
Training model 3/5
Training model 4/5
Training model 5/5
this is 2 dimension / overall 3 dimensions
Training model 1/5
Training model 2/5
Training model 3/5
Training model 4/5
Training model 5/5
this is 3 dimension / overall 3 dimensions
Training model 1/5
Training model 2/5
Training model 3/5
Training model 4/5
Training model 5/5
this is 25 times / overall 100 times (time step 24, t=0.24s)
this is 1 dimension / overall 3 dimensions
Training model 1/5
Training model 2/5
Training model 3/5
Training model 4/5
Training model 5/5
this is 2 dimension / overall 3 dimensions
Training model 1/5
Training model 2/5
Training model 3/5
Training model 4/5
Training model 5/5
this is 3 dimension / overall 3 dimensions
Training model 1/5
Training model 2/5
Training model 3/5
Training model 4/5
Training model 5/5
this is 26 times / overall 100 times (time step 25, t=0.25s)
this is 1 dimension / overall 3 dimensions
Training model 1/5
Training model 2/5
Training model 3/5
Training model 4/5
Training model 5/5
this is 2 dimension / overall 3 dimensions
Training model 1/5
Training model 2/5
Training model 3/5
Training model 4/5
Training model 5/5
this is 3 dimension / overall 3 dimensions
Training model 1/5
Training model 2/5
Training model 3/5
Training model 4/5
Training model 5/5
this is 27 times / overall 100 times (time step 26, t=0.26s)
this is 1 dimension / overall 3 dimensions
Training model 1/5
Training model 2/5
Training model 3/5
Training model 4/5
Training model 5/5
this is 2 dimension / overall 3 dimensions
Training model 1/5
Training model 2/5
Training model 3/5
Training model 4/5
Training model 5/5
this is 3 dimension / overall 3 dimensions
Training model 1/5
Training model 2/5
Training model 3/5
Training model 4/5
Training model 5/5
this is 28 times / overall 100 times (time step 27, t=0.27s)
this is 1 dimension / overall 3 dimensions
Training model 1/5
Training model 2/5
Training model 3/5
Training model 4/5
Training model 5/5
this is 2 dimension / overall 3 dimensions
Training model 1/5
Training model 2/5
Training model 3/5
Training model 4/5
Training model 5/5
this is 3 dimension / overall 3 dimensions
Training model 1/5
Training model 2/5
Training model 3/5
Training model 4/5
Training model 5/5
this is 29 times / overall 100 times (time step 28, t=0.28s)
this is 1 dimension / overall 3 dimensions
Training model 1/5
Training model 2/5
Training model 3/5
Training model 4/5
Training model 5/5
this is 2 dimension / overall 3 dimensions
Training model 1/5
Training model 2/5
Training model 3/5
Training model 4/5
Training model 5/5
this is 3 dimension / overall 3 dimensions
Training model 1/5
Training model 2/5
Training model 3/5
Training model 4/5
Training model 5/5
this is 30 times / overall 100 times (time step 29, t=0.29s)
this is 1 dimension / overall 3 dimensions
Training model 1/5
Training model 2/5
Training model 3/5
Training model 4/5
Training model 5/5
this is 2 dimension / overall 3 dimensions
Training model 1/5
Training model 2/5
Training model 3/5
Training model 4/5
Training model 5/5
this is 3 dimension / overall 3 dimensions
Training model 1/5
Training model 2/5
Training model 3/5
Training model 4/5
Training model 5/5
this is 31 times / overall 100 times (time step 30, t=0.30s)
this is 1 dimension / overall 3 dimensions
Training model 1/5
Training model 2/5
Training model 3/5
Training model 4/5
Training model 5/5
this is 2 dimension / overall 3 dimensions
Training model 1/5
Training model 2/5
Training model 3/5
Training model 4/5
Training model 5/5
this is 3 dimension / overall 3 dimensions
Training model 1/5
Training model 2/5
Training model 3/5
Training model 4/5
Training model 5/5
this is 32 times / overall 100 times (time step 31, t=0.31s)
this is 1 dimension / overall 3 dimensions
Training model 1/5
Training model 2/5
Training model 3/5
Training model 4/5
Training model 5/5
this is 2 dimension / overall 3 dimensions
Training model 1/5
Training model 2/5
Training model 3/5
Training model 4/5
Training model 5/5
this is 3 dimension / overall 3 dimensions
Training model 1/5
Training model 2/5
Training model 3/5
Training model 4/5
Training model 5/5
this is 33 times / overall 100 times (time step 32, t=0.32s)
this is 1 dimension / overall 3 dimensions
Training model 1/5
Training model 2/5
Training model 3/5
Training model 4/5
Training model 5/5
this is 2 dimension / overall 3 dimensions
Training model 1/5
Training model 2/5
Training model 3/5
Training model 4/5
Training model 5/5
this is 3 dimension / overall 3 dimensions
Training model 1/5
Training model 2/5
Training model 3/5
Training model 4/5
Training model 5/5
this is 34 times / overall 100 times (time step 33, t=0.33s)
this is 1 dimension / overall 3 dimensions
Training model 1/5
Training model 2/5
Training model 3/5
Training model 4/5
Training model 5/5
this is 2 dimension / overall 3 dimensions
Training model 1/5
Training model 2/5
Training model 3/5
Training model 4/5
Training model 5/5
this is 3 dimension / overall 3 dimensions
Training model 1/5
Training model 2/5
Training model 3/5
Training model 4/5
Training model 5/5
this is 35 times / overall 100 times (time step 34, t=0.34s)
this is 1 dimension / overall 3 dimensions
Training model 1/5
Training model 2/5
Training model 3/5
Training model 4/5
Training model 5/5
this is 2 dimension / overall 3 dimensions
Training model 1/5
Training model 2/5
Training model 3/5
Training model 4/5
Training model 5/5
this is 3 dimension / overall 3 dimensions
Training model 1/5
Training model 2/5
Training model 3/5
Training model 4/5
Training model 5/5
this is 36 times / overall 100 times (time step 35, t=0.35s)
this is 1 dimension / overall 3 dimensions
Training model 1/5
Training model 2/5
Training model 3/5
Training model 4/5
Training model 5/5
this is 2 dimension / overall 3 dimensions
Training model 1/5
Training model 2/5
Training model 3/5
Training model 4/5
Training model 5/5
this is 3 dimension / overall 3 dimensions
Training model 1/5
Training model 2/5
Training model 3/5
Training model 4/5
Training model 5/5
this is 37 times / overall 100 times (time step 36, t=0.36s)
this is 1 dimension / overall 3 dimensions
Training model 1/5
Training model 2/5
Training model 3/5
Training model 4/5
Training model 5/5
this is 2 dimension / overall 3 dimensions
Training model 1/5
Training model 2/5
Training model 3/5
Training model 4/5
Training model 5/5
this is 3 dimension / overall 3 dimensions
Training model 1/5
Training model 2/5
Training model 3/5
Training model 4/5
Training model 5/5
this is 38 times / overall 100 times (time step 37, t=0.37s)
this is 1 dimension / overall 3 dimensions
Training model 1/5
Training model 2/5
Training model 3/5
Training model 4/5
Training model 5/5
this is 2 dimension / overall 3 dimensions
Training model 1/5
Training model 2/5
Training model 3/5
Training model 4/5
Training model 5/5
this is 3 dimension / overall 3 dimensions
Training model 1/5
Training model 2/5
Training model 3/5
Training model 4/5
Training model 5/5
this is 39 times / overall 100 times (time step 38, t=0.38s)
this is 1 dimension / overall 3 dimensions
Training model 1/5
Training model 2/5
Training model 3/5
Training model 4/5
Training model 5/5
this is 2 dimension / overall 3 dimensions
Training model 1/5
Training model 2/5
Training model 3/5
Training model 4/5
Training model 5/5
this is 3 dimension / overall 3 dimensions
Training model 1/5
Training model 2/5
Training model 3/5
Training model 4/5
Training model 5/5
this is 40 times / overall 100 times (time step 39, t=0.39s)
this is 1 dimension / overall 3 dimensions
Training model 1/5
Training model 2/5
Training model 3/5
Training model 4/5
Training model 5/5
this is 2 dimension / overall 3 dimensions
Training model 1/5
Training model 2/5
Training model 3/5
Training model 4/5
Training model 5/5
this is 3 dimension / overall 3 dimensions
Training model 1/5
Training model 2/5
Training model 3/5
Training model 4/5
Training model 5/5
this is 41 times / overall 100 times (time step 40, t=0.40s)
this is 1 dimension / overall 3 dimensions
Training model 1/5
Training model 2/5
Training model 3/5
Training model 4/5
Training model 5/5
this is 2 dimension / overall 3 dimensions
Training model 1/5
Training model 2/5
Training model 3/5
Training model 4/5
Training model 5/5
this is 3 dimension / overall 3 dimensions
Training model 1/5
Training model 2/5
Training model 3/5
Training model 4/5
Training model 5/5
this is 42 times / overall 100 times (time step 41, t=0.41s)
this is 1 dimension / overall 3 dimensions
Training model 1/5
Training model 2/5
Training model 3/5
Training model 4/5
Training model 5/5
this is 2 dimension / overall 3 dimensions
Training model 1/5
Training model 2/5
Training model 3/5
Training model 4/5
Training model 5/5
this is 3 dimension / overall 3 dimensions
Training model 1/5
Training model 2/5
Training model 3/5
Training model 4/5
Training model 5/5
this is 43 times / overall 100 times (time step 42, t=0.42s)
this is 1 dimension / overall 3 dimensions
Training model 1/5
Training model 2/5
Training model 3/5
Training model 4/5
Training model 5/5
this is 2 dimension / overall 3 dimensions
Training model 1/5
Training model 2/5
Training model 3/5
Training model 4/5
Training model 5/5
this is 3 dimension / overall 3 dimensions
Training model 1/5
Training model 2/5
Training model 3/5
Training model 4/5
Training model 5/5
this is 44 times / overall 100 times (time step 43, t=0.43s)
this is 1 dimension / overall 3 dimensions
Training model 1/5
Training model 2/5
Training model 3/5
Training model 4/5
Training model 5/5
this is 2 dimension / overall 3 dimensions
Training model 1/5
Training model 2/5
Training model 3/5
Training model 4/5
Training model 5/5
this is 3 dimension / overall 3 dimensions
Training model 1/5
Training model 2/5
Training model 3/5
Training model 4/5
Training model 5/5
this is 45 times / overall 100 times (time step 44, t=0.44s)
this is 1 dimension / overall 3 dimensions
Training model 1/5
Training model 2/5
Training model 3/5
Training model 4/5
Training model 5/5
this is 2 dimension / overall 3 dimensions
Training model 1/5
Training model 2/5
Training model 3/5
Training model 4/5
Training model 5/5
this is 3 dimension / overall 3 dimensions
Training model 1/5
Training model 2/5
Training model 3/5
Training model 4/5
Training model 5/5
this is 46 times / overall 100 times (time step 45, t=0.45s)
this is 1 dimension / overall 3 dimensions
Training model 1/5
Training model 2/5
Training model 3/5
Training model 4/5
Training model 5/5
this is 2 dimension / overall 3 dimensions
Training model 1/5
Training model 2/5
Training model 3/5
Training model 4/5
Training model 5/5
this is 3 dimension / overall 3 dimensions
Training model 1/5
Training model 2/5
Training model 3/5
Training model 4/5
Training model 5/5
this is 47 times / overall 100 times (time step 46, t=0.46s)
this is 1 dimension / overall 3 dimensions
Training model 1/5
Training model 2/5
Training model 3/5
Training model 4/5
Training model 5/5
this is 2 dimension / overall 3 dimensions
Training model 1/5
Training model 2/5
Training model 3/5
Training model 4/5
Training model 5/5
this is 3 dimension / overall 3 dimensions
Training model 1/5
Training model 2/5
Training model 3/5
Training model 4/5
Training model 5/5
this is 48 times / overall 100 times (time step 47, t=0.47s)
this is 1 dimension / overall 3 dimensions
Training model 1/5
Training model 2/5
Training model 3/5
Training model 4/5
Training model 5/5
this is 2 dimension / overall 3 dimensions
Training model 1/5
Training model 2/5
Training model 3/5
Training model 4/5
Training model 5/5
this is 3 dimension / overall 3 dimensions
Training model 1/5
Training model 2/5
Training model 3/5
Training model 4/5
Training model 5/5
this is 49 times / overall 100 times (time step 48, t=0.48s)
this is 1 dimension / overall 3 dimensions
Training model 1/5
Training model 2/5
Training model 3/5
Training model 4/5
Training model 5/5
this is 2 dimension / overall 3 dimensions
Training model 1/5
Training model 2/5
Training model 3/5
Training model 4/5
Training model 5/5
this is 3 dimension / overall 3 dimensions
Training model 1/5
Training model 2/5
Training model 3/5
Training model 4/5
Training model 5/5
this is 50 times / overall 100 times (time step 49, t=0.49s)
this is 1 dimension / overall 3 dimensions
Training model 1/5
Training model 2/5
Training model 3/5
Training model 4/5
Training model 5/5
this is 2 dimension / overall 3 dimensions
Training model 1/5
Training model 2/5
Training model 3/5
Training model 4/5
Training model 5/5
this is 3 dimension / overall 3 dimensions
Training model 1/5
Training model 2/5
Training model 3/5
Training model 4/5
Training model 5/5
this is 51 times / overall 100 times (time step 50, t=0.51s)
this is 1 dimension / overall 3 dimensions
Training model 1/5
Training model 2/5
Training model 3/5
Training model 4/5
Training model 5/5
this is 2 dimension / overall 3 dimensions
Training model 1/5
Training model 2/5
Training model 3/5
Training model 4/5
Training model 5/5
this is 3 dimension / overall 3 dimensions
Training model 1/5
Training model 2/5
Training model 3/5
Training model 4/5
Training model 5/5
this is 52 times / overall 100 times (time step 52, t=0.52s)
this is 1 dimension / overall 3 dimensions
Training model 1/5
Training model 2/5
Training model 3/5
Training model 4/5
Training model 5/5
this is 2 dimension / overall 3 dimensions
Training model 1/5
Training model 2/5
Training model 3/5
Training model 4/5
Training model 5/5
this is 3 dimension / overall 3 dimensions
Training model 1/5
Training model 2/5
Training model 3/5
Training model 4/5
Training model 5/5
this is 53 times / overall 100 times (time step 53, t=0.53s)
this is 1 dimension / overall 3 dimensions
Training model 1/5
Training model 2/5
Training model 3/5
Training model 4/5
Training model 5/5
this is 2 dimension / overall 3 dimensions
Training model 1/5
Training model 2/5
Training model 3/5
Training model 4/5
Training model 5/5
this is 3 dimension / overall 3 dimensions
Training model 1/5
Training model 2/5
Training model 3/5
Training model 4/5
Training model 5/5
this is 54 times / overall 100 times (time step 54, t=0.54s)
this is 1 dimension / overall 3 dimensions
Training model 1/5
Training model 2/5
Training model 3/5
Training model 4/5
Training model 5/5
this is 2 dimension / overall 3 dimensions
Training model 1/5
Training model 2/5
Training model 3/5
Training model 4/5
Training model 5/5
this is 3 dimension / overall 3 dimensions
Training model 1/5
Training model 2/5
Training model 3/5
Training model 4/5
Training model 5/5
this is 55 times / overall 100 times (time step 55, t=0.55s)
this is 1 dimension / overall 3 dimensions
Training model 1/5
Training model 2/5
Training model 3/5
Training model 4/5
Training model 5/5
this is 2 dimension / overall 3 dimensions
Training model 1/5
Training model 2/5
Training model 3/5
Training model 4/5
Training model 5/5
this is 3 dimension / overall 3 dimensions
Training model 1/5
Training model 2/5
Training model 3/5
Training model 4/5
Training model 5/5
this is 56 times / overall 100 times (time step 56, t=0.56s)
this is 1 dimension / overall 3 dimensions
Training model 1/5
Training model 2/5
Training model 3/5
Training model 4/5
Training model 5/5
this is 2 dimension / overall 3 dimensions
Training model 1/5
Training model 2/5
Training model 3/5
Training model 4/5
Training model 5/5
this is 3 dimension / overall 3 dimensions
Training model 1/5
Training model 2/5
Training model 3/5
Training model 4/5
Training model 5/5
this is 57 times / overall 100 times (time step 57, t=0.57s)
this is 1 dimension / overall 3 dimensions
Training model 1/5
Training model 2/5
Training model 3/5
Training model 4/5
Training model 5/5
this is 2 dimension / overall 3 dimensions
Training model 1/5
Training model 2/5
Training model 3/5
Training model 4/5
Training model 5/5
this is 3 dimension / overall 3 dimensions
Training model 1/5
Training model 2/5
Training model 3/5
Training model 4/5
Training model 5/5
this is 58 times / overall 100 times (time step 58, t=0.58s)
this is 1 dimension / overall 3 dimensions
Training model 1/5
Training model 2/5
Training model 3/5
Training model 4/5
Training model 5/5
this is 2 dimension / overall 3 dimensions
Training model 1/5
Training model 2/5
Training model 3/5
Training model 4/5
Training model 5/5
this is 3 dimension / overall 3 dimensions
Training model 1/5
Training model 2/5
Training model 3/5
Training model 4/5
Training model 5/5
this is 59 times / overall 100 times (time step 59, t=0.59s)
this is 1 dimension / overall 3 dimensions
Training model 1/5
Training model 2/5
Training model 3/5
Training model 4/5
Training model 5/5
this is 2 dimension / overall 3 dimensions
Training model 1/5
Training model 2/5
Training model 3/5
Training model 4/5
Training model 5/5
this is 3 dimension / overall 3 dimensions
Training model 1/5
Training model 2/5
Training model 3/5
Training model 4/5
Training model 5/5
this is 60 times / overall 100 times (time step 60, t=0.60s)
this is 1 dimension / overall 3 dimensions
Training model 1/5
Training model 2/5
Training model 3/5
Training model 4/5
Training model 5/5
this is 2 dimension / overall 3 dimensions
Training model 1/5
Training model 2/5
Training model 3/5
Training model 4/5
Training model 5/5
this is 3 dimension / overall 3 dimensions
Training model 1/5
Training model 2/5
Training model 3/5
Training model 4/5
Training model 5/5
this is 61 times / overall 100 times (time step 61, t=0.61s)
this is 1 dimension / overall 3 dimensions
Training model 1/5
Training model 2/5
Training model 3/5
Training model 4/5
Training model 5/5
this is 2 dimension / overall 3 dimensions
Training model 1/5
Training model 2/5
Training model 3/5
Training model 4/5
Training model 5/5
this is 3 dimension / overall 3 dimensions
Training model 1/5
Training model 2/5
Training model 3/5
Training model 4/5
Training model 5/5
this is 62 times / overall 100 times (time step 62, t=0.62s)
this is 1 dimension / overall 3 dimensions
Training model 1/5
Training model 2/5
Training model 3/5
Training model 4/5
Training model 5/5
this is 2 dimension / overall 3 dimensions
Training model 1/5
Training model 2/5
Training model 3/5
Training model 4/5
Training model 5/5
this is 3 dimension / overall 3 dimensions
Training model 1/5
Training model 2/5
Training model 3/5
Training model 4/5
Training model 5/5
this is 63 times / overall 100 times (time step 63, t=0.63s)
this is 1 dimension / overall 3 dimensions
Training model 1/5
Training model 2/5
Training model 3/5
Training model 4/5
Training model 5/5
this is 2 dimension / overall 3 dimensions
Training model 1/5
Training model 2/5
Training model 3/5
Training model 4/5
Training model 5/5
this is 3 dimension / overall 3 dimensions
Training model 1/5
Training model 2/5
Training model 3/5
Training model 4/5
Training model 5/5
this is 64 times / overall 100 times (time step 64, t=0.64s)
this is 1 dimension / overall 3 dimensions
Training model 1/5
Training model 2/5
Training model 3/5
Training model 4/5
Training model 5/5
this is 2 dimension / overall 3 dimensions
Training model 1/5
Training model 2/5
Training model 3/5
Training model 4/5
Training model 5/5
this is 3 dimension / overall 3 dimensions
Training model 1/5
Training model 2/5
Training model 3/5
Training model 4/5
Training model 5/5
this is 65 times / overall 100 times (time step 65, t=0.65s)
this is 1 dimension / overall 3 dimensions
Training model 1/5
Training model 2/5
Training model 3/5
Training model 4/5
Training model 5/5
this is 2 dimension / overall 3 dimensions
Training model 1/5
Training model 2/5
Training model 3/5
Training model 4/5
Training model 5/5
this is 3 dimension / overall 3 dimensions
Training model 1/5
Training model 2/5
Training model 3/5
Training model 4/5
Training model 5/5
this is 66 times / overall 100 times (time step 66, t=0.66s)
this is 1 dimension / overall 3 dimensions
Training model 1/5
Training model 2/5
Training model 3/5
Training model 4/5
Training model 5/5
this is 2 dimension / overall 3 dimensions
Training model 1/5
Training model 2/5
Training model 3/5
Training model 4/5
Training model 5/5
this is 3 dimension / overall 3 dimensions
Training model 1/5
Training model 2/5
Training model 3/5
Training model 4/5
Training model 5/5
this is 67 times / overall 100 times (time step 67, t=0.67s)
this is 1 dimension / overall 3 dimensions
Training model 1/5
Training model 2/5
Training model 3/5
Training model 4/5
Training model 5/5
this is 2 dimension / overall 3 dimensions
Training model 1/5
Training model 2/5
Training model 3/5
Training model 4/5
Training model 5/5
this is 3 dimension / overall 3 dimensions
Training model 1/5
Training model 2/5
Training model 3/5
Training model 4/5
Training model 5/5
this is 68 times / overall 100 times (time step 68, t=0.68s)
this is 1 dimension / overall 3 dimensions
Training model 1/5
Training model 2/5
Training model 3/5
Training model 4/5
Training model 5/5
this is 2 dimension / overall 3 dimensions
Training model 1/5
Training model 2/5
Training model 3/5
Training model 4/5
Training model 5/5
this is 3 dimension / overall 3 dimensions
Training model 1/5
Training model 2/5
Training model 3/5
Training model 4/5
Training model 5/5
this is 69 times / overall 100 times (time step 69, t=0.69s)
this is 1 dimension / overall 3 dimensions
Training model 1/5
Training model 2/5
Training model 3/5
Training model 4/5
Training model 5/5
this is 2 dimension / overall 3 dimensions
Training model 1/5
Training model 2/5
Training model 3/5
Training model 4/5
Training model 5/5
this is 3 dimension / overall 3 dimensions
Training model 1/5
Training model 2/5
Training model 3/5
Training model 4/5
Training model 5/5
this is 70 times / overall 100 times (time step 70, t=0.70s)
this is 1 dimension / overall 3 dimensions
Training model 1/5
Training model 2/5
Training model 3/5
Training model 4/5
Training model 5/5
this is 2 dimension / overall 3 dimensions
Training model 1/5
Training model 2/5
Training model 3/5
Training model 4/5
Training model 5/5
this is 3 dimension / overall 3 dimensions
Training model 1/5
Training model 2/5
Training model 3/5
Training model 4/5
Training model 5/5
this is 71 times / overall 100 times (time step 71, t=0.71s)
this is 1 dimension / overall 3 dimensions
Training model 1/5
Training model 2/5
Training model 3/5
Training model 4/5
Training model 5/5
this is 2 dimension / overall 3 dimensions
Training model 1/5
Training model 2/5
Training model 3/5
Training model 4/5
Training model 5/5
this is 3 dimension / overall 3 dimensions
Training model 1/5
Training model 2/5
Training model 3/5
Training model 4/5
Training model 5/5
this is 72 times / overall 100 times (time step 72, t=0.72s)
this is 1 dimension / overall 3 dimensions
Training model 1/5
Training model 2/5
Training model 3/5
Training model 4/5
Training model 5/5
this is 2 dimension / overall 3 dimensions
Training model 1/5
Training model 2/5
Training model 3/5
Training model 4/5
Training model 5/5
this is 3 dimension / overall 3 dimensions
Training model 1/5
Training model 2/5
Training model 3/5
Training model 4/5
Training model 5/5
this is 73 times / overall 100 times (time step 73, t=0.73s)
this is 1 dimension / overall 3 dimensions
Training model 1/5
Training model 2/5
Training model 3/5
Training model 4/5
Training model 5/5
this is 2 dimension / overall 3 dimensions
Training model 1/5
Training model 2/5
Training model 3/5
Training model 4/5
Training model 5/5
this is 3 dimension / overall 3 dimensions
Training model 1/5
Training model 2/5
Training model 3/5
Training model 4/5
Training model 5/5
this is 74 times / overall 100 times (time step 74, t=0.74s)
this is 1 dimension / overall 3 dimensions
Training model 1/5
Training model 2/5
Training model 3/5
Training model 4/5
Training model 5/5
this is 2 dimension / overall 3 dimensions
Training model 1/5
Training model 2/5
Training model 3/5
Training model 4/5
Training model 5/5
this is 3 dimension / overall 3 dimensions
Training model 1/5
Training model 2/5
Training model 3/5
Training model 4/5
Training model 5/5
this is 75 times / overall 100 times (time step 75, t=0.75s)
this is 1 dimension / overall 3 dimensions
Training model 1/5
Training model 2/5
Training model 3/5
Training model 4/5
Training model 5/5
this is 2 dimension / overall 3 dimensions
Training model 1/5
Training model 2/5
Training model 3/5
Training model 4/5
Training model 5/5
this is 3 dimension / overall 3 dimensions
Training model 1/5
Training model 2/5
Training model 3/5
Training model 4/5
Training model 5/5
this is 76 times / overall 100 times (time step 76, t=0.76s)
this is 1 dimension / overall 3 dimensions
Training model 1/5
Training model 2/5
Training model 3/5
Training model 4/5
Training model 5/5
this is 2 dimension / overall 3 dimensions
Training model 1/5
Training model 2/5
Training model 3/5
Training model 4/5
Training model 5/5
this is 3 dimension / overall 3 dimensions
Training model 1/5
Training model 2/5
Training model 3/5
Training model 4/5
Training model 5/5
this is 77 times / overall 100 times (time step 77, t=0.77s)
this is 1 dimension / overall 3 dimensions
Training model 1/5
Training model 2/5
Training model 3/5
Training model 4/5
Training model 5/5
this is 2 dimension / overall 3 dimensions
Training model 1/5
Training model 2/5
Training model 3/5
Training model 4/5
Training model 5/5
this is 3 dimension / overall 3 dimensions
Training model 1/5
Training model 2/5
Training model 3/5
Training model 4/5
Training model 5/5
this is 78 times / overall 100 times (time step 78, t=0.78s)
this is 1 dimension / overall 3 dimensions
Training model 1/5
Training model 2/5
Training model 3/5
Training model 4/5
Training model 5/5
this is 2 dimension / overall 3 dimensions
Training model 1/5
Training model 2/5
Training model 3/5
Training model 4/5
Training model 5/5
this is 3 dimension / overall 3 dimensions
Training model 1/5
Training model 2/5
Training model 3/5
Training model 4/5
Training model 5/5
this is 79 times / overall 100 times (time step 79, t=0.79s)
this is 1 dimension / overall 3 dimensions
Training model 1/5
Training model 2/5
Training model 3/5
Training model 4/5
Training model 5/5
this is 2 dimension / overall 3 dimensions
Training model 1/5
Training model 2/5
Training model 3/5
Training model 4/5
Training model 5/5
this is 3 dimension / overall 3 dimensions
Training model 1/5
Training model 2/5
Training model 3/5
Training model 4/5
Training model 5/5
this is 80 times / overall 100 times (time step 80, t=0.80s)
this is 1 dimension / overall 3 dimensions
Training model 1/5
Training model 2/5
Training model 3/5
Training model 4/5
Training model 5/5
this is 2 dimension / overall 3 dimensions
Training model 1/5
Training model 2/5
Training model 3/5
Training model 4/5
Training model 5/5
this is 3 dimension / overall 3 dimensions
Training model 1/5
Training model 2/5
Training model 3/5
Training model 4/5
Training model 5/5
this is 81 times / overall 100 times (time step 81, t=0.81s)
this is 1 dimension / overall 3 dimensions
Training model 1/5
Training model 2/5
Training model 3/5
Training model 4/5
Training model 5/5
this is 2 dimension / overall 3 dimensions
Training model 1/5
Training model 2/5
Training model 3/5
Training model 4/5
Training model 5/5
this is 3 dimension / overall 3 dimensions
Training model 1/5
Training model 2/5
Training model 3/5
Training model 4/5
Training model 5/5
this is 82 times / overall 100 times (time step 82, t=0.82s)
this is 1 dimension / overall 3 dimensions
Training model 1/5
Training model 2/5
Training model 3/5
Training model 4/5
Training model 5/5
this is 2 dimension / overall 3 dimensions
Training model 1/5
Training model 2/5
Training model 3/5
Training model 4/5
Training model 5/5
this is 3 dimension / overall 3 dimensions
Training model 1/5
Training model 2/5
Training model 3/5
Training model 4/5
Training model 5/5
this is 83 times / overall 100 times (time step 83, t=0.83s)
this is 1 dimension / overall 3 dimensions
Training model 1/5
Training model 2/5
Training model 3/5
Training model 4/5
Training model 5/5
this is 2 dimension / overall 3 dimensions
Training model 1/5
Training model 2/5
Training model 3/5
Training model 4/5
Training model 5/5
this is 3 dimension / overall 3 dimensions
Training model 1/5
Training model 2/5
Training model 3/5
Training model 4/5
Training model 5/5
this is 84 times / overall 100 times (time step 84, t=0.84s)
this is 1 dimension / overall 3 dimensions
Training model 1/5
Training model 2/5
Training model 3/5
Training model 4/5
Training model 5/5
this is 2 dimension / overall 3 dimensions
Training model 1/5
Training model 2/5
Training model 3/5
Training model 4/5
Training model 5/5
this is 3 dimension / overall 3 dimensions
Training model 1/5
Training model 2/5
Training model 3/5
Training model 4/5
Training model 5/5
this is 85 times / overall 100 times (time step 85, t=0.85s)
this is 1 dimension / overall 3 dimensions
Training model 1/5
Training model 2/5
Training model 3/5
Training model 4/5
Training model 5/5
this is 2 dimension / overall 3 dimensions
Training model 1/5
Training model 2/5
Training model 3/5
Training model 4/5
Training model 5/5
this is 3 dimension / overall 3 dimensions
Training model 1/5
Training model 2/5
Training model 3/5
Training model 4/5
Training model 5/5
this is 86 times / overall 100 times (time step 86, t=0.86s)
this is 1 dimension / overall 3 dimensions
Training model 1/5
Training model 2/5
Training model 3/5
Training model 4/5
Training model 5/5
this is 2 dimension / overall 3 dimensions
Training model 1/5
Training model 2/5
Training model 3/5
Training model 4/5
Training model 5/5
this is 3 dimension / overall 3 dimensions
Training model 1/5
Training model 2/5
Training model 3/5
Training model 4/5
Training model 5/5
this is 87 times / overall 100 times (time step 87, t=0.87s)
this is 1 dimension / overall 3 dimensions
Training model 1/5
Training model 2/5
Training model 3/5
Training model 4/5
Training model 5/5
this is 2 dimension / overall 3 dimensions
Training model 1/5
Training model 2/5
Training model 3/5
Training model 4/5
Training model 5/5
this is 3 dimension / overall 3 dimensions
Training model 1/5
Training model 2/5
Training model 3/5
Training model 4/5
Training model 5/5
this is 88 times / overall 100 times (time step 88, t=0.88s)
this is 1 dimension / overall 3 dimensions
Training model 1/5
Training model 2/5
Training model 3/5
Training model 4/5
Training model 5/5
this is 2 dimension / overall 3 dimensions
Training model 1/5
Training model 2/5
Training model 3/5
Training model 4/5
Training model 5/5
this is 3 dimension / overall 3 dimensions
Training model 1/5
Training model 2/5
Training model 3/5
Training model 4/5
Training model 5/5
this is 89 times / overall 100 times (time step 89, t=0.89s)
this is 1 dimension / overall 3 dimensions
Training model 1/5
Training model 2/5
Training model 3/5
Training model 4/5
Training model 5/5
this is 2 dimension / overall 3 dimensions
Training model 1/5
Training model 2/5
Training model 3/5
Training model 4/5
Training model 5/5
this is 3 dimension / overall 3 dimensions
Training model 1/5
Training model 2/5
Training model 3/5
Training model 4/5
Training model 5/5
this is 90 times / overall 100 times (time step 90, t=0.90s)
this is 1 dimension / overall 3 dimensions
Training model 1/5
Training model 2/5
Training model 3/5
Training model 4/5
Training model 5/5
this is 2 dimension / overall 3 dimensions
Training model 1/5
Training model 2/5
Training model 3/5
Training model 4/5
Training model 5/5
this is 3 dimension / overall 3 dimensions
Training model 1/5
Training model 2/5
Training model 3/5
Training model 4/5
Training model 5/5
this is 91 times / overall 100 times (time step 91, t=0.91s)
this is 1 dimension / overall 3 dimensions
Training model 1/5
Training model 2/5
Training model 3/5
Training model 4/5
Training model 5/5
this is 2 dimension / overall 3 dimensions
Training model 1/5
Training model 2/5
Training model 3/5
Training model 4/5
Training model 5/5
this is 3 dimension / overall 3 dimensions
Training model 1/5
Training model 2/5
Training model 3/5
Training model 4/5
Training model 5/5
this is 92 times / overall 100 times (time step 92, t=0.92s)
this is 1 dimension / overall 3 dimensions
Training model 1/5
Training model 2/5
Training model 3/5
Training model 4/5
Training model 5/5
this is 2 dimension / overall 3 dimensions
Training model 1/5
Training model 2/5
Training model 3/5
Training model 4/5
Training model 5/5
this is 3 dimension / overall 3 dimensions
Training model 1/5
Training model 2/5
Training model 3/5
Training model 4/5
Training model 5/5
this is 93 times / overall 100 times (time step 93, t=0.93s)
this is 1 dimension / overall 3 dimensions
Training model 1/5
Training model 2/5
Training model 3/5
Training model 4/5
Training model 5/5
this is 2 dimension / overall 3 dimensions
Training model 1/5
Training model 2/5
Training model 3/5
Training model 4/5
Training model 5/5
this is 3 dimension / overall 3 dimensions
Training model 1/5
Training model 2/5
Training model 3/5
Training model 4/5
Training model 5/5
this is 94 times / overall 100 times (time step 94, t=0.94s)
this is 1 dimension / overall 3 dimensions
Training model 1/5
Training model 2/5
Training model 3/5
Training model 4/5
Training model 5/5
this is 2 dimension / overall 3 dimensions
Training model 1/5
Training model 2/5
Training model 3/5
Training model 4/5
Training model 5/5
this is 3 dimension / overall 3 dimensions
Training model 1/5
Training model 2/5
Training model 3/5
Training model 4/5
Training model 5/5
this is 95 times / overall 100 times (time step 95, t=0.95s)
this is 1 dimension / overall 3 dimensions
Training model 1/5
Training model 2/5
Training model 3/5
Training model 4/5
Training model 5/5
this is 2 dimension / overall 3 dimensions
Training model 1/5
Training model 2/5
Training model 3/5
Training model 4/5
Training model 5/5
this is 3 dimension / overall 3 dimensions
Training model 1/5
Training model 2/5
Training model 3/5
Training model 4/5
Training model 5/5
this is 96 times / overall 100 times (time step 96, t=0.96s)
this is 1 dimension / overall 3 dimensions
Training model 1/5
Training model 2/5
Training model 3/5
Training model 4/5
Training model 5/5
this is 2 dimension / overall 3 dimensions
Training model 1/5
Training model 2/5
Training model 3/5
Training model 4/5
Training model 5/5
this is 3 dimension / overall 3 dimensions
Training model 1/5
Training model 2/5
Training model 3/5
Training model 4/5
Training model 5/5
this is 97 times / overall 100 times (time step 97, t=0.97s)
this is 1 dimension / overall 3 dimensions
Training model 1/5
Training model 2/5
Training model 3/5
Training model 4/5
Training model 5/5
this is 2 dimension / overall 3 dimensions
Training model 1/5
Training model 2/5
Training model 3/5
Training model 4/5
Training model 5/5
this is 3 dimension / overall 3 dimensions
Training model 1/5
Training model 2/5
Training model 3/5
Training model 4/5
Training model 5/5
this is 98 times / overall 100 times (time step 98, t=0.98s)
this is 1 dimension / overall 3 dimensions
Training model 1/5
Training model 2/5
Training model 3/5
Training model 4/5
Training model 5/5
this is 2 dimension / overall 3 dimensions
Training model 1/5
Training model 2/5
Training model 3/5
Training model 4/5
Training model 5/5
this is 3 dimension / overall 3 dimensions
Training model 1/5
Training model 2/5
Training model 3/5
Training model 4/5
Training model 5/5
this is 99 times / overall 100 times (time step 99, t=0.99s)
this is 1 dimension / overall 3 dimensions
Training model 1/5
Training model 2/5
Training model 3/5
Training model 4/5
Training model 5/5
this is 2 dimension / overall 3 dimensions
Training model 1/5
Training model 2/5
Training model 3/5
Training model 4/5
Training model 5/5
this is 3 dimension / overall 3 dimensions
Training model 1/5
Training model 2/5
Training model 3/5
Training model 4/5
Training model 5/5
this is 100 times / overall 100 times (time step 100, t=1.00s)
this is 1 dimension / overall 3 dimensions
Training model 1/5
Training model 2/5
Training model 3/5
Training model 4/5
Training model 5/5
this is 2 dimension / overall 3 dimensions
Training model 1/5
Training model 2/5
Training model 3/5
Training model 4/5
Training model 5/5
this is 3 dimension / overall 3 dimensions
Training model 1/5
Training model 2/5
Training model 3/5
Training model 4/5
Training model 5/5

============================================================

[INFO] Testing ensemble predictions...

=== Ensemble Prediction Results ===
Processing 101 time points out of 1000 total
Time range: 0.00s to 10.00s
Time 0.00s, Dimension 1: 1.573549
Comparison with Ground Truth: 1.584905
Time 0.00s, Dimension 2: 1.114984
Comparison with Ground Truth: 1.126852
Time 0.00s, Dimension 3: 1.099516
Comparison with Ground Truth: 1.116346
Time 0.10s, Dimension 1: 1.552736
Comparison with Ground Truth: 1.594070
Time 0.10s, Dimension 2: 1.092399
Comparison with Ground Truth: 1.109788
Time 0.10s, Dimension 3: 1.095530
Comparison with Ground Truth: 1.130262
Time 0.20s, Dimension 1: 1.539942
Comparison with Ground Truth: 1.573279
Time 0.20s, Dimension 2: 1.090035
Comparison with Ground Truth: 1.117670
Time 0.20s, Dimension 3: 1.086157
Comparison with Ground Truth: 1.128958
Time 0.30s, Dimension 1: 1.560087
Comparison with Ground Truth: 1.583357
Time 0.30s, Dimension 2: 1.079225
Comparison with Ground Truth: 1.112981
Time 0.30s, Dimension 3: 1.087175
Comparison with Ground Truth: 1.122134
Time 0.40s, Dimension 1: 1.549767
Comparison with Ground Truth: 1.590984
Time 0.40s, Dimension 2: 1.076589
Comparison with Ground Truth: 1.116948
Time 0.40s, Dimension 3: 1.072332
Comparison with Ground Truth: 1.118300
Time 0.50s, Dimension 1: 1.561796
Comparison with Ground Truth: 1.568772
Time 0.50s, Dimension 2: 1.091322
Comparison with Ground Truth: 1.114895
Time 0.50s, Dimension 3: 1.088800
Comparison with Ground Truth: 1.120282
Time 0.60s, Dimension 1: 1.570379
Comparison with Ground Truth: 1.585543
Time 0.60s, Dimension 2: 1.086449
Comparison with Ground Truth: 1.131285
Time 0.60s, Dimension 3: 1.093391
Comparison with Ground Truth: 1.110038
Time 0.70s, Dimension 1: 1.557626
Comparison with Ground Truth: 1.569635
Time 0.70s, Dimension 2: 1.088476
Comparison with Ground Truth: 1.114703
Time 0.70s, Dimension 3: 1.074960
Comparison with Ground Truth: 1.121789
Time 0.80s, Dimension 1: 1.545181
Comparison with Ground Truth: 1.590269
Time 0.80s, Dimension 2: 1.076284
Comparison with Ground Truth: 1.124489
Time 0.80s, Dimension 3: 1.083149
Comparison with Ground Truth: 1.125382
Time 0.90s, Dimension 1: 1.551746
Comparison with Ground Truth: 1.596526
Time 0.90s, Dimension 2: 1.067782
Comparison with Ground Truth: 1.107296
Time 0.90s, Dimension 3: 1.083025
Comparison with Ground Truth: 1.122563
Time 1.00s, Dimension 1: 1.555646
Comparison with Ground Truth: 1.573623
Time 1.00s, Dimension 2: 1.080234
Comparison with Ground Truth: 1.109709
Time 1.00s, Dimension 3: 1.076185
Comparison with Ground Truth: 1.120507
Warning: Normalization parameters not found for dim1_t110
Warning: Normalization parameters not found for dim2_t110
Warning: Normalization parameters not found for dim3_t110
Warning: Normalization parameters not found for dim1_t120
Warning: Normalization parameters not found for dim2_t120
Warning: Normalization parameters not found for dim3_t120
Warning: Normalization parameters not found for dim1_t130
Warning: Normalization parameters not found for dim2_t130
Warning: Normalization parameters not found for dim3_t130
Warning: Normalization parameters not found for dim1_t140
Warning: Normalization parameters not found for dim2_t140
Warning: Normalization parameters not found for dim3_t140
Warning: Normalization parameters not found for dim1_t150
Warning: Normalization parameters not found for dim2_t150
Warning: Normalization parameters not found for dim3_t150
Warning: Normalization parameters not found for dim1_t160
Warning: Normalization parameters not found for dim2_t160
Warning: Normalization parameters not found for dim3_t160
Warning: Normalization parameters not found for dim1_t170
Warning: Normalization parameters not found for dim2_t170
Warning: Normalization parameters not found for dim3_t170
Warning: Normalization parameters not found for dim1_t180
Warning: Normalization parameters not found for dim2_t180
Warning: Normalization parameters not found for dim3_t180
Warning: Normalization parameters not found for dim1_t190
Warning: Normalization parameters not found for dim2_t190
Warning: Normalization parameters not found for dim3_t190
Warning: Normalization parameters not found for dim1_t200
Warning: Normalization parameters not found for dim2_t200
Warning: Normalization parameters not found for dim3_t200
Warning: Normalization parameters not found for dim1_t210
Warning: Normalization parameters not found for dim2_t210
Warning: Normalization parameters not found for dim3_t210
Warning: Normalization parameters not found for dim1_t220
Warning: Normalization parameters not found for dim2_t220
Warning: Normalization parameters not found for dim3_t220
Warning: Normalization parameters not found for dim1_t230
Warning: Normalization parameters not found for dim2_t230
Warning: Normalization parameters not found for dim3_t230
Warning: Normalization parameters not found for dim1_t240
Warning: Normalization parameters not found for dim2_t240
Warning: Normalization parameters not found for dim3_t240
Warning: Normalization parameters not found for dim1_t250
Warning: Normalization parameters not found for dim2_t250
Warning: Normalization parameters not found for dim3_t250
Warning: Normalization parameters not found for dim1_t260
Warning: Normalization parameters not found for dim2_t260
Warning: Normalization parameters not found for dim3_t260
Warning: Normalization parameters not found for dim1_t270
Warning: Normalization parameters not found for dim2_t270
Warning: Normalization parameters not found for dim3_t270
Warning: Normalization parameters not found for dim1_t280
Warning: Normalization parameters not found for dim2_t280
Warning: Normalization parameters not found for dim3_t280
Warning: Normalization parameters not found for dim1_t290
Warning: Normalization parameters not found for dim2_t290
Warning: Normalization parameters not found for dim3_t290
Warning: Normalization parameters not found for dim1_t300
Warning: Normalization parameters not found for dim2_t300
Warning: Normalization parameters not found for dim3_t300
Warning: Normalization parameters not found for dim1_t310
Warning: Normalization parameters not found for dim2_t310
Warning: Normalization parameters not found for dim3_t310
Warning: Normalization parameters not found for dim1_t320
Warning: Normalization parameters not found for dim2_t320
Warning: Normalization parameters not found for dim3_t320
Warning: Normalization parameters not found for dim1_t330
Warning: Normalization parameters not found for dim2_t330
Warning: Normalization parameters not found for dim3_t330
Warning: Normalization parameters not found for dim1_t340
Warning: Normalization parameters not found for dim2_t340
Warning: Normalization parameters not found for dim3_t340
Warning: Normalization parameters not found for dim1_t350
Warning: Normalization parameters not found for dim2_t350
Warning: Normalization parameters not found for dim3_t350
Warning: Normalization parameters not found for dim1_t360
Warning: Normalization parameters not found for dim2_t360
Warning: Normalization parameters not found for dim3_t360
Warning: Normalization parameters not found for dim1_t370
Warning: Normalization parameters not found for dim2_t370
Warning: Normalization parameters not found for dim3_t370
Warning: Normalization parameters not found for dim1_t380
Warning: Normalization parameters not found for dim2_t380
Warning: Normalization parameters not found for dim3_t380
Warning: Normalization parameters not found for dim1_t390
Warning: Normalization parameters not found for dim2_t390
Warning: Normalization parameters not found for dim3_t390
Warning: Normalization parameters not found for dim1_t400
Warning: Normalization parameters not found for dim2_t400
Warning: Normalization parameters not found for dim3_t400
Warning: Normalization parameters not found for dim1_t410
Warning: Normalization parameters not found for dim2_t410
Warning: Normalization parameters not found for dim3_t410
Warning: Normalization parameters not found for dim1_t420
Warning: Normalization parameters not found for dim2_t420
Warning: Normalization parameters not found for dim3_t420
Warning: Normalization parameters not found for dim1_t430
Warning: Normalization parameters not found for dim2_t430
Warning: Normalization parameters not found for dim3_t430
Warning: Normalization parameters not found for dim1_t440
Warning: Normalization parameters not found for dim2_t440
Warning: Normalization parameters not found for dim3_t440
Warning: Normalization parameters not found for dim1_t450
Warning: Normalization parameters not found for dim2_t450
Warning: Normalization parameters not found for dim3_t450
Warning: Normalization parameters not found for dim1_t460
Warning: Normalization parameters not found for dim2_t460
Warning: Normalization parameters not found for dim3_t460
Warning: Normalization parameters not found for dim1_t470
Warning: Normalization parameters not found for dim2_t470
Warning: Normalization parameters not found for dim3_t470
Warning: Normalization parameters not found for dim1_t480
Warning: Normalization parameters not found for dim2_t480
Warning: Normalization parameters not found for dim3_t480
Warning: Normalization parameters not found for dim1_t490
Warning: Normalization parameters not found for dim2_t490
Warning: Normalization parameters not found for dim3_t490
Warning: Normalization parameters not found for dim1_t500
Warning: Normalization parameters not found for dim2_t500
Warning: Normalization parameters not found for dim3_t500
Warning: Normalization parameters not found for dim1_t510
Warning: Normalization parameters not found for dim2_t510
Warning: Normalization parameters not found for dim3_t510
Warning: Normalization parameters not found for dim1_t520
Warning: Normalization parameters not found for dim2_t520
Warning: Normalization parameters not found for dim3_t520
Warning: Normalization parameters not found for dim1_t530
Warning: Normalization parameters not found for dim2_t530
Warning: Normalization parameters not found for dim3_t530
Warning: Normalization parameters not found for dim1_t540
Warning: Normalization parameters not found for dim2_t540
Warning: Normalization parameters not found for dim3_t540
Warning: Normalization parameters not found for dim1_t550
Warning: Normalization parameters not found for dim2_t550
Warning: Normalization parameters not found for dim3_t550
Warning: Normalization parameters not found for dim1_t560
Warning: Normalization parameters not found for dim2_t560
Warning: Normalization parameters not found for dim3_t560
Warning: Normalization parameters not found for dim1_t570
Warning: Normalization parameters not found for dim2_t570
Warning: Normalization parameters not found for dim3_t570
Warning: Normalization parameters not found for dim1_t580
Warning: Normalization parameters not found for dim2_t580
Warning: Normalization parameters not found for dim3_t580
Warning: Normalization parameters not found for dim1_t590
Warning: Normalization parameters not found for dim2_t590
Warning: Normalization parameters not found for dim3_t590
Warning: Normalization parameters not found for dim1_t600
Warning: Normalization parameters not found for dim2_t600
Warning: Normalization parameters not found for dim3_t600
Warning: Normalization parameters not found for dim1_t610
Warning: Normalization parameters not found for dim2_t610
Warning: Normalization parameters not found for dim3_t610
Warning: Normalization parameters not found for dim1_t620
Warning: Normalization parameters not found for dim2_t620
Warning: Normalization parameters not found for dim3_t620
Warning: Normalization parameters not found for dim1_t630
Warning: Normalization parameters not found for dim2_t630
Warning: Normalization parameters not found for dim3_t630
Warning: Normalization parameters not found for dim1_t640
Warning: Normalization parameters not found for dim2_t640
Warning: Normalization parameters not found for dim3_t640
Warning: Normalization parameters not found for dim1_t650
Warning: Normalization parameters not found for dim2_t650
Warning: Normalization parameters not found for dim3_t650
Warning: Normalization parameters not found for dim1_t660
Warning: Normalization parameters not found for dim2_t660
Warning: Normalization parameters not found for dim3_t660
Warning: Normalization parameters not found for dim1_t670
Warning: Normalization parameters not found for dim2_t670
Warning: Normalization parameters not found for dim3_t670
Warning: Normalization parameters not found for dim1_t680
Warning: Normalization parameters not found for dim2_t680
Warning: Normalization parameters not found for dim3_t680
Warning: Normalization parameters not found for dim1_t690
Warning: Normalization parameters not found for dim2_t690
Warning: Normalization parameters not found for dim3_t690
Warning: Normalization parameters not found for dim1_t700
Warning: Normalization parameters not found for dim2_t700
Warning: Normalization parameters not found for dim3_t700
Warning: Normalization parameters not found for dim1_t710
Warning: Normalization parameters not found for dim2_t710
Warning: Normalization parameters not found for dim3_t710
Warning: Normalization parameters not found for dim1_t720
Warning: Normalization parameters not found for dim2_t720
Warning: Normalization parameters not found for dim3_t720
Warning: Normalization parameters not found for dim1_t730
Warning: Normalization parameters not found for dim2_t730
Warning: Normalization parameters not found for dim3_t730
Warning: Normalization parameters not found for dim1_t740
Warning: Normalization parameters not found for dim2_t740
Warning: Normalization parameters not found for dim3_t740
Warning: Normalization parameters not found for dim1_t750
Warning: Normalization parameters not found for dim2_t750
Warning: Normalization parameters not found for dim3_t750
Warning: Normalization parameters not found for dim1_t760
Warning: Normalization parameters not found for dim2_t760
Warning: Normalization parameters not found for dim3_t760
Warning: Normalization parameters not found for dim1_t770
Warning: Normalization parameters not found for dim2_t770
Warning: Normalization parameters not found for dim3_t770
Warning: Normalization parameters not found for dim1_t780
Warning: Normalization parameters not found for dim2_t780
Warning: Normalization parameters not found for dim3_t780
Warning: Normalization parameters not found for dim1_t790
Warning: Normalization parameters not found for dim2_t790
Warning: Normalization parameters not found for dim3_t790
Warning: Normalization parameters not found for dim1_t800
Warning: Normalization parameters not found for dim2_t800
Warning: Normalization parameters not found for dim3_t800
Warning: Normalization parameters not found for dim1_t810
Warning: Normalization parameters not found for dim2_t810
Warning: Normalization parameters not found for dim3_t810
Warning: Normalization parameters not found for dim1_t820
Warning: Normalization parameters not found for dim2_t820
Warning: Normalization parameters not found for dim3_t820
Warning: Normalization parameters not found for dim1_t830
Warning: Normalization parameters not found for dim2_t830
Warning: Normalization parameters not found for dim3_t830
Warning: Normalization parameters not found for dim1_t840
Warning: Normalization parameters not found for dim2_t840
Warning: Normalization parameters not found for dim3_t840
Warning: Normalization parameters not found for dim1_t850
Warning: Normalization parameters not found for dim2_t850
Warning: Normalization parameters not found for dim3_t850
Warning: Normalization parameters not found for dim1_t860
Warning: Normalization parameters not found for dim2_t860
Warning: Normalization parameters not found for dim3_t860
Warning: Normalization parameters not found for dim1_t870
Warning: Normalization parameters not found for dim2_t870
Warning: Normalization parameters not found for dim3_t870
Warning: Normalization parameters not found for dim1_t880
Warning: Normalization parameters not found for dim2_t880
Warning: Normalization parameters not found for dim3_t880
Warning: Normalization parameters not found for dim1_t890
Warning: Normalization parameters not found for dim2_t890
Warning: Normalization parameters not found for dim3_t890
Warning: Normalization parameters not found for dim1_t900
Warning: Normalization parameters not found for dim2_t900
Warning: Normalization parameters not found for dim3_t900
Warning: Normalization parameters not found for dim1_t910
Warning: Normalization parameters not found for dim2_t910
Warning: Normalization parameters not found for dim3_t910
Warning: Normalization parameters not found for dim1_t920
Warning: Normalization parameters not found for dim2_t920
Warning: Normalization parameters not found for dim3_t920
Warning: Normalization parameters not found for dim1_t930
Warning: Normalization parameters not found for dim2_t930
Warning: Normalization parameters not found for dim3_t930
Warning: Normalization parameters not found for dim1_t940
Warning: Normalization parameters not found for dim2_t940
Warning: Normalization parameters not found for dim3_t940
Warning: Normalization parameters not found for dim1_t950
Warning: Normalization parameters not found for dim2_t950
Warning: Normalization parameters not found for dim3_t950
Warning: Normalization parameters not found for dim1_t960
Warning: Normalization parameters not found for dim2_t960
Warning: Normalization parameters not found for dim3_t960
Warning: Normalization parameters not found for dim1_t970
Warning: Normalization parameters not found for dim2_t970
Warning: Normalization parameters not found for dim3_t970
Warning: Normalization parameters not found for dim1_t980
Warning: Normalization parameters not found for dim2_t980
Warning: Normalization parameters not found for dim3_t980
Warning: Normalization parameters not found for dim1_t990
Warning: Normalization parameters not found for dim2_t990
Warning: Normalization parameters not found for dim3_t990
Warning: Normalization parameters not found for dim1_t999
Warning: Normalization parameters not found for dim2_t999
Warning: Normalization parameters not found for dim3_t999

Expected values should be close to original
Ensemble method should provide more accurate results!
[SUCCESS] Ensemble prediction completed.
============================================================
[SUCCESS] training process finished.

============================================================
[INFO] Creating plots and visualizations...
============================================================
[INFO] Looking for cases in: /home/xingjianxu/TurbulentFEX/src/Example/MC_triad/Results/Results/equipart
[INFO] Found case: case_15000 (sample size: 15000)
[INFO] Found case: case_10000 (sample size: 10000)
[INFO] Found case: case_5000 (sample size: 5000)
[INFO] Found case: case_1000 (sample size: 1000)
[INFO] Found case: case_20000 (sample size: 20000)
[INFO] Found case: case_40000 (sample size: 40000)
[INFO] Found case: case_30000 (sample size: 30000)
[INFO] Found 7 cases: ('case_1000', 'case_5000', 'case_10000', 'case_15000', 'case_20000', 'case_30000', 'case_40000')
[INFO] Loading data from case_1000...
  - Ground truth shape: (1000, 3)
  - Predicted shape: (101, 3)
  - Time points: 101
[INFO] Loading data from case_5000...
  - Ground truth shape: (1000, 3)
  - Predicted shape: (101, 3)
  - Time points: 101
[INFO] Loading data from case_10000...
  - Ground truth shape: (1000, 3)
  - Predicted shape: (101, 3)
  - Time points: 101
[INFO] Loading data from case_15000...
  - Ground truth shape: (1000, 3)
  - Predicted shape: (101, 3)
  - Time points: 101
[WARNING] Missing residual data in case_20000
  - Missing: /home/xingjianxu/TurbulentFEX/src/Example/MC_triad/Results/Results/equipart/case_20000/residual_cov_pred.npy
[WARNING] Missing residual data in case_30000
  - Missing: /home/xingjianxu/TurbulentFEX/src/Example/MC_triad/Results/Results/equipart/case_30000/residual_cov_pred.npy
[WARNING] Missing residual data in case_40000
  - Missing: /home/xingjianxu/TurbulentFEX/src/Example/MC_triad/Results/Results/equipart/case_40000/residual_cov_pred.npy

[INFO] Creating plots with 4 datasets: ['Sample Size 1000', 'Sample Size 5000', 'Sample Size 10000', 'Sample Size 15000']

[INFO] Creating multiple dataset comparison plots...
Multiple residual covariance plot saved to /home/xingjianxu/TurbulentFEX/src/Example/MC_triad/Results/Results/equipart/case_15000/plots/multiple_residual_covariance.pdf
Multiple log10 error plot saved to /home/xingjianxu/TurbulentFEX/src/Example/MC_triad/Results/Results/equipart/case_15000/plots/multiple_log10_error.pdf

[INFO] Creating individual comparison plots...
[INFO] Creating plots for Sample Size 1000...
Plot saved to /home/xingjianxu/TurbulentFEX/src/Example/MC_triad/Results/Results/equipart/case_15000/plots/dataset_1_Sample_Size_1000/residual_covariance_comparison.pdf
===== JOB FINISHED =====
Fri Jul  4 01:04:32 AM EDT 2025
