===== SLURM JOB STARTED =====
Date      = Tue Jul  1 07:27:13 PM EDT 2025
Host      = c0607a-s14
Start Dir = /home/xingjianxu/TurbulentFEX/src/Example/MC_triad
Right now we use hipergator workspace path.
SAMPLE size for each time step is 5000
Time step: 1
Time step: 2
Time step: 3
Time step: 4
Time step: 5
Time step: 6
Time step: 7
Time step: 8
Time step: 9
Time step: 10
MC iter = 10: E_true = 1.3591, E_dyn = 1.3653
Time step: 11
Time step: 12
Time step: 13
Time step: 14
Time step: 15
Time step: 16
Time step: 17
Time step: 18
Time step: 19
Time step: 20
MC iter = 20: E_true = 1.5601, E_dyn = 1.5721
Time step: 21
Time step: 22
Time step: 23
Time step: 24
Time step: 25
Time step: 26
Time step: 27
Time step: 28
Time step: 29
Time step: 30
MC iter = 30: E_true = 1.7684, E_dyn = 1.7750
Time step: 31
Time step: 32
Time step: 33
Time step: 34
Time step: 35
Time step: 36
Time step: 37
Time step: 38
Time step: 39
Time step: 40
MC iter = 40: E_true = 1.9811, E_dyn = 1.9739
Time step: 41
Time step: 42
Time step: 43
Time step: 44
Time step: 45
Time step: 46
Time step: 47
Time step: 48
Time step: 49
Time step: 50
MC iter = 50: E_true = 2.1553, E_dyn = 2.1689
Time step: 51
Time step: 52
Time step: 53
Time step: 54
Time step: 55
Time step: 56
Time step: 57
Time step: 58
Time step: 59
Time step: 60
MC iter = 60: E_true = 2.3655, E_dyn = 2.3599
Time step: 61
Time step: 62
Time step: 63
Time step: 64
Time step: 65
Time step: 66
Time step: 67
Time step: 68
Time step: 69
Time step: 70
MC iter = 70: E_true = 2.5570, E_dyn = 2.5464
Time step: 71
Time step: 72
Time step: 73
Time step: 74
Time step: 75
Time step: 76
Time step: 77
Time step: 78
Time step: 79
Time step: 80
MC iter = 80: E_true = 2.7437, E_dyn = 2.7283
Time step: 81
Time step: 82
Time step: 83
Time step: 84
Time step: 85
Time step: 86
Time step: 87
Time step: 88
Time step: 89
Time step: 90
MC iter = 90: E_true = 2.9318, E_dyn = 2.9051
Time step: 91
Time step: 92
Time step: 93
Time step: 94
Time step: 95
Time step: 96
Time step: 97
Time step: 98
Time step: 99
Time step: 100
MC iter = 100: E_true = 3.0914, E_dyn = 3.0768
Time step: 101
Time step: 102
Time step: 103
Time step: 104
Time step: 105
Time step: 106
Time step: 107
Time step: 108
Time step: 109
Time step: 110
MC iter = 110: E_true = 3.2673, E_dyn = 3.2430
Time step: 111
Time step: 112
Time step: 113
Time step: 114
Time step: 115
Time step: 116
Time step: 117
Time step: 118
Time step: 119
Time step: 120
MC iter = 120: E_true = 3.4326, E_dyn = 3.4029
Time step: 121
Time step: 122
Time step: 123
Time step: 124
Time step: 125
Time step: 126
Time step: 127
Time step: 128
Time step: 129
Time step: 130
MC iter = 130: E_true = 3.5933, E_dyn = 3.5563
Time step: 131
Time step: 132
Time step: 133
Time step: 134
Time step: 135
Time step: 136
Time step: 137
Time step: 138
Time step: 139
Time step: 140
MC iter = 140: E_true = 3.7351, E_dyn = 3.7039
Time step: 141
Time step: 142
Time step: 143
Time step: 144
Time step: 145
Time step: 146
Time step: 147
Time step: 148
Time step: 149
Time step: 150
MC iter = 150: E_true = 3.8459, E_dyn = 3.8465
Time step: 151
Time step: 152
Time step: 153
Time step: 154
Time step: 155
Time step: 156
Time step: 157
Time step: 158
Time step: 159
Time step: 160
MC iter = 160: E_true = 3.9642, E_dyn = 3.9851
Time step: 161
Time step: 162
Time step: 163
Time step: 164
Time step: 165
Time step: 166
Time step: 167
Time step: 168
Time step: 169
Time step: 170
MC iter = 170: E_true = 4.0713, E_dyn = 4.1200
Time step: 171
Time step: 172
Time step: 173
Time step: 174
Time step: 175
Time step: 176
Time step: 177
Time step: 178
Time step: 179
Time step: 180
MC iter = 180: E_true = 4.1970, E_dyn = 4.2519
Time step: 181
Time step: 182
Time step: 183
Time step: 184
Time step: 185
Time step: 186
Time step: 187
Time step: 188
Time step: 189
Time step: 190
MC iter = 190: E_true = 4.3456, E_dyn = 4.3812
Time step: 191
Time step: 192
Time step: 193
Time step: 194
Time step: 195
Time step: 196
Time step: 197
Time step: 198
Time step: 199
Time step: 200
MC iter = 200: E_true = 4.4970, E_dyn = 4.5080
Time step: 201
Time step: 202
Time step: 203
Time step: 204
Time step: 205
Time step: 206
Time step: 207
Time step: 208
Time step: 209
Time step: 210
MC iter = 210: E_true = 4.6591, E_dyn = 4.6319
Time step: 211
Time step: 212
Time step: 213
Time step: 214
Time step: 215
Time step: 216
Time step: 217
Time step: 218
Time step: 219
Time step: 220
MC iter = 220: E_true = 4.7807, E_dyn = 4.7529
Time step: 221
Time step: 222
Time step: 223
Time step: 224
Time step: 225
Time step: 226
Time step: 227
Time step: 228
Time step: 229
Time step: 230
MC iter = 230: E_true = 4.9046, E_dyn = 4.8724
Time step: 231
Time step: 232
Time step: 233
Time step: 234
Time step: 235
Time step: 236
Time step: 237
Time step: 238
Time step: 239
Time step: 240
MC iter = 240: E_true = 5.0306, E_dyn = 4.9904
Time step: 241
Time step: 242
Time step: 243
Time step: 244
Time step: 245
Time step: 246
Time step: 247
Time step: 248
Time step: 249
Time step: 250
MC iter = 250: E_true = 5.1628, E_dyn = 5.1057
Time step: 251
Time step: 252
Time step: 253
Time step: 254
Time step: 255
Time step: 256
Time step: 257
Time step: 258
Time step: 259
Time step: 260
MC iter = 260: E_true = 5.2601, E_dyn = 5.2193
Time step: 261
Time step: 262
Time step: 263
Time step: 264
Time step: 265
Time step: 266
Time step: 267
Time step: 268
Time step: 269
Time step: 270
MC iter = 270: E_true = 5.3702, E_dyn = 5.3299
Time step: 271
Time step: 272
Time step: 273
Time step: 274
Time step: 275
Time step: 276
Time step: 277
Time step: 278
Time step: 279
Time step: 280
MC iter = 280: E_true = 5.4836, E_dyn = 5.4372
Time step: 281
Time step: 282
Time step: 283
Time step: 284
Time step: 285
Time step: 286
Time step: 287
Time step: 288
Time step: 289
Time step: 290
MC iter = 290: E_true = 5.5708, E_dyn = 5.5408
Time step: 291
Time step: 292
Time step: 293
Time step: 294
Time step: 295
Time step: 296
Time step: 297
Time step: 298
Time step: 299
Time step: 300
MC iter = 300: E_true = 5.6430, E_dyn = 5.6404
Time step: 301
Time step: 302
Time step: 303
Time step: 304
Time step: 305
Time step: 306
Time step: 307
Time step: 308
Time step: 309
Time step: 310
MC iter = 310: E_true = 5.7430, E_dyn = 5.7356
Time step: 311
Time step: 312
Time step: 313
Time step: 314
Time step: 315
Time step: 316
Time step: 317
Time step: 318
Time step: 319
Time step: 320
MC iter = 320: E_true = 5.8428, E_dyn = 5.8265
Time step: 321
Time step: 322
Time step: 323
Time step: 324
Time step: 325
Time step: 326
Time step: 327
Time step: 328
Time step: 329
Time step: 330
MC iter = 330: E_true = 5.9510, E_dyn = 5.9130
Time step: 331
Time step: 332
Time step: 333
Time step: 334
Time step: 335
Time step: 336
Time step: 337
Time step: 338
Time step: 339
Time step: 340
MC iter = 340: E_true = 6.0165, E_dyn = 5.9961
Time step: 341
Time step: 342
Time step: 343
Time step: 344
Time step: 345
Time step: 346
Time step: 347
Time step: 348
Time step: 349
Time step: 350
MC iter = 350: E_true = 6.0843, E_dyn = 6.0776
Time step: 351
Time step: 352
Time step: 353
Time step: 354
Time step: 355
Time step: 356
Time step: 357
Time step: 358
Time step: 359
Time step: 360
MC iter = 360: E_true = 6.1655, E_dyn = 6.1579
Time step: 361
Time step: 362
Time step: 363
Time step: 364
Time step: 365
Time step: 366
Time step: 367
Time step: 368
Time step: 369
Time step: 370
MC iter = 370: E_true = 6.2674, E_dyn = 6.2371
Time step: 371
Time step: 372
Time step: 373
Time step: 374
Time step: 375
Time step: 376
Time step: 377
Time step: 378
Time step: 379
Time step: 380
MC iter = 380: E_true = 6.3783, E_dyn = 6.3152
Time step: 381
Time step: 382
Time step: 383
Time step: 384
Time step: 385
Time step: 386
Time step: 387
Time step: 388
Time step: 389
Time step: 390
MC iter = 390: E_true = 6.4693, E_dyn = 6.3921
Time step: 391
Time step: 392
Time step: 393
Time step: 394
Time step: 395
Time step: 396
Time step: 397
Time step: 398
Time step: 399
Time step: 400
MC iter = 400: E_true = 6.5412, E_dyn = 6.4684
Time step: 401
Time step: 402
Time step: 403
Time step: 404
Time step: 405
Time step: 406
Time step: 407
Time step: 408
Time step: 409
Time step: 410
MC iter = 410: E_true = 6.6282, E_dyn = 6.5437
Time step: 411
Time step: 412
Time step: 413
Time step: 414
Time step: 415
Time step: 416
Time step: 417
Time step: 418
Time step: 419
Time step: 420
MC iter = 420: E_true = 6.7134, E_dyn = 6.6173
Time step: 421
Time step: 422
Time step: 423
Time step: 424
Time step: 425
Time step: 426
Time step: 427
Time step: 428
Time step: 429
Time step: 430
MC iter = 430: E_true = 6.8031, E_dyn = 6.6885
Time step: 431
Time step: 432
Time step: 433
Time step: 434
Time step: 435
Time step: 436
Time step: 437
Time step: 438
Time step: 439
Time step: 440
MC iter = 440: E_true = 6.8493, E_dyn = 6.7574
Time step: 441
Time step: 442
Time step: 443
Time step: 444
Time step: 445
Time step: 446
Time step: 447
Time step: 448
Time step: 449
Time step: 450
MC iter = 450: E_true = 6.8736, E_dyn = 6.8246
Time step: 451
Time step: 452
Time step: 453
Time step: 454
Time step: 455
Time step: 456
Time step: 457
Time step: 458
Time step: 459
Time step: 460
MC iter = 460: E_true = 6.9262, E_dyn = 6.8894
Time step: 461
Time step: 462
Time step: 463
Time step: 464
Time step: 465
Time step: 466
Time step: 467
Time step: 468
Time step: 469
Time step: 470
MC iter = 470: E_true = 6.9763, E_dyn = 6.9512
Time step: 471
Time step: 472
Time step: 473
Time step: 474
Time step: 475
Time step: 476
Time step: 477
Time step: 478
Time step: 479
Time step: 480
MC iter = 480: E_true = 7.0386, E_dyn = 7.0105
Time step: 481
Time step: 482
Time step: 483
Time step: 484
Time step: 485
Time step: 486
Time step: 487
Time step: 488
Time step: 489
Time step: 490
MC iter = 490: E_true = 7.0438, E_dyn = 7.0681
Time step: 491
Time step: 492
Time step: 493
Time step: 494
Time step: 495
Time step: 496
Time step: 497
Time step: 498
Time step: 499
Time step: 500
MC iter = 500: E_true = 7.0614, E_dyn = 7.1249
Time step: 501
Time step: 502
Time step: 503
Time step: 504
Time step: 505
Time step: 506
Time step: 507
Time step: 508
Time step: 509
Time step: 510
MC iter = 510: E_true = 7.1127, E_dyn = 7.1811
Time step: 511
Time step: 512
Time step: 513
Time step: 514
Time step: 515
Time step: 516
Time step: 517
Time step: 518
Time step: 519
Time step: 520
MC iter = 520: E_true = 7.1844, E_dyn = 7.2366
Time step: 521
Time step: 522
Time step: 523
Time step: 524
Time step: 525
Time step: 526
Time step: 527
Time step: 528
Time step: 529
Time step: 530
MC iter = 530: E_true = 7.2586, E_dyn = 7.2912
Time step: 531
Time step: 532
Time step: 533
Time step: 534
Time step: 535
Time step: 536
Time step: 537
Time step: 538
Time step: 539
Time step: 540
MC iter = 540: E_true = 7.2643, E_dyn = 7.3457
Time step: 541
Time step: 542
Time step: 543
Time step: 544
Time step: 545
Time step: 546
Time step: 547
Time step: 548
Time step: 549
Time step: 550
MC iter = 550: E_true = 7.2906, E_dyn = 7.4006
Time step: 551
Time step: 552
Time step: 553
Time step: 554
Time step: 555
Time step: 556
Time step: 557
Time step: 558
Time step: 559
Time step: 560
MC iter = 560: E_true = 7.3838, E_dyn = 7.4540
Time step: 561
Time step: 562
Time step: 563
Time step: 564
Time step: 565
Time step: 566
Time step: 567
Time step: 568
Time step: 569
Time step: 570
MC iter = 570: E_true = 7.4334, E_dyn = 7.5060
Time step: 571
Time step: 572
Time step: 573
Time step: 574
Time step: 575
Time step: 576
Time step: 577
Time step: 578
Time step: 579
Time step: 580
MC iter = 580: E_true = 7.4803, E_dyn = 7.5573
Time step: 581
Time step: 582
Time step: 583
Time step: 584
Time step: 585
Time step: 586
Time step: 587
Time step: 588
Time step: 589
Time step: 590
MC iter = 590: E_true = 7.5370, E_dyn = 7.6080
Time step: 591
Time step: 592
Time step: 593
Time step: 594
Time step: 595
Time step: 596
Time step: 597
Time step: 598
Time step: 599
Time step: 600
MC iter = 600: E_true = 7.6043, E_dyn = 7.6567
Time step: 601
Time step: 602
Time step: 603
Time step: 604
Time step: 605
Time step: 606
Time step: 607
Time step: 608
Time step: 609
Time step: 610
MC iter = 610: E_true = 7.6024, E_dyn = 7.7040
Time step: 611
Time step: 612
Time step: 613
Time step: 614
Time step: 615
Time step: 616
Time step: 617
Time step: 618
Time step: 619
Time step: 620
MC iter = 620: E_true = 7.6379, E_dyn = 7.7498
Time step: 621
Time step: 622
Time step: 623
Time step: 624
Time step: 625
Time step: 626
Time step: 627
Time step: 628
Time step: 629
Time step: 630
MC iter = 630: E_true = 7.6672, E_dyn = 7.7943
Time step: 631
Time step: 632
Time step: 633
Time step: 634
Time step: 635
Time step: 636
Time step: 637
Time step: 638
Time step: 639
Time step: 640
MC iter = 640: E_true = 7.6995, E_dyn = 7.8372
Time step: 641
Time step: 642
Time step: 643
Time step: 644
Time step: 645
Time step: 646
Time step: 647
Time step: 648
Time step: 649
Time step: 650
MC iter = 650: E_true = 7.7366, E_dyn = 7.8789
Time step: 651
Time step: 652
Time step: 653
Time step: 654
Time step: 655
Time step: 656
Time step: 657
Time step: 658
Time step: 659
Time step: 660
MC iter = 660: E_true = 7.7906, E_dyn = 7.9192
Time step: 661
Time step: 662
Time step: 663
Time step: 664
Time step: 665
Time step: 666
Time step: 667
Time step: 668
Time step: 669
Time step: 670
MC iter = 670: E_true = 7.8293, E_dyn = 7.9577
Time step: 671
Time step: 672
Time step: 673
Time step: 674
Time step: 675
Time step: 676
Time step: 677
Time step: 678
Time step: 679
Time step: 680
MC iter = 680: E_true = 7.8301, E_dyn = 7.9974
Time step: 681
Time step: 682
Time step: 683
Time step: 684
Time step: 685
Time step: 686
Time step: 687
Time step: 688
Time step: 689
Time step: 690
MC iter = 690: E_true = 7.9128, E_dyn = 8.0364
Time step: 691
Time step: 692
Time step: 693
Time step: 694
Time step: 695
Time step: 696
Time step: 697
Time step: 698
Time step: 699
Time step: 700
MC iter = 700: E_true = 7.9280, E_dyn = 8.0742
Time step: 701
Time step: 702
Time step: 703
Time step: 704
Time step: 705
Time step: 706
Time step: 707
Time step: 708
Time step: 709
Time step: 710
MC iter = 710: E_true = 7.9915, E_dyn = 8.1107
Time step: 711
Time step: 712
Time step: 713
Time step: 714
Time step: 715
Time step: 716
Time step: 717
Time step: 718
Time step: 719
Time step: 720
MC iter = 720: E_true = 8.0388, E_dyn = 8.1454
Time step: 721
Time step: 722
Time step: 723
Time step: 724
Time step: 725
Time step: 726
Time step: 727
Time step: 728
Time step: 729
Time step: 730
MC iter = 730: E_true = 8.0697, E_dyn = 8.1788
Time step: 731
Time step: 732
Time step: 733
Time step: 734
Time step: 735
Time step: 736
Time step: 737
Time step: 738
Time step: 739
Time step: 740
MC iter = 740: E_true = 8.1399, E_dyn = 8.2105
Time step: 741
Time step: 742
Time step: 743
Time step: 744
Time step: 745
Time step: 746
Time step: 747
Time step: 748
Time step: 749
Time step: 750
MC iter = 750: E_true = 8.1818, E_dyn = 8.2415
Time step: 751
Time step: 752
Time step: 753
Time step: 754
Time step: 755
Time step: 756
Time step: 757
Time step: 758
Time step: 759
Time step: 760
MC iter = 760: E_true = 8.2356, E_dyn = 8.2719
Time step: 761
Time step: 762
Time step: 763
Time step: 764
Time step: 765
Time step: 766
Time step: 767
Time step: 768
Time step: 769
Time step: 770
MC iter = 770: E_true = 8.2794, E_dyn = 8.3007
Time step: 771
Time step: 772
Time step: 773
Time step: 774
Time step: 775
Time step: 776
Time step: 777
Time step: 778
Time step: 779
Time step: 780
MC iter = 780: E_true = 8.2969, E_dyn = 8.3286
Time step: 781
Time step: 782
Time step: 783
Time step: 784
Time step: 785
Time step: 786
Time step: 787
Time step: 788
Time step: 789
Time step: 790
MC iter = 790: E_true = 8.3313, E_dyn = 8.3561
Time step: 791
Time step: 792
Time step: 793
Time step: 794
Time step: 795
Time step: 796
Time step: 797
Time step: 798
Time step: 799
Time step: 800
MC iter = 800: E_true = 8.3393, E_dyn = 8.3844
Time step: 801
Time step: 802
Time step: 803
Time step: 804
Time step: 805
Time step: 806
Time step: 807
Time step: 808
Time step: 809
Time step: 810
MC iter = 810: E_true = 8.3901, E_dyn = 8.4112
Time step: 811
Time step: 812
Time step: 813
Time step: 814
Time step: 815
Time step: 816
Time step: 817
Time step: 818
Time step: 819
Time step: 820
MC iter = 820: E_true = 8.4302, E_dyn = 8.4367
Time step: 821
Time step: 822
Time step: 823
Time step: 824
Time step: 825
Time step: 826
Time step: 827
Time step: 828
Time step: 829
Time step: 830
MC iter = 830: E_true = 8.4592, E_dyn = 8.4602
Time step: 831
Time step: 832
Time step: 833
Time step: 834
Time step: 835
Time step: 836
Time step: 837
Time step: 838
Time step: 839
Time step: 840
MC iter = 840: E_true = 8.4862, E_dyn = 8.4816
Time step: 841
Time step: 842
Time step: 843
Time step: 844
Time step: 845
Time step: 846
Time step: 847
Time step: 848
Time step: 849
Time step: 850
MC iter = 850: E_true = 8.5159, E_dyn = 8.5011
Time step: 851
Time step: 852
Time step: 853
Time step: 854
Time step: 855
Time step: 856
Time step: 857
Time step: 858
Time step: 859
Time step: 860
MC iter = 860: E_true = 8.5304, E_dyn = 8.5198
Time step: 861
Time step: 862
Time step: 863
Time step: 864
Time step: 865
Time step: 866
Time step: 867
Time step: 868
Time step: 869
Time step: 870
MC iter = 870: E_true = 8.5785, E_dyn = 8.5382
Time step: 871
Time step: 872
Time step: 873
Time step: 874
Time step: 875
Time step: 876
Time step: 877
Time step: 878
Time step: 879
Time step: 880
MC iter = 880: E_true = 8.6133, E_dyn = 8.5559
Time step: 881
Time step: 882
Time step: 883
Time step: 884
Time step: 885
Time step: 886
Time step: 887
Time step: 888
Time step: 889
Time step: 890
MC iter = 890: E_true = 8.6397, E_dyn = 8.5731
Time step: 891
Time step: 892
Time step: 893
Time step: 894
Time step: 895
Time step: 896
Time step: 897
Time step: 898
Time step: 899
Time step: 900
MC iter = 900: E_true = 8.6663, E_dyn = 8.5903
Time step: 901
Time step: 902
Time step: 903
Time step: 904
Time step: 905
Time step: 906
Time step: 907
Time step: 908
Time step: 909
Time step: 910
MC iter = 910: E_true = 8.6535, E_dyn = 8.6083
Time step: 911
Time step: 912
Time step: 913
Time step: 914
Time step: 915
Time step: 916
Time step: 917
Time step: 918
Time step: 919
Time step: 920
MC iter = 920: E_true = 8.6690, E_dyn = 8.6275
Time step: 921
Time step: 922
Time step: 923
Time step: 924
Time step: 925
Time step: 926
Time step: 927
Time step: 928
Time step: 929
Time step: 930
MC iter = 930: E_true = 8.7024, E_dyn = 8.6468
Time step: 931
Time step: 932
Time step: 933
Time step: 934
Time step: 935
Time step: 936
Time step: 937
Time step: 938
Time step: 939
Time step: 940
MC iter = 940: E_true = 8.7184, E_dyn = 8.6658
Time step: 941
Time step: 942
Time step: 943
Time step: 944
Time step: 945
Time step: 946
Time step: 947
Time step: 948
Time step: 949
Time step: 950
MC iter = 950: E_true = 8.7447, E_dyn = 8.6840
Time step: 951
Time step: 952
Time step: 953
Time step: 954
Time step: 955
Time step: 956
Time step: 957
Time step: 958
Time step: 959
Time step: 960
MC iter = 960: E_true = 8.7616, E_dyn = 8.7012
Time step: 961
Time step: 962
Time step: 963
Time step: 964
Time step: 965
Time step: 966
Time step: 967
Time step: 968
Time step: 969
Time step: 970
MC iter = 970: E_true = 8.7956, E_dyn = 8.7175
Time step: 971
Time step: 972
Time step: 973
Time step: 974
Time step: 975
Time step: 976
Time step: 977
Time step: 978
Time step: 979
Time step: 980
MC iter = 980: E_true = 8.8055, E_dyn = 8.7335
Time step: 981
Time step: 982
Time step: 983
Time step: 984
Time step: 985
Time step: 986
Time step: 987
Time step: 988
Time step: 989
Time step: 990
MC iter = 990: E_true = 8.8357, E_dyn = 8.7491
Time step: 991
Time step: 992
Time step: 993
Time step: 994
Time step: 995
Time step: 996
Time step: 997
Time step: 998
Time step: 999
Time step: 1000
MC iter = 1000: E_true = 8.8485, E_dyn = 8.7635
data generation process finished. Now you can train the following.
Processing time step 0/1000
Processing time step 100/1000
Processing time step 200/1000
Processing time step 300/1000
Processing time step 400/1000
Processing time step 500/1000
Processing time step 600/1000
Processing time step 700/1000
Processing time step 800/1000
Processing time step 900/1000
Time 0: 1.571696, 1.103089, 1.119534
Time 100: 1.604119, 1.119057, 1.112249
Time 200: 1.599548, 1.119605, 1.125627
Time 300: 1.559145, 1.111905, 1.121068
Time 400: 1.579656, 1.115583, 1.128431
Time 500: 1.615223, 1.115502, 1.127315
Time 600: 1.569658, 1.127394, 1.120359
Time 700: 1.591819, 1.112464, 1.126832
Time 800: 1.550327, 1.135558, 1.114852
Time 900: 1.598901, 1.114492, 1.115450
Residual covariance shape: (1000, 3)
First time step covariance: [1.57169567 1.10308937 1.11953447]
the residual shape is (5000, 3, 1000),the state of dyamics is (5000, 3, 1000)
Scaler values: [20 20 20]
Original residual std at t=0: [0.15716957 0.11030894 0.11195345]
Using train_size: 5000 out of total size: 5000
----------------------------------------------------------------------------------------------------
this is 0 times / overall 1000 times
1.5716956662129073 1.103089365005934 1.119534467132706
----------------------------------------------------------------------------------------------------
find index iteration: 0 5000
short indx is [[   0 3833  188 ... 1463 4634 1978]
 [   1 3359 1423 ... 4508  477 1420]
 [   2 2127 2662 ... 3969 4607 2657]
 ...
 [4997 2907 3604 ...  903 1133 1841]
 [4998 3666 1339 ... 1259  617 4339]
 [4999  813 2778 ... 1739 1562  655]]
Scaled residual std at t=0: [3.14339133 2.20617873 2.23906893]
start_idx is 0; end_idx is 5000
this is 0 times / overall 2000 times
this is 100 times / overall 2000 times
this is 200 times / overall 2000 times
this is 300 times / overall 2000 times
this is 400 times / overall 2000 times
this is 500 times / overall 2000 times
this is 600 times / overall 2000 times
this is 700 times / overall 2000 times
this is 800 times / overall 2000 times
this is 900 times / overall 2000 times
this is 1000 times / overall 2000 times
this is 1100 times / overall 2000 times
this is 1200 times / overall 2000 times
this is 1300 times / overall 2000 times
this is 1400 times / overall 2000 times
this is 1500 times / overall 2000 times
this is 1600 times / overall 2000 times
this is 1700 times / overall 2000 times
this is 1800 times / overall 2000 times
this is 1900 times / overall 2000 times
this is 0 times which has already done.
----------------------------------------------------------------------------------------------------
this is 1 times / overall 1000 times
1.5745632056949765 1.1445201101100615 1.1224128006944183
----------------------------------------------------------------------------------------------------
find index iteration: 0 5000
short indx is [[   0  491 2948 ... 3073 1761  395]
 [   1 3588 3802 ...  183 4825 1714]
 [   2   68 1566 ... 2231 1829  838]
 ...
 [4997 4208 4894 ...  974 2871 3545]
 [4998 4967 3627 ... 3114 1314 2810]
 [4999 2104 3751 ...  496 2855 4291]]
Scaled residual std at t=1: [3.14912641 2.28904022 2.2448256 ]
start_idx is 0; end_idx is 5000
this is 0 times / overall 2000 times
this is 100 times / overall 2000 times
this is 200 times / overall 2000 times
this is 300 times / overall 2000 times
this is 400 times / overall 2000 times
this is 500 times / overall 2000 times
this is 600 times / overall 2000 times
this is 700 times / overall 2000 times
this is 800 times / overall 2000 times
this is 900 times / overall 2000 times
this is 1000 times / overall 2000 times
this is 1100 times / overall 2000 times
this is 1200 times / overall 2000 times
this is 1300 times / overall 2000 times
this is 1400 times / overall 2000 times
this is 1500 times / overall 2000 times
this is 1600 times / overall 2000 times
this is 1700 times / overall 2000 times
this is 1800 times / overall 2000 times
this is 1900 times / overall 2000 times
this is 1 times which has already done.
----------------------------------------------------------------------------------------------------
this is 2 times / overall 1000 times
1.5918676259982574 1.117136657960166 1.1000251096397402
----------------------------------------------------------------------------------------------------
find index iteration: 0 5000
short indx is [[   0 4755 2778 ...   88 1623  691]
 [   1 3104 4403 ...  765 1084 4875]
 [   2 1825 4883 ... 3032 3508 4985]
 ...
 [4997 4819 3303 ... 3281  860  221]
 [4998 2058 3872 ... 2683  797 3899]
 [4999 1973 1506 ...  325  248 4800]]
Scaled residual std at t=2: [3.18373525 2.23427332 2.20005022]
start_idx is 0; end_idx is 5000
this is 0 times / overall 2000 times
this is 100 times / overall 2000 times
this is 200 times / overall 2000 times
this is 300 times / overall 2000 times
this is 400 times / overall 2000 times
this is 500 times / overall 2000 times
this is 600 times / overall 2000 times
this is 700 times / overall 2000 times
this is 800 times / overall 2000 times
this is 900 times / overall 2000 times
this is 1000 times / overall 2000 times
this is 1100 times / overall 2000 times
this is 1200 times / overall 2000 times
this is 1300 times / overall 2000 times
this is 1400 times / overall 2000 times
this is 1500 times / overall 2000 times
this is 1600 times / overall 2000 times
this is 1700 times / overall 2000 times
this is 1800 times / overall 2000 times
this is 1900 times / overall 2000 times
this is 2 times which has already done.
----------------------------------------------------------------------------------------------------
this is 3 times / overall 1000 times
1.5617518041221374 1.142543904024783 1.1259144421078553
----------------------------------------------------------------------------------------------------
find index iteration: 0 5000
short indx is [[   0 1976 1599 ... 3442 2696 1363]
 [   1  964 4385 ... 2078 2748 2242]
 [   2 1566 1022 ... 1646  272 3156]
 ...
 [4997 3312 4987 ... 3077  239  578]
 [4998 2359 3344 ...  219  523 4166]
 [4999 4745 3783 ... 4704  261 2340]]
Scaled residual std at t=3: [3.12350361 2.28508781 2.25182888]
start_idx is 0; end_idx is 5000
this is 0 times / overall 2000 times
this is 100 times / overall 2000 times
this is 200 times / overall 2000 times
this is 300 times / overall 2000 times
this is 400 times / overall 2000 times
this is 500 times / overall 2000 times
this is 600 times / overall 2000 times
this is 700 times / overall 2000 times
this is 800 times / overall 2000 times
this is 900 times / overall 2000 times
this is 1000 times / overall 2000 times
this is 1100 times / overall 2000 times
this is 1200 times / overall 2000 times
this is 1300 times / overall 2000 times
this is 1400 times / overall 2000 times
this is 1500 times / overall 2000 times
this is 1600 times / overall 2000 times
this is 1700 times / overall 2000 times
this is 1800 times / overall 2000 times
this is 1900 times / overall 2000 times
this is 3 times which has already done.
----------------------------------------------------------------------------------------------------
this is 4 times / overall 1000 times
1.6007358769392859 1.1206021172244267 1.1228212947032026
----------------------------------------------------------------------------------------------------
find index iteration: 0 5000
short indx is [[   0   70  123 ...  898 2907 2992]
 [   1 2875 2017 ... 3446 4524 4137]
 [   2 1200 1180 ... 1261  841 3491]
 ...
 [4997  268 2228 ... 4275 4419 3947]
 [4998  497  591 ... 4853 3699 3060]
 [4999   28 4160 ... 2765 3079 1988]]
Scaled residual std at t=4: [3.20147175 2.24120423 2.24564259]
start_idx is 0; end_idx is 5000
this is 0 times / overall 2000 times
this is 100 times / overall 2000 times
this is 200 times / overall 2000 times
this is 300 times / overall 2000 times
this is 400 times / overall 2000 times
this is 500 times / overall 2000 times
this is 600 times / overall 2000 times
this is 700 times / overall 2000 times
this is 800 times / overall 2000 times
this is 900 times / overall 2000 times
this is 1000 times / overall 2000 times
this is 1100 times / overall 2000 times
this is 1200 times / overall 2000 times
this is 1300 times / overall 2000 times
this is 1400 times / overall 2000 times
this is 1500 times / overall 2000 times
this is 1600 times / overall 2000 times
this is 1700 times / overall 2000 times
this is 1800 times / overall 2000 times
this is 1900 times / overall 2000 times
this is 4 times which has already done.
----------------------------------------------------------------------------------------------------
this is 5 times / overall 1000 times
1.5801880943502977 1.11170972063519 1.1140752775556866
----------------------------------------------------------------------------------------------------
find index iteration: 0 5000
short indx is [[   0 1892  172 ...  604 4715 2574]
 [   1 2875 4474 ... 1401 3532 4196]
 [   2 1157 4240 ... 2400  256  360]
 ...
 [4997 2249  268 ...  673 1501 1151]
 [4998 1012 1098 ... 3124 3830 3846]
 [4999 4983 2104 ... 3654 2930 4118]]
Scaled residual std at t=5: [3.16037619 2.22341944 2.22815056]
start_idx is 0; end_idx is 5000
this is 0 times / overall 2000 times
this is 100 times / overall 2000 times
this is 200 times / overall 2000 times
this is 300 times / overall 2000 times
this is 400 times / overall 2000 times
this is 500 times / overall 2000 times
this is 600 times / overall 2000 times
this is 700 times / overall 2000 times
this is 800 times / overall 2000 times
this is 900 times / overall 2000 times
this is 1000 times / overall 2000 times
this is 1100 times / overall 2000 times
this is 1200 times / overall 2000 times
this is 1300 times / overall 2000 times
this is 1400 times / overall 2000 times
this is 1500 times / overall 2000 times
this is 1600 times / overall 2000 times
this is 1700 times / overall 2000 times
this is 1800 times / overall 2000 times
this is 1900 times / overall 2000 times
this is 5 times which has already done.
----------------------------------------------------------------------------------------------------
this is 6 times / overall 1000 times
1.5789349837321416 1.1143510094181457 1.1216787459548632
----------------------------------------------------------------------------------------------------
find index iteration: 0 5000
short indx is [[   0 2444 3365 ... 3295  604  329]
 [   1  964 1541 ... 4162 3680 1914]
 [   2 2436 4551 ... 1709  401 1678]
 ...
 [4997  792 4029 ... 1465 2272 1994]
 [4998 3309 2557 ... 3302 4094 2127]
 [4999 4407 3417 ...  624 4564  543]]
Scaled residual std at t=6: [3.15786997 2.22870202 2.24335749]
start_idx is 0; end_idx is 5000
this is 0 times / overall 2000 times
this is 100 times / overall 2000 times
this is 200 times / overall 2000 times
this is 300 times / overall 2000 times
this is 400 times / overall 2000 times
this is 500 times / overall 2000 times
this is 600 times / overall 2000 times
this is 700 times / overall 2000 times
this is 800 times / overall 2000 times
this is 900 times / overall 2000 times
this is 1000 times / overall 2000 times
this is 1100 times / overall 2000 times
this is 1200 times / overall 2000 times
this is 1300 times / overall 2000 times
this is 1400 times / overall 2000 times
this is 1500 times / overall 2000 times
this is 1600 times / overall 2000 times
this is 1700 times / overall 2000 times
this is 1800 times / overall 2000 times
this is 1900 times / overall 2000 times
this is 6 times which has already done.
----------------------------------------------------------------------------------------------------
this is 7 times / overall 1000 times
1.567856154586043 1.123306325323219 1.1189965513077886
----------------------------------------------------------------------------------------------------
find index iteration: 0 5000
short indx is [[   0 4712 1422 ... 4750 2510 4579]
 [   1   45 3790 ... 2361 4815  836]
 [   2 3200 2623 ... 2836 4800  514]
 ...
 [4997 4029 4280 ... 1606 3348  151]
 [4998 2557  980 ... 2166 4326 2141]
 [4999 2541 1993 ... 4196 2742 3124]]
Scaled residual std at t=7: [3.13571231 2.24661265 2.2379931 ]
start_idx is 0; end_idx is 5000
this is 0 times / overall 2000 times
this is 100 times / overall 2000 times
this is 200 times / overall 2000 times
this is 300 times / overall 2000 times
this is 400 times / overall 2000 times
this is 500 times / overall 2000 times
this is 600 times / overall 2000 times
this is 700 times / overall 2000 times
this is 800 times / overall 2000 times
this is 900 times / overall 2000 times
this is 1000 times / overall 2000 times
this is 1100 times / overall 2000 times
this is 1200 times / overall 2000 times
this is 1300 times / overall 2000 times
this is 1400 times / overall 2000 times
this is 1500 times / overall 2000 times
this is 1600 times / overall 2000 times
this is 1700 times / overall 2000 times
this is 1800 times / overall 2000 times
this is 1900 times / overall 2000 times
this is 7 times which has already done.
----------------------------------------------------------------------------------------------------
this is 8 times / overall 1000 times
1.5669826492437493 1.1004948838378577 1.123574434145399
----------------------------------------------------------------------------------------------------
find index iteration: 0 5000
short indx is [[   0 1626 4883 ... 2889 1248 4089]
 [   1 2555  857 ... 1104  719 4164]
 [   2  484 2859 ... 4918   30 1390]
 ...
 [4997 4151 4280 ... 4087  861 1730]
 [4998  591 4638 ... 3668 2668 1532]
 [4999 3027  412 ... 1596 1282 4025]]
Scaled residual std at t=8: [3.1339653  2.20098977 2.24714887]
start_idx is 0; end_idx is 5000
this is 0 times / overall 2000 times
this is 100 times / overall 2000 times
this is 200 times / overall 2000 times
this is 300 times / overall 2000 times
this is 400 times / overall 2000 times
this is 500 times / overall 2000 times
this is 600 times / overall 2000 times
this is 700 times / overall 2000 times
this is 800 times / overall 2000 times
this is 900 times / overall 2000 times
this is 1000 times / overall 2000 times
this is 1100 times / overall 2000 times
this is 1200 times / overall 2000 times
this is 1300 times / overall 2000 times
this is 1400 times / overall 2000 times
this is 1500 times / overall 2000 times
this is 1600 times / overall 2000 times
this is 1700 times / overall 2000 times
this is 1800 times / overall 2000 times
this is 1900 times / overall 2000 times
this is 8 times which has already done.
----------------------------------------------------------------------------------------------------
this is 9 times / overall 1000 times
1.5863953986683492 1.1155885028864403 1.131143269238473
----------------------------------------------------------------------------------------------------
find index iteration: 0 5000
short indx is [[   0 3265 3359 ...  567 3003 2427]
 [   1 3262 1949 ... 2542 3572 1189]
 [   2 2143 1536 ... 4209 1861 3055]
 ...
 [4997 2353 2894 ...  667 4659 2132]
 [4998 3293 1595 ... 4057 2809 1430]
 [4999   18 3357 ... 4073 2391 2320]]
Scaled residual std at t=9: [3.1727908  2.23117701 2.26228654]
start_idx is 0; end_idx is 5000
this is 0 times / overall 2000 times
this is 100 times / overall 2000 times
this is 200 times / overall 2000 times
this is 300 times / overall 2000 times
this is 400 times / overall 2000 times
this is 500 times / overall 2000 times
this is 600 times / overall 2000 times
this is 700 times / overall 2000 times
this is 800 times / overall 2000 times
this is 900 times / overall 2000 times
this is 1000 times / overall 2000 times
this is 1100 times / overall 2000 times
this is 1200 times / overall 2000 times
this is 1300 times / overall 2000 times
this is 1400 times / overall 2000 times
this is 1500 times / overall 2000 times
this is 1600 times / overall 2000 times
this is 1700 times / overall 2000 times
this is 1800 times / overall 2000 times
this is 1900 times / overall 2000 times
this is 9 times which has already done.
----------------------------------------------------------------------------------------------------
this is 10 times / overall 1000 times
1.603254009981081 1.1122381533117638 1.116624485544261
----------------------------------------------------------------------------------------------------
find index iteration: 0 5000
short indx is [[   0 2984  241 ...  943  736 2124]
 [   1 1949 3790 ...  138 3246  117]
 [   2 2623 1509 ... 1281 4241 3547]
 ...
 [4997 1369  780 ... 4038 2462 1449]
 [4998 3971 1012 ... 4043 1660 1537]
 [4999 1100 2404 ... 2466 1855  455]]
Scaled residual std at t=10: [3.20650802 2.22447631 2.23324897]
start_idx is 0; end_idx is 5000
this is 0 times / overall 2000 times
this is 100 times / overall 2000 times
this is 200 times / overall 2000 times
this is 300 times / overall 2000 times
this is 400 times / overall 2000 times
this is 500 times / overall 2000 times
this is 600 times / overall 2000 times
this is 700 times / overall 2000 times
this is 800 times / overall 2000 times
this is 900 times / overall 2000 times
this is 1000 times / overall 2000 times
this is 1100 times / overall 2000 times
this is 1200 times / overall 2000 times
this is 1300 times / overall 2000 times
this is 1400 times / overall 2000 times
this is 1500 times / overall 2000 times
this is 1600 times / overall 2000 times
this is 1700 times / overall 2000 times
this is 1800 times / overall 2000 times
this is 1900 times / overall 2000 times
this is 10 times which has already done.
----------------------------------------------------------------------------------------------------
this is 11 times / overall 1000 times
1.5874280527218225 1.125342926401522 1.1134292617735309
----------------------------------------------------------------------------------------------------
find index iteration: 0 5000
short indx is [[   0 4950  518 ...  626 1712 2641]
 [   1 2961 1949 ... 4170 3448 2523]
 [   2 2623 1509 ...   18 2500  428]
 ...
 [4997 3005  410 ... 2041 4282 2164]
 [4998 1544 2428 ... 3623 3396 4482]
 [4999 4091 3057 ... 3391 4251 3881]]
Scaled residual std at t=11: [3.17485611 2.25068585 2.22685852]
start_idx is 0; end_idx is 5000
this is 0 times / overall 2000 times
this is 100 times / overall 2000 times
this is 200 times / overall 2000 times
this is 300 times / overall 2000 times
this is 400 times / overall 2000 times
this is 500 times / overall 2000 times
this is 600 times / overall 2000 times
this is 700 times / overall 2000 times
this is 800 times / overall 2000 times
this is 900 times / overall 2000 times
this is 1000 times / overall 2000 times
this is 1100 times / overall 2000 times
this is 1200 times / overall 2000 times
this is 1300 times / overall 2000 times
this is 1400 times / overall 2000 times
this is 1500 times / overall 2000 times
this is 1600 times / overall 2000 times
this is 1700 times / overall 2000 times
this is 1800 times / overall 2000 times
this is 1900 times / overall 2000 times
this is 11 times which has already done.
----------------------------------------------------------------------------------------------------
this is 12 times / overall 1000 times
1.5838824568629064 1.1309235983646797 1.1301236593770125
----------------------------------------------------------------------------------------------------
find index iteration: 0 5000
short indx is [[   0  975 4937 ...  317 4131 1772]
 [   1 4855  118 ... 3198 4933 3804]
 [   2  930  185 ... 3298 2470 4632]
 ...
 [4997  691 1520 ... 3592 1066 3926]
 [4998 4343 4638 ... 1939 1828 1423]
 [4999 3186 2222 ...  644 1751 4610]]
Scaled residual std at t=12: [3.16776491 2.2618472  2.26024732]
start_idx is 0; end_idx is 5000
this is 0 times / overall 2000 times
this is 100 times / overall 2000 times
this is 200 times / overall 2000 times
this is 300 times / overall 2000 times
this is 400 times / overall 2000 times
this is 500 times / overall 2000 times
this is 600 times / overall 2000 times
this is 700 times / overall 2000 times
this is 800 times / overall 2000 times
this is 900 times / overall 2000 times
this is 1000 times / overall 2000 times
this is 1100 times / overall 2000 times
this is 1200 times / overall 2000 times
this is 1300 times / overall 2000 times
this is 1400 times / overall 2000 times
this is 1500 times / overall 2000 times
this is 1600 times / overall 2000 times
this is 1700 times / overall 2000 times
this is 1800 times / overall 2000 times
this is 1900 times / overall 2000 times
this is 12 times which has already done.
----------------------------------------------------------------------------------------------------
this is 13 times / overall 1000 times
1.6062523306408787 1.1142660161068485 1.1227100511228396
----------------------------------------------------------------------------------------------------
find index iteration: 0 5000
short indx is [[   0 3391  941 ... 3459  352 4231]
 [   1  118 3262 ... 2793 4263  932]
 [   2 4527 3282 ... 4453  532 4571]
 ...
 [4997  600 1623 ... 1167 1210 2655]
 [4998 2545 4111 ... 1040 1834 1197]
 [4999 3423 2034 ... 4549 2430 3704]]
Scaled residual std at t=13: [3.21250466 2.22853203 2.2454201 ]
start_idx is 0; end_idx is 5000
this is 0 times / overall 2000 times
this is 100 times / overall 2000 times
this is 200 times / overall 2000 times
this is 300 times / overall 2000 times
this is 400 times / overall 2000 times
this is 500 times / overall 2000 times
this is 600 times / overall 2000 times
this is 700 times / overall 2000 times
this is 800 times / overall 2000 times
this is 900 times / overall 2000 times
this is 1000 times / overall 2000 times
this is 1100 times / overall 2000 times
this is 1200 times / overall 2000 times
this is 1300 times / overall 2000 times
this is 1400 times / overall 2000 times
this is 1500 times / overall 2000 times
this is 1600 times / overall 2000 times
this is 1700 times / overall 2000 times
this is 1800 times / overall 2000 times
this is 1900 times / overall 2000 times
this is 13 times which has already done.
----------------------------------------------------------------------------------------------------
this is 14 times / overall 1000 times
1.599457465791399 1.1080383404930505 1.1356586868572802
----------------------------------------------------------------------------------------------------
find index iteration: 0 5000
short indx is [[   0 1718 3391 ... 3938 4925 1461]
 [   1 1305 4940 ...  913 4943 3241]
 [   2 2429  930 ... 4876  907  928]
 ...
 [4997  780  600 ... 1237 3692  454]
 [4998 2517 4145 ...  887 3668 1646]
 [4999 2841 4906 ... 2379 3393 2523]]
Scaled residual std at t=14: [3.19891493 2.21607668 2.27131737]
start_idx is 0; end_idx is 5000
this is 0 times / overall 2000 times
this is 100 times / overall 2000 times
this is 200 times / overall 2000 times
this is 300 times / overall 2000 times
this is 400 times / overall 2000 times
this is 500 times / overall 2000 times
this is 600 times / overall 2000 times
this is 700 times / overall 2000 times
this is 800 times / overall 2000 times
this is 900 times / overall 2000 times
this is 1000 times / overall 2000 times
this is 1100 times / overall 2000 times
this is 1200 times / overall 2000 times
this is 1300 times / overall 2000 times
this is 1400 times / overall 2000 times
this is 1500 times / overall 2000 times
this is 1600 times / overall 2000 times
this is 1700 times / overall 2000 times
this is 1800 times / overall 2000 times
this is 1900 times / overall 2000 times
this is 14 times which has already done.
----------------------------------------------------------------------------------------------------
this is 15 times / overall 1000 times
1.5823208781554912 1.1055458286559132 1.1478680659928777
----------------------------------------------------------------------------------------------------
find index iteration: 0 5000
short indx is [[   0 3082 1096 ... 2434 4090 4305]
 [   1 3262 1305 ... 4698 3350 2818]
 [   2  930  484 ... 4257 2531 2804]
 ...
 [4997 3269 2318 ... 1067 4134 1191]
 [4998 4383 4222 ... 2565 2838 2315]
 [4999 1702 3057 ... 1099 2678 1289]]
Scaled residual std at t=15: [3.16464176 2.21109166 2.29573613]
start_idx is 0; end_idx is 5000
this is 0 times / overall 2000 times
this is 100 times / overall 2000 times
this is 200 times / overall 2000 times
this is 300 times / overall 2000 times
this is 400 times / overall 2000 times
this is 500 times / overall 2000 times
this is 600 times / overall 2000 times
this is 700 times / overall 2000 times
this is 800 times / overall 2000 times
this is 900 times / overall 2000 times
this is 1000 times / overall 2000 times
this is 1100 times / overall 2000 times
this is 1200 times / overall 2000 times
this is 1300 times / overall 2000 times
this is 1400 times / overall 2000 times
this is 1500 times / overall 2000 times
this is 1600 times / overall 2000 times
this is 1700 times / overall 2000 times
this is 1800 times / overall 2000 times
this is 1900 times / overall 2000 times
this is 15 times which has already done.
----------------------------------------------------------------------------------------------------
this is 16 times / overall 1000 times
1.5712466289456806 1.1267410052577995 1.1215538636129878
----------------------------------------------------------------------------------------------------
find index iteration: 0 5000
short indx is [[   0 4387 3082 ...  179 4155 1968]
 [   1 1305 3045 ... 2942   77 2749]
 [   2 4707 2859 ... 4749 4953  309]
 ...
 [4997 2318  887 ...   14  199 2329]
 [4998 3288 4490 ... 1120 3699 4945]
 [4999 4085 4044 ... 3462  364 4256]]
Scaled residual std at t=16: [3.14249326 2.25348201 2.24310773]
start_idx is 0; end_idx is 5000
this is 0 times / overall 2000 times
this is 100 times / overall 2000 times
this is 200 times / overall 2000 times
this is 300 times / overall 2000 times
this is 400 times / overall 2000 times
this is 500 times / overall 2000 times
this is 600 times / overall 2000 times
this is 700 times / overall 2000 times
this is 800 times / overall 2000 times
this is 900 times / overall 2000 times
this is 1000 times / overall 2000 times
this is 1100 times / overall 2000 times
this is 1200 times / overall 2000 times
this is 1300 times / overall 2000 times
this is 1400 times / overall 2000 times
this is 1500 times / overall 2000 times
this is 1600 times / overall 2000 times
this is 1700 times / overall 2000 times
this is 1800 times / overall 2000 times
this is 1900 times / overall 2000 times
this is 16 times which has already done.
----------------------------------------------------------------------------------------------------
this is 17 times / overall 1000 times
1.5799626925656902 1.1114443869360768 1.1127166704354827
----------------------------------------------------------------------------------------------------
find index iteration: 0 5000
short indx is [[   0 1220 1932 ... 3734  409 3809]
 [   1 3262  416 ... 2169 3486 2942]
 [   2 3441 2859 ... 3325  744 3804]
 ...
 [4997 3261 4854 ... 3318 4523 4820]
 [4998  858 3230 ... 2999 2115  492]
 [4999 3548 3311 ... 4870 4490 1316]]
Scaled residual std at t=17: [3.15992539 2.22288877 2.22543334]
start_idx is 0; end_idx is 5000
this is 0 times / overall 2000 times
this is 100 times / overall 2000 times
this is 200 times / overall 2000 times
this is 300 times / overall 2000 times
this is 400 times / overall 2000 times
this is 500 times / overall 2000 times
this is 600 times / overall 2000 times
this is 700 times / overall 2000 times
this is 800 times / overall 2000 times
this is 900 times / overall 2000 times
this is 1000 times / overall 2000 times
this is 1100 times / overall 2000 times
this is 1200 times / overall 2000 times
this is 1300 times / overall 2000 times
this is 1400 times / overall 2000 times
this is 1500 times / overall 2000 times
this is 1600 times / overall 2000 times
this is 1700 times / overall 2000 times
this is 1800 times / overall 2000 times
this is 1900 times / overall 2000 times
this is 17 times which has already done.
----------------------------------------------------------------------------------------------------
this is 18 times / overall 1000 times
1.5908303716218641 1.127751597915259 1.1083575248130177
----------------------------------------------------------------------------------------------------
find index iteration: 0 5000
short indx is [[   0  132 3916 ... 3381 4124 2447]
 [   1  118 2503 ... 3043 2228 1990]
 [   2 3441 4079 ... 2910 2435  475]
 ...
 [4997  953 3048 ... 3810 3436 2588]
 [4998 3230 2861 ... 4579 3190 3156]
 [4999 1250 1677 ... 3155 1587 4723]]
Scaled residual std at t=18: [3.18166074 2.2555032  2.21671505]
start_idx is 0; end_idx is 5000
this is 0 times / overall 2000 times
this is 100 times / overall 2000 times
this is 200 times / overall 2000 times
this is 300 times / overall 2000 times
this is 400 times / overall 2000 times
this is 500 times / overall 2000 times
this is 600 times / overall 2000 times
this is 700 times / overall 2000 times
this is 800 times / overall 2000 times
this is 900 times / overall 2000 times
this is 1000 times / overall 2000 times
this is 1100 times / overall 2000 times
this is 1200 times / overall 2000 times
this is 1300 times / overall 2000 times
this is 1400 times / overall 2000 times
this is 1500 times / overall 2000 times
this is 1600 times / overall 2000 times
this is 1700 times / overall 2000 times
this is 1800 times / overall 2000 times
this is 1900 times / overall 2000 times
this is 18 times which has already done.
----------------------------------------------------------------------------------------------------
this is 19 times / overall 1000 times
1.5707723809675516 1.1049279318081455 1.1322140610015878
----------------------------------------------------------------------------------------------------
find index iteration: 0 5000
short indx is [[   0 2935 4378 ... 1859 2594 1977]
 [   1  118 2503 ... 1070 1234 4584]
 [   2 4942 4079 ...  956 2677 3328]
 ...
 [4997 2318 3048 ... 1183 3706 4358]
 [4998 3230  226 ...  538 3248 2778]
 [4999 3977 1510 ... 4267 2422 1227]]
Scaled residual std at t=19: [3.14154476 2.20985586 2.26442812]
start_idx is 0; end_idx is 5000
this is 0 times / overall 2000 times
this is 100 times / overall 2000 times
this is 200 times / overall 2000 times
this is 300 times / overall 2000 times
this is 400 times / overall 2000 times
this is 500 times / overall 2000 times
this is 600 times / overall 2000 times
this is 700 times / overall 2000 times
this is 800 times / overall 2000 times
this is 900 times / overall 2000 times
this is 1000 times / overall 2000 times
this is 1100 times / overall 2000 times
this is 1200 times / overall 2000 times
this is 1300 times / overall 2000 times
this is 1400 times / overall 2000 times
this is 1500 times / overall 2000 times
this is 1600 times / overall 2000 times
this is 1700 times / overall 2000 times
this is 1800 times / overall 2000 times
this is 1900 times / overall 2000 times
this is 19 times which has already done.
----------------------------------------------------------------------------------------------------
this is 20 times / overall 1000 times
1.589022329167833 1.129384799750937 1.1200005955126913
----------------------------------------------------------------------------------------------------
find index iteration: 0 5000
short indx is [[   0  486  315 ... 2982 2676 4502]
 [   1 1925  118 ... 4600 2409 4471]
 [   2 3743 4079 ... 1551 4472 4880]
 ...
 [4997 3048 2318 ... 3186 2675 3744]
 [4998 1341 3436 ...  320 2960 3250]
 [4999 4477 2802 ... 4366 3663 3735]]
Scaled residual std at t=20: [3.17804466 2.2587696  2.24000119]
start_idx is 0; end_idx is 5000
this is 0 times / overall 2000 times
this is 100 times / overall 2000 times
this is 200 times / overall 2000 times
this is 300 times / overall 2000 times
this is 400 times / overall 2000 times
this is 500 times / overall 2000 times
this is 600 times / overall 2000 times
this is 700 times / overall 2000 times
this is 800 times / overall 2000 times
this is 900 times / overall 2000 times
this is 1000 times / overall 2000 times
this is 1100 times / overall 2000 times
this is 1200 times / overall 2000 times
this is 1300 times / overall 2000 times
this is 1400 times / overall 2000 times
this is 1500 times / overall 2000 times
this is 1600 times / overall 2000 times
this is 1700 times / overall 2000 times
this is 1800 times / overall 2000 times
this is 1900 times / overall 2000 times
this is 20 times which has already done.
----------------------------------------------------------------------------------------------------
this is 21 times / overall 1000 times
1.5813391370781453 1.1055670713369932 1.1098225284913883
----------------------------------------------------------------------------------------------------
find index iteration: 0 5000
short indx is [[   0 4012 3756 ... 1014 1477 4456]
 [   1 3951 1131 ...  853 2541 2317]
 [   2 1725 4284 ... 4474 2818 2842]
 ...
 [4997 4415 2323 ... 2259 1048 3357]
 [4998 4987 3968 ...  605 4523 4988]
 [4999 1110  767 ... 4293 4952  179]]
Scaled residual std at t=21: [3.16267827 2.21113414 2.21964506]
start_idx is 0; end_idx is 5000
this is 0 times / overall 2000 times
this is 100 times / overall 2000 times
this is 200 times / overall 2000 times
this is 300 times / overall 2000 times
this is 400 times / overall 2000 times
this is 500 times / overall 2000 times
this is 600 times / overall 2000 times
this is 700 times / overall 2000 times
this is 800 times / overall 2000 times
this is 900 times / overall 2000 times
this is 1000 times / overall 2000 times
this is 1100 times / overall 2000 times
this is 1200 times / overall 2000 times
this is 1300 times / overall 2000 times
this is 1400 times / overall 2000 times
this is 1500 times / overall 2000 times
this is 1600 times / overall 2000 times
this is 1700 times / overall 2000 times
this is 1800 times / overall 2000 times
this is 1900 times / overall 2000 times
this is 21 times which has already done.
----------------------------------------------------------------------------------------------------
this is 22 times / overall 1000 times
1.5841621875706349 1.099547774054504 1.1186162014237562
----------------------------------------------------------------------------------------------------
find index iteration: 0 5000
short indx is [[   0 4496 3884 ... 1024 4583 4786]
 [   1  118 4632 ... 4288 2386 1866]
 [   2 4913 2484 ... 2420  973 2155]
 ...
 [4997 4796 1520 ...  178 2795 2975]
 [4998 1448 4447 ... 2186 2802 1484]
 [4999  767 1110 ... 4536  807 3983]]
Scaled residual std at t=22: [3.16832438 2.19909555 2.2372324 ]
start_idx is 0; end_idx is 5000
this is 0 times / overall 2000 times
this is 100 times / overall 2000 times
this is 200 times / overall 2000 times
this is 300 times / overall 2000 times
this is 400 times / overall 2000 times
this is 500 times / overall 2000 times
this is 600 times / overall 2000 times
this is 700 times / overall 2000 times
this is 800 times / overall 2000 times
this is 900 times / overall 2000 times
this is 1000 times / overall 2000 times
this is 1100 times / overall 2000 times
this is 1200 times / overall 2000 times
this is 1300 times / overall 2000 times
this is 1400 times / overall 2000 times
this is 1500 times / overall 2000 times
this is 1600 times / overall 2000 times
this is 1700 times / overall 2000 times
this is 1800 times / overall 2000 times
this is 1900 times / overall 2000 times
this is 22 times which has already done.
----------------------------------------------------------------------------------------------------
this is 23 times / overall 1000 times
1.5941167916266308 1.127118026540477 1.1218127959531625
----------------------------------------------------------------------------------------------------
find index iteration: 0 5000
short indx is [[   0 4296 4035 ... 1240 4469 4905]
 [   1 3953 3793 ... 3868 4830 3380]
 [   2  116 2429 ... 1055 2076 1367]
 ...
 [4997  312 3124 ...  872 2965 4110]
 [4998  786  567 ... 3363 2085 2163]
 [4999 1510 1739 ... 2453 3978 1381]]
Scaled residual std at t=23: [3.18823358 2.25423605 2.24362559]
start_idx is 0; end_idx is 5000
this is 0 times / overall 2000 times
this is 100 times / overall 2000 times
this is 200 times / overall 2000 times
this is 300 times / overall 2000 times
this is 400 times / overall 2000 times
this is 500 times / overall 2000 times
this is 600 times / overall 2000 times
this is 700 times / overall 2000 times
this is 800 times / overall 2000 times
this is 900 times / overall 2000 times
this is 1000 times / overall 2000 times
this is 1100 times / overall 2000 times
this is 1200 times / overall 2000 times
this is 1300 times / overall 2000 times
this is 1400 times / overall 2000 times
this is 1500 times / overall 2000 times
this is 1600 times / overall 2000 times
this is 1700 times / overall 2000 times
this is 1800 times / overall 2000 times
this is 1900 times / overall 2000 times
this is 23 times which has already done.
----------------------------------------------------------------------------------------------------
this is 24 times / overall 1000 times
1.6097551185390162 1.1232935846220697 1.1187489753149462
----------------------------------------------------------------------------------------------------
find index iteration: 0 5000
short indx is [[   0  801 4102 ... 4104  169 4699]
 [   1 1114 1131 ... 2085 1929 3283]
 [   2 3655 1366 ...  818 4168 1814]
 ...
 [4997 1968  513 ... 1591 1753 3987]
 [4998  261 4418 ...  471 4347 1506]
 [4999 1612 2211 ... 1371 2039  466]]
Scaled residual std at t=24: [3.21951024 2.24658717 2.23749795]
start_idx is 0; end_idx is 5000
this is 0 times / overall 2000 times
this is 100 times / overall 2000 times
this is 200 times / overall 2000 times
this is 300 times / overall 2000 times
this is 400 times / overall 2000 times
this is 500 times / overall 2000 times
this is 600 times / overall 2000 times
this is 700 times / overall 2000 times
this is 800 times / overall 2000 times
this is 900 times / overall 2000 times
this is 1000 times / overall 2000 times
this is 1100 times / overall 2000 times
this is 1200 times / overall 2000 times
this is 1300 times / overall 2000 times
this is 1400 times / overall 2000 times
this is 1500 times / overall 2000 times
this is 1600 times / overall 2000 times
this is 1700 times / overall 2000 times
this is 1800 times / overall 2000 times
this is 1900 times / overall 2000 times
this is 24 times which has already done.
----------------------------------------------------------------------------------------------------
this is 25 times / overall 1000 times
1.576061530979857 1.1090828030780255 1.1162395626010173
----------------------------------------------------------------------------------------------------
find index iteration: 0 5000
short indx is [[   0 3268 2860 ... 4494 3045 1309]
 [   1  118 4772 ... 1962 2400 4041]
 [   2 4354 3214 ... 1304  747 2031]
 ...
 [4997  513 2648 ... 4092 3754 1064]
 [4998 2537 1335 ... 3125 1929 2391]
 [4999 1014 2200 ... 2728 3208 2864]]
Scaled residual std at t=25: [3.15212306 2.21816561 2.23247913]
start_idx is 0; end_idx is 5000
this is 0 times / overall 2000 times
this is 100 times / overall 2000 times
this is 200 times / overall 2000 times
this is 300 times / overall 2000 times
this is 400 times / overall 2000 times
this is 500 times / overall 2000 times
this is 600 times / overall 2000 times
this is 700 times / overall 2000 times
this is 800 times / overall 2000 times
this is 900 times / overall 2000 times
this is 1000 times / overall 2000 times
this is 1100 times / overall 2000 times
this is 1200 times / overall 2000 times
this is 1300 times / overall 2000 times
this is 1400 times / overall 2000 times
this is 1500 times / overall 2000 times
this is 1600 times / overall 2000 times
this is 1700 times / overall 2000 times
this is 1800 times / overall 2000 times
this is 1900 times / overall 2000 times
this is 25 times which has already done.
----------------------------------------------------------------------------------------------------
this is 26 times / overall 1000 times
1.5827257763550744 1.0976375077899665 1.142976707462736
----------------------------------------------------------------------------------------------------
find index iteration: 0 5000
short indx is [[   0 3355  577 ... 1987 4187 2670]
 [   1  118 4729 ... 4233 3376 4199]
 [   2 3805 2791 ... 2121 4489 2127]
 ...
 [4997  635 2648 ... 2841 3337 2352]
 [4998   44 2201 ... 1799 3123 1909]
 [4999 3397 2542 ... 2238 1745 4055]]
Scaled residual std at t=26: [3.16545155 2.19527502 2.28595341]
start_idx is 0; end_idx is 5000
this is 0 times / overall 2000 times
this is 100 times / overall 2000 times
this is 200 times / overall 2000 times
this is 300 times / overall 2000 times
this is 400 times / overall 2000 times
this is 500 times / overall 2000 times
this is 600 times / overall 2000 times
this is 700 times / overall 2000 times
this is 800 times / overall 2000 times
this is 900 times / overall 2000 times
this is 1000 times / overall 2000 times
this is 1100 times / overall 2000 times
this is 1200 times / overall 2000 times
this is 1300 times / overall 2000 times
this is 1400 times / overall 2000 times
this is 1500 times / overall 2000 times
this is 1600 times / overall 2000 times
this is 1700 times / overall 2000 times
this is 1800 times / overall 2000 times
this is 1900 times / overall 2000 times
this is 26 times which has already done.
----------------------------------------------------------------------------------------------------
this is 27 times / overall 1000 times
1.6088524079006628 1.1043247419678144 1.1166367341990955
----------------------------------------------------------------------------------------------------
find index iteration: 0 5000
short indx is [[   0 2027 3551 ... 4906 4975 2360]
 [   1  118 1168 ...  306 4101 3988]
 [   2 1742 1178 ... 3361 4523 4733]
 ...
 [4997 1208 1345 ... 3306 1803 3422]
 [4998 2009 2692 ... 3512 3420 1198]
 [4999  872 2132 ... 3139 3663 1888]]
Scaled residual std at t=27: [3.21770482 2.20864948 2.23327347]
start_idx is 0; end_idx is 5000
this is 0 times / overall 2000 times
this is 100 times / overall 2000 times
this is 200 times / overall 2000 times
this is 300 times / overall 2000 times
this is 400 times / overall 2000 times
this is 500 times / overall 2000 times
this is 600 times / overall 2000 times
this is 700 times / overall 2000 times
this is 800 times / overall 2000 times
this is 900 times / overall 2000 times
this is 1000 times / overall 2000 times
this is 1100 times / overall 2000 times
this is 1200 times / overall 2000 times
this is 1300 times / overall 2000 times
this is 1400 times / overall 2000 times
this is 1500 times / overall 2000 times
this is 1600 times / overall 2000 times
this is 1700 times / overall 2000 times
this is 1800 times / overall 2000 times
this is 1900 times / overall 2000 times
this is 27 times which has already done.
----------------------------------------------------------------------------------------------------
this is 28 times / overall 1000 times
1.565513646037139 1.0998051547240761 1.1034992584646848
----------------------------------------------------------------------------------------------------
find index iteration: 0 5000
short indx is [[   0 3464 1669 ... 1747 1233 4961]
 [   1 4772 4304 ... 2112 3992 1975]
 [   2 4233 1742 ...  602  866 3519]
 ...
 [4997 2323 1686 ... 3819 3760 2804]
 [4998  448  317 ... 3547 3888 3693]
 [4999 2028 2597 ... 2742 4735 2844]]
Scaled residual std at t=28: [3.13102729 2.19961031 2.20699852]
start_idx is 0; end_idx is 5000
this is 0 times / overall 2000 times
this is 100 times / overall 2000 times
this is 200 times / overall 2000 times
this is 300 times / overall 2000 times
this is 400 times / overall 2000 times
this is 500 times / overall 2000 times
this is 600 times / overall 2000 times
this is 700 times / overall 2000 times
this is 800 times / overall 2000 times
this is 900 times / overall 2000 times
this is 1000 times / overall 2000 times
this is 1100 times / overall 2000 times
this is 1200 times / overall 2000 times
this is 1300 times / overall 2000 times
this is 1400 times / overall 2000 times
this is 1500 times / overall 2000 times
this is 1600 times / overall 2000 times
this is 1700 times / overall 2000 times
this is 1800 times / overall 2000 times
this is 1900 times / overall 2000 times
this is 28 times which has already done.
----------------------------------------------------------------------------------------------------
this is 29 times / overall 1000 times
1.5817009684244079 1.1100832608095075 1.1092860411966214
----------------------------------------------------------------------------------------------------
find index iteration: 0 5000
short indx is [[   0 3464 3492 ... 4384  661 1476]
 [   1 4729  118 ... 2931 2946 4053]
 [   2 1810 1366 ... 2449 2352  368]
 ...
 [4997 4796 4009 ... 4499 2047  966]
 [4998  233 4553 ...  779  180  136]
 [4999 4747 4993 ... 3704 4722 3457]]
Scaled residual std at t=29: [3.16340194 2.22016652 2.21857208]
start_idx is 0; end_idx is 5000
this is 0 times / overall 2000 times
this is 100 times / overall 2000 times
this is 200 times / overall 2000 times
this is 300 times / overall 2000 times
this is 400 times / overall 2000 times
this is 500 times / overall 2000 times
this is 600 times / overall 2000 times
this is 700 times / overall 2000 times
this is 800 times / overall 2000 times
this is 900 times / overall 2000 times
this is 1000 times / overall 2000 times
this is 1100 times / overall 2000 times
this is 1200 times / overall 2000 times
this is 1300 times / overall 2000 times
this is 1400 times / overall 2000 times
this is 1500 times / overall 2000 times
this is 1600 times / overall 2000 times
this is 1700 times / overall 2000 times
this is 1800 times / overall 2000 times
this is 1900 times / overall 2000 times
this is 29 times which has already done.
----------------------------------------------------------------------------------------------------
this is 30 times / overall 1000 times
1.6020021209189734 1.0951874592631725 1.108509483482453
----------------------------------------------------------------------------------------------------
find index iteration: 0 5000
short indx is [[   0 2217 2354 ... 4802  697 3827]
 [   1 4729 1479 ... 3948 3049 2760]
 [   2 2580  151 ...  589   62 1449]
 ...
 [4997 2323 1686 ... 1387 4297 3963]
 [4998  448  567 ... 1763 1725 3910]
 [4999 1814   37 ...  373 2920 2758]]
Scaled residual std at t=30: [3.20400424 2.19037492 2.21701897]
start_idx is 0; end_idx is 5000
this is 0 times / overall 2000 times
this is 100 times / overall 2000 times
this is 200 times / overall 2000 times
this is 300 times / overall 2000 times
this is 400 times / overall 2000 times
this is 500 times / overall 2000 times
this is 600 times / overall 2000 times
this is 700 times / overall 2000 times
this is 800 times / overall 2000 times
this is 900 times / overall 2000 times
this is 1000 times / overall 2000 times
this is 1100 times / overall 2000 times
this is 1200 times / overall 2000 times
this is 1300 times / overall 2000 times
this is 1400 times / overall 2000 times
this is 1500 times / overall 2000 times
this is 1600 times / overall 2000 times
this is 1700 times / overall 2000 times
this is 1800 times / overall 2000 times
this is 1900 times / overall 2000 times
this is 30 times which has already done.
----------------------------------------------------------------------------------------------------
this is 31 times / overall 1000 times
1.598371541305124 1.112916000183537 1.1070057805150513
----------------------------------------------------------------------------------------------------
find index iteration: 0 5000
short indx is [[   0 3816 2264 ... 2956 2873  636]
 [   1  569 4772 ... 2549 1112 1094]
 [   2 4008 1810 ... 2776 3560 3313]
 ...
 [4997 1345 2730 ...  663 2281 1934]
 [4998  448 2952 ... 1488 4779 1491]
 [4999 2762 1814 ... 1875 3913 4570]]
Scaled residual std at t=31: [3.19674308 2.225832   2.21401156]
start_idx is 0; end_idx is 5000
this is 0 times / overall 2000 times
this is 100 times / overall 2000 times
this is 200 times / overall 2000 times
this is 300 times / overall 2000 times
this is 400 times / overall 2000 times
this is 500 times / overall 2000 times
this is 600 times / overall 2000 times
this is 700 times / overall 2000 times
this is 800 times / overall 2000 times
this is 900 times / overall 2000 times
this is 1000 times / overall 2000 times
this is 1100 times / overall 2000 times
this is 1200 times / overall 2000 times
this is 1300 times / overall 2000 times
this is 1400 times / overall 2000 times
this is 1500 times / overall 2000 times
this is 1600 times / overall 2000 times
this is 1700 times / overall 2000 times
this is 1800 times / overall 2000 times
this is 1900 times / overall 2000 times
this is 31 times which has already done.
----------------------------------------------------------------------------------------------------
this is 32 times / overall 1000 times
1.6029701006719868 1.107735264021797 1.1470128716390615
----------------------------------------------------------------------------------------------------
find index iteration: 0 5000
short indx is [[   0 1890  476 ... 4723  750 4079]
 [   1  222  569 ... 4222 2222  838]
 [   2   45 2867 ... 1485 4191 2794]
 ...
 [4997 1686  635 ... 3115 2122 3966]
 [4998  448  665 ... 3083  726 1880]
 [4999 1562 4228 ... 3526 1148 2442]]
Scaled residual std at t=32: [3.2059402  2.21547053 2.29402574]
start_idx is 0; end_idx is 5000
this is 0 times / overall 2000 times
this is 100 times / overall 2000 times
this is 200 times / overall 2000 times
this is 300 times / overall 2000 times
this is 400 times / overall 2000 times
this is 500 times / overall 2000 times
this is 600 times / overall 2000 times
this is 700 times / overall 2000 times
this is 800 times / overall 2000 times
this is 900 times / overall 2000 times
this is 1000 times / overall 2000 times
this is 1100 times / overall 2000 times
this is 1200 times / overall 2000 times
this is 1300 times / overall 2000 times
this is 1400 times / overall 2000 times
this is 1500 times / overall 2000 times
this is 1600 times / overall 2000 times
this is 1700 times / overall 2000 times
this is 1800 times / overall 2000 times
this is 1900 times / overall 2000 times
this is 32 times which has already done.
----------------------------------------------------------------------------------------------------
this is 33 times / overall 1000 times
1.5933341121355629 1.1028475583874364 1.122722051877752
----------------------------------------------------------------------------------------------------
find index iteration: 0 5000
short indx is [[   0 3207 2454 ... 2286 4487 4441]
 [   1 4772 4963 ... 3844 1670 1353]
 [   2 1366 3009 ... 2532 3900 1071]
 ...
 [4997 3875 2730 ... 2975 2350 1931]
 [4998 4280 3561 ... 3990 1198 1145]
 [4999 4253 2762 ...  791 2775  400]]
Scaled residual std at t=33: [3.18666822 2.20569512 2.2454441 ]
start_idx is 0; end_idx is 5000
this is 0 times / overall 2000 times
this is 100 times / overall 2000 times
this is 200 times / overall 2000 times
this is 300 times / overall 2000 times
this is 400 times / overall 2000 times
this is 500 times / overall 2000 times
this is 600 times / overall 2000 times
this is 700 times / overall 2000 times
this is 800 times / overall 2000 times
this is 900 times / overall 2000 times
this is 1000 times / overall 2000 times
this is 1100 times / overall 2000 times
this is 1200 times / overall 2000 times
this is 1300 times / overall 2000 times
this is 1400 times / overall 2000 times
this is 1500 times / overall 2000 times
this is 1600 times / overall 2000 times
this is 1700 times / overall 2000 times
this is 1800 times / overall 2000 times
this is 1900 times / overall 2000 times
this is 33 times which has already done.
----------------------------------------------------------------------------------------------------
this is 34 times / overall 1000 times
1.5852698543116641 1.118642931104404 1.1205863594726377
----------------------------------------------------------------------------------------------------
find index iteration: 0 5000
short indx is [[   0 4309 3452 ... 4041  269 2234]
 [   1 2936  222 ... 4487 3521 3700]
 [   2 4069 1265 ... 2074 3669 3180]
 ...
 [4997 1208 3875 ... 3214  750  463]
 [4998 4280 2952 ...   71 1070  562]
 [4999 4305 2816 ... 3885 2638 3042]]
Scaled residual std at t=34: [3.17053971 2.23728586 2.24117272]
start_idx is 0; end_idx is 5000
this is 0 times / overall 2000 times
this is 100 times / overall 2000 times
this is 200 times / overall 2000 times
this is 300 times / overall 2000 times
this is 400 times / overall 2000 times
this is 500 times / overall 2000 times
this is 600 times / overall 2000 times
this is 700 times / overall 2000 times
this is 800 times / overall 2000 times
this is 900 times / overall 2000 times
this is 1000 times / overall 2000 times
this is 1100 times / overall 2000 times
this is 1200 times / overall 2000 times
this is 1300 times / overall 2000 times
this is 1400 times / overall 2000 times
this is 1500 times / overall 2000 times
this is 1600 times / overall 2000 times
this is 1700 times / overall 2000 times
this is 1800 times / overall 2000 times
this is 1900 times / overall 2000 times
this is 34 times which has already done.
----------------------------------------------------------------------------------------------------
this is 35 times / overall 1000 times
1.5709019570374556 1.1092745257849659 1.1359207253773986
----------------------------------------------------------------------------------------------------
find index iteration: 0 5000
short indx is [[   0  847 3951 ... 3898 2219   71]
 [   1 3953 2941 ... 1262 1751  384]
 [   2 1366  577 ... 4570 1989 4149]
 ...
 [4997 3061 3571 ...  236 1409 2533]
 [4998 4854  567 ...  461  997 4870]
 [4999  278 3012 ... 4288 3028 3934]]
Scaled residual std at t=35: [3.14180391 2.21854905 2.27184145]
start_idx is 0; end_idx is 5000
this is 0 times / overall 2000 times
this is 100 times / overall 2000 times
this is 200 times / overall 2000 times
this is 300 times / overall 2000 times
this is 400 times / overall 2000 times
this is 500 times / overall 2000 times
this is 600 times / overall 2000 times
this is 700 times / overall 2000 times
this is 800 times / overall 2000 times
this is 900 times / overall 2000 times
this is 1000 times / overall 2000 times
this is 1100 times / overall 2000 times
this is 1200 times / overall 2000 times
this is 1300 times / overall 2000 times
this is 1400 times / overall 2000 times
this is 1500 times / overall 2000 times
this is 1600 times / overall 2000 times
this is 1700 times / overall 2000 times
this is 1800 times / overall 2000 times
this is 1900 times / overall 2000 times
this is 35 times which has already done.
----------------------------------------------------------------------------------------------------
this is 36 times / overall 1000 times
1.5834192260844853 1.1409128926444154 1.1127628074223102
----------------------------------------------------------------------------------------------------
find index iteration: 0 5000
short indx is [[   0 3755  847 ... 2552 2917 3939]
 [   1 3953 2910 ...  332 2834 3566]
 [   2   20 1810 ... 2660 2709 1571]
 ...
 [4997 1465 3823 ...  781 3203  566]
 [4998  567 4796 ... 4163 4254 3879]
 [4999 4746 3459 ...  602 2541 1462]]
Scaled residual std at t=36: [3.16683845 2.28182579 2.22552561]
start_idx is 0; end_idx is 5000
this is 0 times / overall 2000 times
this is 100 times / overall 2000 times
this is 200 times / overall 2000 times
this is 300 times / overall 2000 times
this is 400 times / overall 2000 times
this is 500 times / overall 2000 times
this is 600 times / overall 2000 times
this is 700 times / overall 2000 times
this is 800 times / overall 2000 times
this is 900 times / overall 2000 times
this is 1000 times / overall 2000 times
this is 1100 times / overall 2000 times
this is 1200 times / overall 2000 times
this is 1300 times / overall 2000 times
this is 1400 times / overall 2000 times
this is 1500 times / overall 2000 times
this is 1600 times / overall 2000 times
this is 1700 times / overall 2000 times
this is 1800 times / overall 2000 times
this is 1900 times / overall 2000 times
this is 36 times which has already done.
----------------------------------------------------------------------------------------------------
this is 37 times / overall 1000 times
1.5938603745193347 1.1246478713739019 1.1156014158098715
----------------------------------------------------------------------------------------------------
find index iteration: 0 5000
short indx is [[   0 1787 2582 ... 3437 2957 2588]
 [   1 2941 3957 ... 2168 4228 2846]
 [   2 2561 4527 ... 2799 3434 3039]
 ...
 [4997 1286 2207 ... 1145 4399 1846]
 [4998  544 4854 ... 1770 2557 1481]
 [4999 4052 3353 ... 4625  313 1291]]
Scaled residual std at t=37: [3.18772075 2.24929574 2.23120283]
start_idx is 0; end_idx is 5000
this is 0 times / overall 2000 times
this is 100 times / overall 2000 times
this is 200 times / overall 2000 times
this is 300 times / overall 2000 times
this is 400 times / overall 2000 times
this is 500 times / overall 2000 times
this is 600 times / overall 2000 times
this is 700 times / overall 2000 times
this is 800 times / overall 2000 times
this is 900 times / overall 2000 times
this is 1000 times / overall 2000 times
this is 1100 times / overall 2000 times
this is 1200 times / overall 2000 times
this is 1300 times / overall 2000 times
this is 1400 times / overall 2000 times
this is 1500 times / overall 2000 times
this is 1600 times / overall 2000 times
this is 1700 times / overall 2000 times
this is 1800 times / overall 2000 times
this is 1900 times / overall 2000 times
this is 37 times which has already done.
----------------------------------------------------------------------------------------------------
this is 38 times / overall 1000 times
1.6087447202169942 1.1150896341112484 1.11784637167321
----------------------------------------------------------------------------------------------------
find index iteration: 0 5000
short indx is [[   0  688  914 ... 3058 3275 1537]
 [   1 3957 3877 ... 1968 1834 2070]
 [   2  149 2561 ... 4176 4656  413]
 ...
 [4997 1665 2335 ... 2685 1409   49]
 [4998  544 2423 ... 3515 3713 1429]
 [4999 3402 3074 ... 4476 1959 4061]]
Scaled residual std at t=38: [3.21748944 2.23017927 2.23569274]
start_idx is 0; end_idx is 5000
this is 0 times / overall 2000 times
this is 100 times / overall 2000 times
this is 200 times / overall 2000 times
this is 300 times / overall 2000 times
this is 400 times / overall 2000 times
this is 500 times / overall 2000 times
this is 600 times / overall 2000 times
this is 700 times / overall 2000 times
this is 800 times / overall 2000 times
this is 900 times / overall 2000 times
this is 1000 times / overall 2000 times
this is 1100 times / overall 2000 times
this is 1200 times / overall 2000 times
this is 1300 times / overall 2000 times
this is 1400 times / overall 2000 times
this is 1500 times / overall 2000 times
this is 1600 times / overall 2000 times
this is 1700 times / overall 2000 times
this is 1800 times / overall 2000 times
this is 1900 times / overall 2000 times
this is 38 times which has already done.
----------------------------------------------------------------------------------------------------
this is 39 times / overall 1000 times
1.5784130097398688 1.1144293454238234 1.1223407662445664
----------------------------------------------------------------------------------------------------
find index iteration: 0 5000
short indx is [[   0 2187 1376 ... 2805  348 2020]
 [   1 2941 4729 ... 2181 4193 2154]
 [   2  586  149 ... 3241 1884  792]
 ...
 [4997 1099 3448 ... 2408 1938   30]
 [4998 3817 2423 ... 4779  987 1704]
 [4999 4825 4702 ... 4960 2313  333]]
Scaled residual std at t=39: [3.15682602 2.22885869 2.24468153]
start_idx is 0; end_idx is 5000
this is 0 times / overall 2000 times
this is 100 times / overall 2000 times
this is 200 times / overall 2000 times
this is 300 times / overall 2000 times
this is 400 times / overall 2000 times
this is 500 times / overall 2000 times
this is 600 times / overall 2000 times
this is 700 times / overall 2000 times
this is 800 times / overall 2000 times
this is 900 times / overall 2000 times
this is 1000 times / overall 2000 times
this is 1100 times / overall 2000 times
this is 1200 times / overall 2000 times
this is 1300 times / overall 2000 times
this is 1400 times / overall 2000 times
this is 1500 times / overall 2000 times
this is 1600 times / overall 2000 times
this is 1700 times / overall 2000 times
this is 1800 times / overall 2000 times
this is 1900 times / overall 2000 times
this is 39 times which has already done.
----------------------------------------------------------------------------------------------------
this is 40 times / overall 1000 times
1.6043732033514957 1.1204138448666094 1.1290456020664201
----------------------------------------------------------------------------------------------------
find index iteration: 0 5000
short indx is [[   0 4230  772 ... 2650 4244 1608]
 [   1 1195 3244 ... 1464 3168 2848]
 [   2 4069 1840 ... 2113 4487 4662]
 ...
 [4997  596   44 ... 4815 4086 4870]
 [4998 3817 2423 ... 4335  477 1458]
 [4999 4825 1618 ...  528 4875 1932]]
Scaled residual std at t=40: [3.20874641 2.24082769 2.2580912 ]
start_idx is 0; end_idx is 5000
this is 0 times / overall 2000 times
this is 100 times / overall 2000 times
this is 200 times / overall 2000 times
this is 300 times / overall 2000 times
this is 400 times / overall 2000 times
this is 500 times / overall 2000 times
this is 600 times / overall 2000 times
this is 700 times / overall 2000 times
this is 800 times / overall 2000 times
this is 900 times / overall 2000 times
this is 1000 times / overall 2000 times
this is 1100 times / overall 2000 times
this is 1200 times / overall 2000 times
this is 1300 times / overall 2000 times
this is 1400 times / overall 2000 times
this is 1500 times / overall 2000 times
this is 1600 times / overall 2000 times
this is 1700 times / overall 2000 times
this is 1800 times / overall 2000 times
this is 1900 times / overall 2000 times
this is 40 times which has already done.
----------------------------------------------------------------------------------------------------
this is 41 times / overall 1000 times
1.5730778450243237 1.1215569136899517 1.1028903903393803
----------------------------------------------------------------------------------------------------
find index iteration: 0 5000
short indx is [[   0 4976 1739 ... 2091 1254 2849]
 [   1 4729 2941 ... 3432 4156 1557]
 [   2   35 3550 ...  416 2426  678]
 ...
 [4997 3578 2481 ... 1357 2317 4555]
 [4998 2423 3817 ... 2215 1083 1936]
 [4999 1939 3800 ... 2307 1203  663]]
Scaled residual std at t=41: [3.14615569 2.24311383 2.20578078]
start_idx is 0; end_idx is 5000
this is 0 times / overall 2000 times
this is 100 times / overall 2000 times
this is 200 times / overall 2000 times
this is 300 times / overall 2000 times
this is 400 times / overall 2000 times
this is 500 times / overall 2000 times
this is 600 times / overall 2000 times
this is 700 times / overall 2000 times
this is 800 times / overall 2000 times
this is 900 times / overall 2000 times
this is 1000 times / overall 2000 times
this is 1100 times / overall 2000 times
this is 1200 times / overall 2000 times
this is 1300 times / overall 2000 times
this is 1400 times / overall 2000 times
this is 1500 times / overall 2000 times
this is 1600 times / overall 2000 times
this is 1700 times / overall 2000 times
this is 1800 times / overall 2000 times
this is 1900 times / overall 2000 times
this is 41 times which has already done.
----------------------------------------------------------------------------------------------------
this is 42 times / overall 1000 times
1.5790214882991316 1.1283353327824466 1.121273064005242
----------------------------------------------------------------------------------------------------
find index iteration: 0 5000
short indx is [[   0  727 4928 ... 2222 1182 2466]
 [   1 3256 4960 ...  395 1087 4193]
 [   2  215 2086 ... 1736  949 2860]
 ...
 [4997 3578 4211 ... 2302 1747 2845]
 [4998 4418 1924 ... 1258 1464 1801]
 [4999  438 4702 ... 4564 1155 1896]]
Scaled residual std at t=42: [3.15804298 2.25667067 2.24254613]
start_idx is 0; end_idx is 5000
this is 0 times / overall 2000 times
this is 100 times / overall 2000 times
this is 200 times / overall 2000 times
this is 300 times / overall 2000 times
this is 400 times / overall 2000 times
this is 500 times / overall 2000 times
this is 600 times / overall 2000 times
this is 700 times / overall 2000 times
this is 800 times / overall 2000 times
this is 900 times / overall 2000 times
this is 1000 times / overall 2000 times
this is 1100 times / overall 2000 times
this is 1200 times / overall 2000 times
this is 1300 times / overall 2000 times
this is 1400 times / overall 2000 times
this is 1500 times / overall 2000 times
this is 1600 times / overall 2000 times
this is 1700 times / overall 2000 times
this is 1800 times / overall 2000 times
this is 1900 times / overall 2000 times
this is 42 times which has already done.
----------------------------------------------------------------------------------------------------
this is 43 times / overall 1000 times
1.5635366675773998 1.1028343910229947 1.11207565283583
----------------------------------------------------------------------------------------------------
find index iteration: 0 5000
short indx is [[   0 3957  727 ... 4878 1998 4501]
 [   1 3256 2910 ...  395 1489 3796]
 [   2 1356  586 ... 4237 3559 2940]
 ...
 [4997 4165  780 ... 3347 1749 1894]
 [4998 4418 2136 ...   30 1047 1082]
 [4999 2153 1805 ... 4599 1538 1194]]
Scaled residual std at t=43: [3.12707334 2.20566878 2.22415131]
start_idx is 0; end_idx is 5000
this is 0 times / overall 2000 times
this is 100 times / overall 2000 times
this is 200 times / overall 2000 times
this is 300 times / overall 2000 times
this is 400 times / overall 2000 times
this is 500 times / overall 2000 times
this is 600 times / overall 2000 times
this is 700 times / overall 2000 times
this is 800 times / overall 2000 times
this is 900 times / overall 2000 times
this is 1000 times / overall 2000 times
this is 1100 times / overall 2000 times
this is 1200 times / overall 2000 times
this is 1300 times / overall 2000 times
this is 1400 times / overall 2000 times
this is 1500 times / overall 2000 times
this is 1600 times / overall 2000 times
this is 1700 times / overall 2000 times
this is 1800 times / overall 2000 times
this is 1900 times / overall 2000 times
this is 43 times which has already done.
----------------------------------------------------------------------------------------------------
this is 44 times / overall 1000 times
1.5581347313217133 1.1270047909888226 1.1130114075895083
----------------------------------------------------------------------------------------------------
find index iteration: 0 5000
short indx is [[   0 4389 3999 ... 3767 3102   20]
 [   1 4219 4474 ... 1325  759  414]
 [   2 3487 4456 ... 2272 1376 1984]
 ...
 [4997  780 1979 ... 4092 3334 1229]
 [4998  307 3532 ... 1371  599 3456]
 [4999  210 1805 ... 1265  799 1260]]
Scaled residual std at t=44: [3.11626946 2.25400958 2.22602282]
start_idx is 0; end_idx is 5000
this is 0 times / overall 2000 times
this is 100 times / overall 2000 times
this is 200 times / overall 2000 times
this is 300 times / overall 2000 times
this is 400 times / overall 2000 times
this is 500 times / overall 2000 times
this is 600 times / overall 2000 times
this is 700 times / overall 2000 times
this is 800 times / overall 2000 times
this is 900 times / overall 2000 times
this is 1000 times / overall 2000 times
this is 1100 times / overall 2000 times
this is 1200 times / overall 2000 times
this is 1300 times / overall 2000 times
this is 1400 times / overall 2000 times
this is 1500 times / overall 2000 times
this is 1600 times / overall 2000 times
this is 1700 times / overall 2000 times
this is 1800 times / overall 2000 times
this is 1900 times / overall 2000 times
this is 44 times which has already done.
----------------------------------------------------------------------------------------------------
this is 45 times / overall 1000 times
1.6018226108172944 1.1115472887388693 1.1296957319517853
----------------------------------------------------------------------------------------------------
find index iteration: 0 5000
short indx is [[   0 3999 3749 ... 3449 3073  245]
 [   1 2910 4729 ... 1014  460 3111]
 [   2 1587 2653 ... 4720  529 2894]
 ...
 [4997  780 1107 ... 4436 3024 3987]
 [4998 4812 1855 ... 1475 1034   31]
 [4999 4871 1805 ... 2203 2653 1478]]
Scaled residual std at t=45: [3.20364522 2.22309458 2.25939146]
start_idx is 0; end_idx is 5000
this is 0 times / overall 2000 times
this is 100 times / overall 2000 times
this is 200 times / overall 2000 times
this is 300 times / overall 2000 times
this is 400 times / overall 2000 times
this is 500 times / overall 2000 times
this is 600 times / overall 2000 times
this is 700 times / overall 2000 times
this is 800 times / overall 2000 times
this is 900 times / overall 2000 times
this is 1000 times / overall 2000 times
this is 1100 times / overall 2000 times
this is 1200 times / overall 2000 times
this is 1300 times / overall 2000 times
this is 1400 times / overall 2000 times
this is 1500 times / overall 2000 times
this is 1600 times / overall 2000 times
this is 1700 times / overall 2000 times
this is 1800 times / overall 2000 times
this is 1900 times / overall 2000 times
this is 45 times which has already done.
----------------------------------------------------------------------------------------------------
this is 46 times / overall 1000 times
1.557231021375002 1.1145765180501275 1.1362184382730895
----------------------------------------------------------------------------------------------------
find index iteration: 0 5000
short indx is [[   0 2897 3390 ... 3346 3896 4410]
 [   1 4729 4844 ... 4596 3440 1994]
 [   2  526 3672 ... 2962 2842 2047]
 ...
 [4997 4531  998 ... 3847 4245 3036]
 [4998 4812 1855 ... 1660 2518 4597]
 [4999 2166 4451 ... 2760 4582 2771]]
Scaled residual std at t=46: [3.11446204 2.22915304 2.27243688]
start_idx is 0; end_idx is 5000
this is 0 times / overall 2000 times
this is 100 times / overall 2000 times
this is 200 times / overall 2000 times
this is 300 times / overall 2000 times
this is 400 times / overall 2000 times
this is 500 times / overall 2000 times
this is 600 times / overall 2000 times
this is 700 times / overall 2000 times
this is 800 times / overall 2000 times
this is 900 times / overall 2000 times
this is 1000 times / overall 2000 times
this is 1100 times / overall 2000 times
this is 1200 times / overall 2000 times
this is 1300 times / overall 2000 times
this is 1400 times / overall 2000 times
this is 1500 times / overall 2000 times
this is 1600 times / overall 2000 times
this is 1700 times / overall 2000 times
this is 1800 times / overall 2000 times
this is 1900 times / overall 2000 times
this is 46 times which has already done.
----------------------------------------------------------------------------------------------------
this is 47 times / overall 1000 times
1.5605632175054485 1.118023476880843 1.122603367275244
----------------------------------------------------------------------------------------------------
find index iteration: 0 5000
short indx is [[   0 4309 3211 ... 3206 2523 3558]
 [   1 4844 4729 ...   63 3232 3826]
 [   2 3725 1767 ...  514 1202 3440]
 ...
 [4997 1107 4320 ... 3484 2780 4245]
 [4998 1855 4054 ... 3440 2942 2920]
 [4999   27 1847 ... 1328 1772  951]]
Scaled residual std at t=47: [3.12112644 2.23604695 2.24520673]
start_idx is 0; end_idx is 5000
this is 0 times / overall 2000 times
this is 100 times / overall 2000 times
this is 200 times / overall 2000 times
this is 300 times / overall 2000 times
this is 400 times / overall 2000 times
this is 500 times / overall 2000 times
this is 600 times / overall 2000 times
this is 700 times / overall 2000 times
this is 800 times / overall 2000 times
this is 900 times / overall 2000 times
this is 1000 times / overall 2000 times
this is 1100 times / overall 2000 times
this is 1200 times / overall 2000 times
this is 1300 times / overall 2000 times
this is 1400 times / overall 2000 times
this is 1500 times / overall 2000 times
this is 1600 times / overall 2000 times
this is 1700 times / overall 2000 times
this is 1800 times / overall 2000 times
this is 1900 times / overall 2000 times
this is 47 times which has already done.
----------------------------------------------------------------------------------------------------
this is 48 times / overall 1000 times
1.5802516387699401 1.1159395293252206 1.1215368410843312
----------------------------------------------------------------------------------------------------
find index iteration: 0 5000
short indx is [[   0 1967 4309 ...   64 1016 1778]
 [   1 4729 3242 ... 4651 1088 3136]
 [   2 1947 2653 ... 3086 3592 2628]
 ...
 [4997  780 3147 ... 4360 4926 2007]
 [4998 1240 3647 ... 2772  288  923]
 [4999   27 2398 ... 1906 3045  751]]
Scaled residual std at t=48: [3.16050328 2.23187906 2.24307368]
start_idx is 0; end_idx is 5000
this is 0 times / overall 2000 times
this is 100 times / overall 2000 times
this is 200 times / overall 2000 times
this is 300 times / overall 2000 times
this is 400 times / overall 2000 times
this is 500 times / overall 2000 times
this is 600 times / overall 2000 times
this is 700 times / overall 2000 times
this is 800 times / overall 2000 times
this is 900 times / overall 2000 times
this is 1000 times / overall 2000 times
this is 1100 times / overall 2000 times
this is 1200 times / overall 2000 times
this is 1300 times / overall 2000 times
this is 1400 times / overall 2000 times
this is 1500 times / overall 2000 times
this is 1600 times / overall 2000 times
this is 1700 times / overall 2000 times
this is 1800 times / overall 2000 times
this is 1900 times / overall 2000 times
this is 48 times which has already done.
----------------------------------------------------------------------------------------------------
this is 49 times / overall 1000 times
1.5597498708177164 1.1226521976335353 1.1400732252608743
----------------------------------------------------------------------------------------------------
find index iteration: 0 5000
short indx is [[   0 2574 4309 ... 1476 3842 4142]
 [   1 4729 3655 ... 4865 4753 4401]
 [   2 2686 1266 ... 1485  268 4388]
 ...
 [4997 4078  786 ... 4041 2625  496]
 [4998 3647  601 ...  179 1351  262]
 [4999 1847 1769 ... 3234  682  356]]
Scaled residual std at t=49: [3.11949974 2.2453044  2.28014645]
start_idx is 0; end_idx is 5000
this is 0 times / overall 2000 times
this is 100 times / overall 2000 times
this is 200 times / overall 2000 times
this is 300 times / overall 2000 times
this is 400 times / overall 2000 times
this is 500 times / overall 2000 times
this is 600 times / overall 2000 times
this is 700 times / overall 2000 times
this is 800 times / overall 2000 times
this is 900 times / overall 2000 times
this is 1000 times / overall 2000 times
this is 1100 times / overall 2000 times
this is 1200 times / overall 2000 times
this is 1300 times / overall 2000 times
this is 1400 times / overall 2000 times
this is 1500 times / overall 2000 times
this is 1600 times / overall 2000 times
this is 1700 times / overall 2000 times
this is 1800 times / overall 2000 times
this is 1900 times / overall 2000 times
this is 49 times which has already done.
----------------------------------------------------------------------------------------------------
this is 50 times / overall 1000 times
1.5685949846644178 1.110478688031236 1.1198980024397613
----------------------------------------------------------------------------------------------------
find index iteration: 0 5000
short indx is [[   0 4309 2142 ... 4984 2170 3681]
 [   1 2608 3655 ...  336 2158 3797]
 [   2 1175  453 ... 4388 4347 3696]
 ...
 [4997  786 1386 ... 1518 3010 1402]
 [4998  519 1240 ... 3740 4308 2518]
 [4999 2806 3750 ... 1155 2307   93]]
Scaled residual std at t=50: [3.13718997 2.22095738 2.239796  ]
start_idx is 0; end_idx is 5000
this is 0 times / overall 2000 times
this is 100 times / overall 2000 times
this is 200 times / overall 2000 times
this is 300 times / overall 2000 times
this is 400 times / overall 2000 times
this is 500 times / overall 2000 times
this is 600 times / overall 2000 times
this is 700 times / overall 2000 times
this is 800 times / overall 2000 times
this is 900 times / overall 2000 times
this is 1000 times / overall 2000 times
this is 1100 times / overall 2000 times
this is 1200 times / overall 2000 times
this is 1300 times / overall 2000 times
this is 1400 times / overall 2000 times
this is 1500 times / overall 2000 times
this is 1600 times / overall 2000 times
this is 1700 times / overall 2000 times
this is 1800 times / overall 2000 times
this is 1900 times / overall 2000 times
this is 50 times which has already done.
----------------------------------------------------------------------------------------------------
this is 51 times / overall 1000 times
1.5847873678117315 1.1202854648313616 1.1307113321415294
----------------------------------------------------------------------------------------------------
find index iteration: 0 5000
short indx is [[   0 2271 3207 ...  883 3384 1182]
 [   1 4745 2608 ... 1075 1528 1446]
 [   2 2686 1747 ... 4221 2298  155]
 ...
 [4997 4078 1582 ... 1897 1997 3533]
 [4998 4285 2532 ... 3493 4566  262]
 [4999 2153 1313 ... 4571 4699 1578]]
Scaled residual std at t=51: [3.16957474 2.24057093 2.26142266]
start_idx is 0; end_idx is 5000
this is 0 times / overall 2000 times
this is 100 times / overall 2000 times
this is 200 times / overall 2000 times
this is 300 times / overall 2000 times
this is 400 times / overall 2000 times
this is 500 times / overall 2000 times
this is 600 times / overall 2000 times
this is 700 times / overall 2000 times
this is 800 times / overall 2000 times
this is 900 times / overall 2000 times
this is 1000 times / overall 2000 times
this is 1100 times / overall 2000 times
this is 1200 times / overall 2000 times
this is 1300 times / overall 2000 times
this is 1400 times / overall 2000 times
this is 1500 times / overall 2000 times
this is 1600 times / overall 2000 times
this is 1700 times / overall 2000 times
this is 1800 times / overall 2000 times
this is 1900 times / overall 2000 times
this is 51 times which has already done.
----------------------------------------------------------------------------------------------------
this is 52 times / overall 1000 times
1.5850984122357503 1.1166059828589696 1.1012774255133582
----------------------------------------------------------------------------------------------------
find index iteration: 0 5000
short indx is [[   0 4124 2582 ...  678  133 2613]
 [   1 4745 4304 ... 1039 4538   81]
 [   2 1747 2152 ... 2710 3848 2570]
 ...
 [4997 2482   44 ... 2907 3882  306]
 [4998 2873 4816 ... 1717 1963 3779]
 [4999 2131 4891 ... 3772 2141 2823]]
Scaled residual std at t=52: [3.17019682 2.23321197 2.20255485]
start_idx is 0; end_idx is 5000
this is 0 times / overall 2000 times
this is 100 times / overall 2000 times
this is 200 times / overall 2000 times
this is 300 times / overall 2000 times
this is 400 times / overall 2000 times
this is 500 times / overall 2000 times
this is 600 times / overall 2000 times
this is 700 times / overall 2000 times
this is 800 times / overall 2000 times
this is 900 times / overall 2000 times
this is 1000 times / overall 2000 times
this is 1100 times / overall 2000 times
this is 1200 times / overall 2000 times
this is 1300 times / overall 2000 times
this is 1400 times / overall 2000 times
this is 1500 times / overall 2000 times
this is 1600 times / overall 2000 times
this is 1700 times / overall 2000 times
this is 1800 times / overall 2000 times
this is 1900 times / overall 2000 times
this is 52 times which has already done.
----------------------------------------------------------------------------------------------------
this is 53 times / overall 1000 times
1.5898563066210543 1.1165407149003275 1.1277164849082655
----------------------------------------------------------------------------------------------------
find index iteration: 0 5000
short indx is [[   0 2875 2271 ... 4428 2826 2460]
 [   1 3526 4485 ... 1138 4538  563]
 [   2 3082 1747 ... 3933 2874   50]
 ...
 [4997 2482  469 ... 3609 1422 1955]
 [4998 1974 4721 ... 1180 2303 4662]
 [4999 3750 2902 ... 1892  325 3063]]
Scaled residual std at t=53: [3.17971261 2.23308143 2.25543297]
start_idx is 0; end_idx is 5000
this is 0 times / overall 2000 times
this is 100 times / overall 2000 times
this is 200 times / overall 2000 times
this is 300 times / overall 2000 times
this is 400 times / overall 2000 times
this is 500 times / overall 2000 times
this is 600 times / overall 2000 times
this is 700 times / overall 2000 times
this is 800 times / overall 2000 times
this is 900 times / overall 2000 times
this is 1000 times / overall 2000 times
this is 1100 times / overall 2000 times
this is 1200 times / overall 2000 times
this is 1300 times / overall 2000 times
this is 1400 times / overall 2000 times
this is 1500 times / overall 2000 times
this is 1600 times / overall 2000 times
this is 1700 times / overall 2000 times
this is 1800 times / overall 2000 times
this is 1900 times / overall 2000 times
this is 53 times which has already done.
----------------------------------------------------------------------------------------------------
this is 54 times / overall 1000 times
1.6187904080516307 1.12973323079903 1.1312960955953837
----------------------------------------------------------------------------------------------------
find index iteration: 0 5000
short indx is [[   0 2542 2573 ...  637 1975 1952]
 [   1  527 1293 ...  846 2925 3792]
 [   2 1744 1551 ... 2270 4300 1612]
 ...
 [4997  921 2811 ... 3314  963 4785]
 [4998 1647 2873 ... 1834 3325 3193]
 [4999 1618 4557 ... 1089 1331 1203]]
Scaled residual std at t=54: [3.23758082 2.25946646 2.26259219]
start_idx is 0; end_idx is 5000
this is 0 times / overall 2000 times
this is 100 times / overall 2000 times
this is 200 times / overall 2000 times
this is 300 times / overall 2000 times
this is 400 times / overall 2000 times
this is 500 times / overall 2000 times
this is 600 times / overall 2000 times
this is 700 times / overall 2000 times
this is 800 times / overall 2000 times
this is 900 times / overall 2000 times
this is 1000 times / overall 2000 times
this is 1100 times / overall 2000 times
this is 1200 times / overall 2000 times
this is 1300 times / overall 2000 times
this is 1400 times / overall 2000 times
this is 1500 times / overall 2000 times
this is 1600 times / overall 2000 times
this is 1700 times / overall 2000 times
this is 1800 times / overall 2000 times
this is 1900 times / overall 2000 times
this is 54 times which has already done.
----------------------------------------------------------------------------------------------------
this is 55 times / overall 1000 times
1.5789446459508727 1.1032756209398966 1.1031230460974861
----------------------------------------------------------------------------------------------------
find index iteration: 0 5000
short indx is [[   0 3981    9 ... 4814 3315 2622]
 [   1 2005 4485 ...  567  912 1330]
 [   2 1662 2300 ...  200  588  706]
 ...
 [4997  469 3479 ... 1880 2125 2769]
 [4998 1647 2873 ... 2664 2683 2229]
 [4999 1110 4389 ...  279 1339  672]]
Scaled residual std at t=55: [3.15788929 2.20655124 2.20624609]
start_idx is 0; end_idx is 5000
this is 0 times / overall 2000 times
this is 100 times / overall 2000 times
this is 200 times / overall 2000 times
this is 300 times / overall 2000 times
this is 400 times / overall 2000 times
this is 500 times / overall 2000 times
this is 600 times / overall 2000 times
this is 700 times / overall 2000 times
this is 800 times / overall 2000 times
this is 900 times / overall 2000 times
this is 1000 times / overall 2000 times
this is 1100 times / overall 2000 times
this is 1200 times / overall 2000 times
this is 1300 times / overall 2000 times
this is 1400 times / overall 2000 times
this is 1500 times / overall 2000 times
this is 1600 times / overall 2000 times
this is 1700 times / overall 2000 times
this is 1800 times / overall 2000 times
this is 1900 times / overall 2000 times
this is 55 times which has already done.
----------------------------------------------------------------------------------------------------
this is 56 times / overall 1000 times
1.5862121694649929 1.115298108519553 1.1239828786176864
----------------------------------------------------------------------------------------------------
find index iteration: 0 5000
short indx is [[   0 2530 1262 ... 4814 2626  820]
 [   1  527 4745 ... 1188 2072 4867]
 [   2 3294 3948 ... 1388  805 1903]
 ...
 [4997  921 4078 ... 3605 1202 4671]
 [4998 2407 2873 ... 4614  639 3359]
 [4999 3404 2332 ... 3950 2615  494]]
Scaled residual std at t=56: [3.17242434 2.23059622 2.24796576]
start_idx is 0; end_idx is 5000
this is 0 times / overall 2000 times
this is 100 times / overall 2000 times
this is 200 times / overall 2000 times
this is 300 times / overall 2000 times
this is 400 times / overall 2000 times
this is 500 times / overall 2000 times
this is 600 times / overall 2000 times
this is 700 times / overall 2000 times
this is 800 times / overall 2000 times
this is 900 times / overall 2000 times
this is 1000 times / overall 2000 times
this is 1100 times / overall 2000 times
this is 1200 times / overall 2000 times
this is 1300 times / overall 2000 times
this is 1400 times / overall 2000 times
this is 1500 times / overall 2000 times
this is 1600 times / overall 2000 times
this is 1700 times / overall 2000 times
this is 1800 times / overall 2000 times
this is 1900 times / overall 2000 times
this is 56 times which has already done.
----------------------------------------------------------------------------------------------------
this is 57 times / overall 1000 times
1.573900648712457 1.1096296517999091 1.131438770547044
----------------------------------------------------------------------------------------------------
find index iteration: 0 5000
short indx is [[   0 3622 2542 ... 4846 2104 3278]
 [   1  527 1275 ... 3792 1070 4572]
 [   2 3829 3334 ...  757   72 4869]
 ...
 [4997 1582 3280 ... 3630  504 2970]
 [4998 1647 1173 ... 4986 1491  421]
 [4999 3404 3402 ... 3972 4396 4278]]
Scaled residual std at t=57: [3.1478013  2.2192593  2.26287754]
start_idx is 0; end_idx is 5000
this is 0 times / overall 2000 times
this is 100 times / overall 2000 times
this is 200 times / overall 2000 times
this is 300 times / overall 2000 times
this is 400 times / overall 2000 times
this is 500 times / overall 2000 times
this is 600 times / overall 2000 times
this is 700 times / overall 2000 times
this is 800 times / overall 2000 times
this is 900 times / overall 2000 times
this is 1000 times / overall 2000 times
this is 1100 times / overall 2000 times
this is 1200 times / overall 2000 times
this is 1300 times / overall 2000 times
this is 1400 times / overall 2000 times
this is 1500 times / overall 2000 times
this is 1600 times / overall 2000 times
this is 1700 times / overall 2000 times
this is 1800 times / overall 2000 times
this is 1900 times / overall 2000 times
this is 57 times which has already done.
----------------------------------------------------------------------------------------------------
this is 58 times / overall 1000 times
1.5836451671406226 1.111920462488914 1.1150244614291231
----------------------------------------------------------------------------------------------------
find index iteration: 0 5000
short indx is [[   0 3622 4788 ...   40 4762 3172]
 [   1 4304  527 ...   29 2761  909]
 [   2 3334  745 ... 2203 1110 3104]
 ...
 [4997 2276 3280 ...  345 3519  223]
 [4998 4063 2468 ... 3231 2872 2899]
 [4999 1687 3464 ...  689 3921 2222]]
Scaled residual std at t=58: [3.16729033 2.22384092 2.23004892]
start_idx is 0; end_idx is 5000
this is 0 times / overall 2000 times
this is 100 times / overall 2000 times
this is 200 times / overall 2000 times
this is 300 times / overall 2000 times
this is 400 times / overall 2000 times
this is 500 times / overall 2000 times
this is 600 times / overall 2000 times
this is 700 times / overall 2000 times
this is 800 times / overall 2000 times
this is 900 times / overall 2000 times
this is 1000 times / overall 2000 times
this is 1100 times / overall 2000 times
this is 1200 times / overall 2000 times
this is 1300 times / overall 2000 times
this is 1400 times / overall 2000 times
this is 1500 times / overall 2000 times
this is 1600 times / overall 2000 times
this is 1700 times / overall 2000 times
this is 1800 times / overall 2000 times
this is 1900 times / overall 2000 times
this is 58 times which has already done.
----------------------------------------------------------------------------------------------------
this is 59 times / overall 1000 times
1.6136155094063305 1.117534346263796 1.1202997576274727
----------------------------------------------------------------------------------------------------
find index iteration: 0 5000
short indx is [[   0 3622 2702 ... 1914 3801 1758]
 [   1 4304 1275 ... 1140  298 1684]
 [   2 2538 3334 ... 1934 4840 3245]
 ...
 [4997 2009 2706 ... 4784  617 3804]
 [4998  755 2468 ... 3137 1117 3678]
 [4999 4133 3237 ... 4750  493 4846]]
Scaled residual std at t=59: [3.22723102 2.23506869 2.24059952]
start_idx is 0; end_idx is 5000
this is 0 times / overall 2000 times
this is 100 times / overall 2000 times
this is 200 times / overall 2000 times
this is 300 times / overall 2000 times
this is 400 times / overall 2000 times
this is 500 times / overall 2000 times
this is 600 times / overall 2000 times
this is 700 times / overall 2000 times
this is 800 times / overall 2000 times
this is 900 times / overall 2000 times
this is 1000 times / overall 2000 times
this is 1100 times / overall 2000 times
this is 1200 times / overall 2000 times
this is 1300 times / overall 2000 times
this is 1400 times / overall 2000 times
this is 1500 times / overall 2000 times
this is 1600 times / overall 2000 times
this is 1700 times / overall 2000 times
this is 1800 times / overall 2000 times
this is 1900 times / overall 2000 times
this is 59 times which has already done.
----------------------------------------------------------------------------------------------------
this is 60 times / overall 1000 times
1.573403487297233 1.1033389111819472 1.1096986123977777
----------------------------------------------------------------------------------------------------
find index iteration: 0 5000
short indx is [[   0 1050 3849 ... 1331  252  873]
 [   1 4304 3655 ...  500 1036 2362]
 [   2 3334  664 ... 4515 4869 1333]
 ...
 [4997 2009 2276 ... 2679 1443 2441]
 [4998 3710 3531 ...  223 4415  163]
 [4999 4891  193 ... 4858 2912 4939]]
Scaled residual std at t=60: [3.14680697 2.20667782 2.21939722]
start_idx is 0; end_idx is 5000
this is 0 times / overall 2000 times
this is 100 times / overall 2000 times
this is 200 times / overall 2000 times
this is 300 times / overall 2000 times
this is 400 times / overall 2000 times
this is 500 times / overall 2000 times
this is 600 times / overall 2000 times
this is 700 times / overall 2000 times
this is 800 times / overall 2000 times
this is 900 times / overall 2000 times
this is 1000 times / overall 2000 times
this is 1100 times / overall 2000 times
this is 1200 times / overall 2000 times
this is 1300 times / overall 2000 times
this is 1400 times / overall 2000 times
this is 1500 times / overall 2000 times
this is 1600 times / overall 2000 times
this is 1700 times / overall 2000 times
this is 1800 times / overall 2000 times
this is 1900 times / overall 2000 times
this is 60 times which has already done.
----------------------------------------------------------------------------------------------------
this is 61 times / overall 1000 times
1.5974015309319063 1.0975595872122867 1.1220790600368784
----------------------------------------------------------------------------------------------------
find index iteration: 0 5000
short indx is [[   0 1050 2875 ...  839 3272 2989]
 [   1 4485 4304 ... 2586 2821 3452]
 [   2 4646 1094 ... 4083  425 3649]
 ...
 [4997 2009 4257 ... 4272 3726 1388]
 [4998  782  755 ... 4769 3891 2662]
 [4999 3566  193 ... 4732 1508 3762]]
Scaled residual std at t=61: [3.19480306 2.19511917 2.24415812]
start_idx is 0; end_idx is 5000
this is 0 times / overall 2000 times
this is 100 times / overall 2000 times
this is 200 times / overall 2000 times
this is 300 times / overall 2000 times
this is 400 times / overall 2000 times
this is 500 times / overall 2000 times
this is 600 times / overall 2000 times
this is 700 times / overall 2000 times
this is 800 times / overall 2000 times
this is 900 times / overall 2000 times
this is 1000 times / overall 2000 times
this is 1100 times / overall 2000 times
this is 1200 times / overall 2000 times
this is 1300 times / overall 2000 times
this is 1400 times / overall 2000 times
this is 1500 times / overall 2000 times
this is 1600 times / overall 2000 times
this is 1700 times / overall 2000 times
this is 1800 times / overall 2000 times
this is 1900 times / overall 2000 times
this is 61 times which has already done.
----------------------------------------------------------------------------------------------------
this is 62 times / overall 1000 times
1.5499599678446396 1.111760772446651 1.1210750456055003
----------------------------------------------------------------------------------------------------
find index iteration: 0 5000
short indx is [[   0 1114 1967 ... 2170 1188 2898]
 [   1 4304 2490 ... 4686 2705 1527]
 [   2 4646 3990 ... 3293 1218 4071]
 ...
 [4997 4151 4754 ...  605 4964  696]
 [4998  558 3972 ... 2352 2759 2867]
 [4999 1516 4976 ... 1572 4164  612]]
Scaled residual std at t=62: [3.09991994 2.22352154 2.24215009]
start_idx is 0; end_idx is 5000
this is 0 times / overall 2000 times
this is 100 times / overall 2000 times
this is 200 times / overall 2000 times
this is 300 times / overall 2000 times
this is 400 times / overall 2000 times
this is 500 times / overall 2000 times
this is 600 times / overall 2000 times
this is 700 times / overall 2000 times
this is 800 times / overall 2000 times
this is 900 times / overall 2000 times
this is 1000 times / overall 2000 times
this is 1100 times / overall 2000 times
this is 1200 times / overall 2000 times
this is 1300 times / overall 2000 times
this is 1400 times / overall 2000 times
this is 1500 times / overall 2000 times
this is 1600 times / overall 2000 times
this is 1700 times / overall 2000 times
this is 1800 times / overall 2000 times
this is 1900 times / overall 2000 times
this is 62 times which has already done.
----------------------------------------------------------------------------------------------------
this is 63 times / overall 1000 times
1.585069902416635 1.128991906340339 1.130096255675111
----------------------------------------------------------------------------------------------------
find index iteration: 0 5000
short indx is [[   0  195 4929 ... 2137 4445 3313]
 [   1 1275 4304 ... 3720  792 4360]
 [   2 1669  745 ... 4511 2640 3483]
 ...
 [4997 4558 1658 ... 4306 3254  670]
 [4998  782 1835 ... 1650 2327  487]
 [4999  193 1516 ... 2330 4222 2487]]
Scaled residual std at t=63: [3.1701398  2.25798381 2.26019251]
start_idx is 0; end_idx is 5000
this is 0 times / overall 2000 times
this is 100 times / overall 2000 times
this is 200 times / overall 2000 times
this is 300 times / overall 2000 times
this is 400 times / overall 2000 times
this is 500 times / overall 2000 times
this is 600 times / overall 2000 times
this is 700 times / overall 2000 times
this is 800 times / overall 2000 times
this is 900 times / overall 2000 times
this is 1000 times / overall 2000 times
this is 1100 times / overall 2000 times
this is 1200 times / overall 2000 times
this is 1300 times / overall 2000 times
this is 1400 times / overall 2000 times
this is 1500 times / overall 2000 times
this is 1600 times / overall 2000 times
this is 1700 times / overall 2000 times
this is 1800 times / overall 2000 times
this is 1900 times / overall 2000 times
this is 63 times which has already done.
----------------------------------------------------------------------------------------------------
this is 64 times / overall 1000 times
1.5845425323390938 1.11189876902177 1.1356523114594148
----------------------------------------------------------------------------------------------------
find index iteration: 0 5000
short indx is [[   0 2179   99 ... 1852 4613  854]
 [   1 2252 4485 ... 3267 1941  306]
 [   2 2948 3948 ... 1632  627  887]
 ...
 [4997 4866 4558 ... 1358 1095 3485]
 [4998 2828 4340 ... 3836 4464 4096]
 [4999 4084 2483 ... 1016  832  991]]
Scaled residual std at t=64: [3.16908506 2.22379754 2.27130462]
start_idx is 0; end_idx is 5000
this is 0 times / overall 2000 times
this is 100 times / overall 2000 times
this is 200 times / overall 2000 times
this is 300 times / overall 2000 times
this is 400 times / overall 2000 times
this is 500 times / overall 2000 times
this is 600 times / overall 2000 times
this is 700 times / overall 2000 times
this is 800 times / overall 2000 times
this is 900 times / overall 2000 times
this is 1000 times / overall 2000 times
this is 1100 times / overall 2000 times
this is 1200 times / overall 2000 times
this is 1300 times / overall 2000 times
this is 1400 times / overall 2000 times
this is 1500 times / overall 2000 times
this is 1600 times / overall 2000 times
this is 1700 times / overall 2000 times
this is 1800 times / overall 2000 times
this is 1900 times / overall 2000 times
this is 64 times which has already done.
----------------------------------------------------------------------------------------------------
this is 65 times / overall 1000 times
1.5396854860683258 1.1272247067415975 1.1201420362357235
----------------------------------------------------------------------------------------------------
find index iteration: 0 5000
short indx is [[   0   99 2179 ... 4704 4154 4669]
 [   1 4304 1135 ... 3913 1835 2335]
 [   2 1289 2948 ...   38 3925  896]
 ...
 [4997 1454 1205 ...  756 3485 3379]
 [4998  256 1929 ... 3091 4669 4938]
 [4999  189 2747 ... 1797  946 3173]]
Scaled residual std at t=65: [3.07937097 2.25444941 2.24028407]
start_idx is 0; end_idx is 5000
this is 0 times / overall 2000 times
this is 100 times / overall 2000 times
this is 200 times / overall 2000 times
this is 300 times / overall 2000 times
this is 400 times / overall 2000 times
this is 500 times / overall 2000 times
this is 600 times / overall 2000 times
this is 700 times / overall 2000 times
this is 800 times / overall 2000 times
this is 900 times / overall 2000 times
this is 1000 times / overall 2000 times
this is 1100 times / overall 2000 times
this is 1200 times / overall 2000 times
this is 1300 times / overall 2000 times
this is 1400 times / overall 2000 times
this is 1500 times / overall 2000 times
this is 1600 times / overall 2000 times
this is 1700 times / overall 2000 times
this is 1800 times / overall 2000 times
this is 1900 times / overall 2000 times
this is 65 times which has already done.
----------------------------------------------------------------------------------------------------
this is 66 times / overall 1000 times
1.5722041744295208 1.1161527065516692 1.1237253253969188
----------------------------------------------------------------------------------------------------
find index iteration: 0 5000
short indx is [[   0 2728 4451 ... 2087 4447  635]
 [   1   22 4729 ... 4411 4646 1359]
 [   2 1508 4132 ... 3968 4516 4178]
 ...
 [4997 2706 1450 ... 2630 1496 3289]
 [4998 3128 3246 ... 1228 3458 1515]
 [4999 1771  584 ... 1889  456   69]]
Scaled residual std at t=66: [3.14440835 2.23230541 2.24745065]
start_idx is 0; end_idx is 5000
this is 0 times / overall 2000 times
this is 100 times / overall 2000 times
this is 200 times / overall 2000 times
this is 300 times / overall 2000 times
this is 400 times / overall 2000 times
this is 500 times / overall 2000 times
this is 600 times / overall 2000 times
this is 700 times / overall 2000 times
this is 800 times / overall 2000 times
this is 900 times / overall 2000 times
this is 1000 times / overall 2000 times
this is 1100 times / overall 2000 times
this is 1200 times / overall 2000 times
this is 1300 times / overall 2000 times
this is 1400 times / overall 2000 times
this is 1500 times / overall 2000 times
this is 1600 times / overall 2000 times
this is 1700 times / overall 2000 times
this is 1800 times / overall 2000 times
this is 1900 times / overall 2000 times
this is 66 times which has already done.
----------------------------------------------------------------------------------------------------
this is 67 times / overall 1000 times
1.5646282874541917 1.1180485585578452 1.1129380021969615
----------------------------------------------------------------------------------------------------
find index iteration: 0 5000
short indx is [[   0  927  125 ... 2065 2957 4691]
 [   1 4745 2252 ... 1447 1441  578]
 [   2 2716 4579 ... 1583 2766 4236]
 ...
 [4997 1335 2474 ...   26 2309 3585]
 [4998 2238 1878 ... 4548 3551 2424]
 [4999  584 3816 ...  323 4456  577]]
Scaled residual std at t=67: [3.12925657 2.23609712 2.225876  ]
start_idx is 0; end_idx is 5000
this is 0 times / overall 2000 times
this is 100 times / overall 2000 times
this is 200 times / overall 2000 times
this is 300 times / overall 2000 times
this is 400 times / overall 2000 times
this is 500 times / overall 2000 times
this is 600 times / overall 2000 times
this is 700 times / overall 2000 times
this is 800 times / overall 2000 times
this is 900 times / overall 2000 times
this is 1000 times / overall 2000 times
this is 1100 times / overall 2000 times
this is 1200 times / overall 2000 times
this is 1300 times / overall 2000 times
this is 1400 times / overall 2000 times
this is 1500 times / overall 2000 times
this is 1600 times / overall 2000 times
this is 1700 times / overall 2000 times
this is 1800 times / overall 2000 times
this is 1900 times / overall 2000 times
this is 67 times which has already done.
----------------------------------------------------------------------------------------------------
this is 68 times / overall 1000 times
1.5619451805064646 1.102806301825536 1.1356210546832781
----------------------------------------------------------------------------------------------------
find index iteration: 0 5000
short indx is [[   0  927 2728 ... 1538  969 2344]
 [   1 4745 4808 ...  707 3562 4611]
 [   2 2488 4197 ...  109 1807 1286]
 ...
 [4997 1335 2474 ... 3926 1233 4390]
 [4998   74 1601 ... 2214 3409 4777]
 [4999  739 2582 ... 1093 1595 3720]]
Scaled residual std at t=68: [3.12389036 2.2056126  2.27124211]
start_idx is 0; end_idx is 5000
this is 0 times / overall 2000 times
this is 100 times / overall 2000 times
this is 200 times / overall 2000 times
this is 300 times / overall 2000 times
this is 400 times / overall 2000 times
this is 500 times / overall 2000 times
this is 600 times / overall 2000 times
this is 700 times / overall 2000 times
this is 800 times / overall 2000 times
this is 900 times / overall 2000 times
this is 1000 times / overall 2000 times
this is 1100 times / overall 2000 times
this is 1200 times / overall 2000 times
this is 1300 times / overall 2000 times
this is 1400 times / overall 2000 times
this is 1500 times / overall 2000 times
this is 1600 times / overall 2000 times
this is 1700 times / overall 2000 times
this is 1800 times / overall 2000 times
this is 1900 times / overall 2000 times
this is 68 times which has already done.
----------------------------------------------------------------------------------------------------
this is 69 times / overall 1000 times
1.5815277635492067 1.1052255318589936 1.1322177748958724
----------------------------------------------------------------------------------------------------
find index iteration: 0 5000
short indx is [[   0 4434 1861 ... 4163 3053  695]
 [   1 4808 4745 ... 2475 1412 1895]
 [   2 3072 2577 ... 2357 1439 3868]
 ...
 [4997  835  430 ... 3056 4880 1390]
 [4998 3128 2238 ... 2602 3320 2895]
 [4999 1687 2483 ... 2108 3871 1448]]
Scaled residual std at t=69: [3.16305553 2.21045106 2.26443555]
start_idx is 0; end_idx is 5000
this is 0 times / overall 2000 times
this is 100 times / overall 2000 times
this is 200 times / overall 2000 times
this is 300 times / overall 2000 times
this is 400 times / overall 2000 times
this is 500 times / overall 2000 times
this is 600 times / overall 2000 times
this is 700 times / overall 2000 times
this is 800 times / overall 2000 times
this is 900 times / overall 2000 times
this is 1000 times / overall 2000 times
this is 1100 times / overall 2000 times
this is 1200 times / overall 2000 times
this is 1300 times / overall 2000 times
this is 1400 times / overall 2000 times
this is 1500 times / overall 2000 times
this is 1600 times / overall 2000 times
this is 1700 times / overall 2000 times
this is 1800 times / overall 2000 times
this is 1900 times / overall 2000 times
this is 69 times which has already done.
----------------------------------------------------------------------------------------------------
this is 70 times / overall 1000 times
1.572063039046729 1.14301680408472 1.1194021417574953
----------------------------------------------------------------------------------------------------
find index iteration: 0 5000
short indx is [[   0 4434 4718 ... 4547 1948 3843]
 [   1 4808 4033 ...  713 1365   59]
 [   2  480 4069 ... 1572  289 3858]
 ...
 [4997  835 2598 ... 2690 4776 1295]
 [4998  884 4795 ... 3070  829 3199]
 [4999 3183 2088 ... 3434 1743 2954]]
Scaled residual std at t=70: [3.14412608 2.28603361 2.23880428]
start_idx is 0; end_idx is 5000
this is 0 times / overall 2000 times
this is 100 times / overall 2000 times
this is 200 times / overall 2000 times
this is 300 times / overall 2000 times
this is 400 times / overall 2000 times
this is 500 times / overall 2000 times
this is 600 times / overall 2000 times
this is 700 times / overall 2000 times
this is 800 times / overall 2000 times
this is 900 times / overall 2000 times
this is 1000 times / overall 2000 times
this is 1100 times / overall 2000 times
this is 1200 times / overall 2000 times
this is 1300 times / overall 2000 times
this is 1400 times / overall 2000 times
this is 1500 times / overall 2000 times
this is 1600 times / overall 2000 times
this is 1700 times / overall 2000 times
this is 1800 times / overall 2000 times
this is 1900 times / overall 2000 times
this is 70 times which has already done.
----------------------------------------------------------------------------------------------------
this is 71 times / overall 1000 times
1.5668280872712037 1.1367100383803352 1.1315758778857314
----------------------------------------------------------------------------------------------------
find index iteration: 0 5000
short indx is [[   0 4015  748 ... 3373 1339 1084]
 [   1 4745 1025 ... 4437 3337 3246]
 [   2 2041  480 ...  568 3992 3285]
 ...
 [4997 2996 4402 ... 3413 1074  241]
 [4998 4111   88 ... 1804 4455 2487]
 [4999 2595 1191 ... 4472 3210 1043]]
Scaled residual std at t=71: [3.13365617 2.27342008 2.26315176]
start_idx is 0; end_idx is 5000
this is 0 times / overall 2000 times
this is 100 times / overall 2000 times
this is 200 times / overall 2000 times
this is 300 times / overall 2000 times
this is 400 times / overall 2000 times
this is 500 times / overall 2000 times
this is 600 times / overall 2000 times
this is 700 times / overall 2000 times
this is 800 times / overall 2000 times
this is 900 times / overall 2000 times
this is 1000 times / overall 2000 times
this is 1100 times / overall 2000 times
this is 1200 times / overall 2000 times
this is 1300 times / overall 2000 times
this is 1400 times / overall 2000 times
this is 1500 times / overall 2000 times
this is 1600 times / overall 2000 times
this is 1700 times / overall 2000 times
this is 1800 times / overall 2000 times
this is 1900 times / overall 2000 times
this is 71 times which has already done.
----------------------------------------------------------------------------------------------------
this is 72 times / overall 1000 times
1.5799097707509142 1.1144070267243176 1.1113355098752675
----------------------------------------------------------------------------------------------------
find index iteration: 0 5000
short indx is [[   0 2349  315 ...  249 2494 4224]
 [   1 1025 4745 ... 3060 1441 2642]
 [   2 4069 2903 ...  385 4597 4991]
 ...
 [4997  430 4402 ... 2059  617 3269]
 [4998 4178 3349 ... 3459 4587 2449]
 [4999 1116 3237 ... 4162 4586 2279]]
Scaled residual std at t=72: [3.15981954 2.22881405 2.22267102]
start_idx is 0; end_idx is 5000
this is 0 times / overall 2000 times
this is 100 times / overall 2000 times
this is 200 times / overall 2000 times
this is 300 times / overall 2000 times
this is 400 times / overall 2000 times
this is 500 times / overall 2000 times
this is 600 times / overall 2000 times
this is 700 times / overall 2000 times
this is 800 times / overall 2000 times
this is 900 times / overall 2000 times
this is 1000 times / overall 2000 times
this is 1100 times / overall 2000 times
this is 1200 times / overall 2000 times
this is 1300 times / overall 2000 times
this is 1400 times / overall 2000 times
this is 1500 times / overall 2000 times
this is 1600 times / overall 2000 times
this is 1700 times / overall 2000 times
this is 1800 times / overall 2000 times
this is 1900 times / overall 2000 times
this is 72 times which has already done.
----------------------------------------------------------------------------------------------------
this is 73 times / overall 1000 times
1.5922179941607573 1.1048528811307556 1.1173361824962074
----------------------------------------------------------------------------------------------------
find index iteration: 0 5000
short indx is [[   0 1555 2349 ... 4399 2778 3744]
 [   1 1025 1053 ... 2039 2426  134]
 [   2  491 4092 ... 4301 4433  913]
 ...
 [4997 4916  430 ... 1757 3875  259]
 [4998 1028   89 ... 1162 2233 1569]
 [4999 4622 3183 ... 1287 1181 2197]]
Scaled residual std at t=73: [3.18443599 2.20970576 2.23467236]
start_idx is 0; end_idx is 5000
this is 0 times / overall 2000 times
this is 100 times / overall 2000 times
this is 200 times / overall 2000 times
this is 300 times / overall 2000 times
this is 400 times / overall 2000 times
this is 500 times / overall 2000 times
this is 600 times / overall 2000 times
this is 700 times / overall 2000 times
this is 800 times / overall 2000 times
this is 900 times / overall 2000 times
this is 1000 times / overall 2000 times
this is 1100 times / overall 2000 times
this is 1200 times / overall 2000 times
this is 1300 times / overall 2000 times
this is 1400 times / overall 2000 times
this is 1500 times / overall 2000 times
this is 1600 times / overall 2000 times
this is 1700 times / overall 2000 times
this is 1800 times / overall 2000 times
this is 1900 times / overall 2000 times
this is 73 times which has already done.
----------------------------------------------------------------------------------------------------
this is 74 times / overall 1000 times
1.564561040224373 1.1311389542307053 1.116845641439641
----------------------------------------------------------------------------------------------------
find index iteration: 0 5000
short indx is [[   0 2349  355 ... 3684 3899 2378]
 [   1 3953 1053 ...  572  563 1575]
 [   2 2935 1951 ... 3347  992 1637]
 ...
 [4997  505  729 ... 3851 3915 2993]
 [4998 1216  239 ... 1476  358 3785]
 [4999 1797 2595 ... 2743 3449 4767]]
Scaled residual std at t=74: [3.12912208 2.26227791 2.23369128]
start_idx is 0; end_idx is 5000
this is 0 times / overall 2000 times
this is 100 times / overall 2000 times
this is 200 times / overall 2000 times
this is 300 times / overall 2000 times
this is 400 times / overall 2000 times
this is 500 times / overall 2000 times
this is 600 times / overall 2000 times
this is 700 times / overall 2000 times
this is 800 times / overall 2000 times
this is 900 times / overall 2000 times
this is 1000 times / overall 2000 times
this is 1100 times / overall 2000 times
this is 1200 times / overall 2000 times
this is 1300 times / overall 2000 times
this is 1400 times / overall 2000 times
this is 1500 times / overall 2000 times
this is 1600 times / overall 2000 times
this is 1700 times / overall 2000 times
this is 1800 times / overall 2000 times
this is 1900 times / overall 2000 times
this is 74 times which has already done.
----------------------------------------------------------------------------------------------------
this is 75 times / overall 1000 times
1.5928762611857539 1.1151493813007838 1.1362844505816165
----------------------------------------------------------------------------------------------------
find index iteration: 0 5000
short indx is [[   0 4121 4430 ... 3710  223 3384]
 [   1 3953 1053 ... 2925 1276 4242]
 [   2 3072 3334 ... 3004 4295 4784]
 ...
 [4997  197 2272 ... 2059 4804 2089]
 [4998 1288 3377 ... 2474 2322 3199]
 [4999  132 3708 ... 3008 2256 2587]]
Scaled residual std at t=75: [3.18575252 2.23029876 2.2725689 ]
start_idx is 0; end_idx is 5000
this is 0 times / overall 2000 times
this is 100 times / overall 2000 times
this is 200 times / overall 2000 times
this is 300 times / overall 2000 times
this is 400 times / overall 2000 times
this is 500 times / overall 2000 times
this is 600 times / overall 2000 times
this is 700 times / overall 2000 times
this is 800 times / overall 2000 times
this is 900 times / overall 2000 times
this is 1000 times / overall 2000 times
this is 1100 times / overall 2000 times
this is 1200 times / overall 2000 times
this is 1300 times / overall 2000 times
this is 1400 times / overall 2000 times
this is 1500 times / overall 2000 times
this is 1600 times / overall 2000 times
this is 1700 times / overall 2000 times
this is 1800 times / overall 2000 times
this is 1900 times / overall 2000 times
this is 75 times which has already done.
----------------------------------------------------------------------------------------------------
this is 76 times / overall 1000 times
1.588123803020073 1.1131095073549986 1.1155814464731317
----------------------------------------------------------------------------------------------------
find index iteration: 0 5000
short indx is [[   0 4430 2665 ... 3417 3377 1554]
 [   1 1053 3953 ... 1735 4239 1415]
 [   2 2903 1743 ... 1281 2444 3472]
 ...
 [4997  314 2272 ... 4028 3568  755]
 [4998 1990  671 ... 1720 3136 2653]
 [4999 4929 2476 ... 3172 4444 2074]]
Scaled residual std at t=76: [3.17624761 2.22621901 2.23116289]
start_idx is 0; end_idx is 5000
this is 0 times / overall 2000 times
this is 100 times / overall 2000 times
this is 200 times / overall 2000 times
this is 300 times / overall 2000 times
this is 400 times / overall 2000 times
this is 500 times / overall 2000 times
this is 600 times / overall 2000 times
this is 700 times / overall 2000 times
this is 800 times / overall 2000 times
this is 900 times / overall 2000 times
this is 1000 times / overall 2000 times
this is 1100 times / overall 2000 times
this is 1200 times / overall 2000 times
this is 1300 times / overall 2000 times
this is 1400 times / overall 2000 times
this is 1500 times / overall 2000 times
this is 1600 times / overall 2000 times
this is 1700 times / overall 2000 times
this is 1800 times / overall 2000 times
this is 1900 times / overall 2000 times
this is 76 times which has already done.
----------------------------------------------------------------------------------------------------
this is 77 times / overall 1000 times
1.5601340343214865 1.1048338336669656 1.1164008795463798
----------------------------------------------------------------------------------------------------
find index iteration: 0 5000
short indx is [[   0 4434  864 ... 4818  640 3809]
 [   1 4509 1053 ... 1973  817 4832]
 [   2 1551 2300 ... 1120 4170  975]
 ...
 [4997 4605 2734 ... 2122 2718 1570]
 [4998 1691 4800 ...  595 2533 4078]
 [4999 1635 3739 ...  335 3398 1543]]
Scaled residual std at t=77: [3.12026807 2.20966767 2.23280176]
start_idx is 0; end_idx is 5000
this is 0 times / overall 2000 times
this is 100 times / overall 2000 times
this is 200 times / overall 2000 times
this is 300 times / overall 2000 times
this is 400 times / overall 2000 times
this is 500 times / overall 2000 times
this is 600 times / overall 2000 times
this is 700 times / overall 2000 times
this is 800 times / overall 2000 times
this is 900 times / overall 2000 times
this is 1000 times / overall 2000 times
this is 1100 times / overall 2000 times
this is 1200 times / overall 2000 times
this is 1300 times / overall 2000 times
this is 1400 times / overall 2000 times
this is 1500 times / overall 2000 times
this is 1600 times / overall 2000 times
this is 1700 times / overall 2000 times
this is 1800 times / overall 2000 times
this is 1900 times / overall 2000 times
this is 77 times which has already done.
----------------------------------------------------------------------------------------------------
this is 78 times / overall 1000 times
1.6066632381390662 1.1096751012029344 1.1074115433273197
----------------------------------------------------------------------------------------------------
find index iteration: 0 5000
short indx is [[   0 4718 3342 ...  440 3503 2685]
 [   1 1053 3953 ... 1637 1369 2741]
 [   2 2903  903 ... 2513  753 3632]
 ...
 [4997 2734 4402 ...  504 3823  848]
 [4998   66   16 ... 3628  663 2399]
 [4999 1350  620 ... 1111 4131 3578]]
Scaled residual std at t=78: [3.21332648 2.2193502  2.21482309]
start_idx is 0; end_idx is 5000
this is 0 times / overall 2000 times
this is 100 times / overall 2000 times
this is 200 times / overall 2000 times
this is 300 times / overall 2000 times
this is 400 times / overall 2000 times
this is 500 times / overall 2000 times
this is 600 times / overall 2000 times
this is 700 times / overall 2000 times
this is 800 times / overall 2000 times
this is 900 times / overall 2000 times
this is 1000 times / overall 2000 times
this is 1100 times / overall 2000 times
this is 1200 times / overall 2000 times
this is 1300 times / overall 2000 times
this is 1400 times / overall 2000 times
this is 1500 times / overall 2000 times
this is 1600 times / overall 2000 times
this is 1700 times / overall 2000 times
this is 1800 times / overall 2000 times
this is 1900 times / overall 2000 times
this is 78 times which has already done.
----------------------------------------------------------------------------------------------------
this is 79 times / overall 1000 times
1.5906296417850243 1.1089783572330114 1.1119301344795685
----------------------------------------------------------------------------------------------------
find index iteration: 0 5000
short indx is [[   0 4434 2476 ... 2925 4490 3665]
 [   1 3953 1053 ... 3860 2532 4361]
 [   2 4850 2780 ... 1255  746 1320]
 ...
 [4997 2336 4605 ... 1005 1689 1751]
 [4998 3035 4206 ...  698 1823 4932]
 [4999    9 4015 ... 3377  948 4319]]
Scaled residual std at t=79: [3.18125928 2.21795671 2.22386027]
start_idx is 0; end_idx is 5000
this is 0 times / overall 2000 times
this is 100 times / overall 2000 times
this is 200 times / overall 2000 times
this is 300 times / overall 2000 times
this is 400 times / overall 2000 times
this is 500 times / overall 2000 times
this is 600 times / overall 2000 times
this is 700 times / overall 2000 times
this is 800 times / overall 2000 times
this is 900 times / overall 2000 times
this is 1000 times / overall 2000 times
this is 1100 times / overall 2000 times
this is 1200 times / overall 2000 times
this is 1300 times / overall 2000 times
this is 1400 times / overall 2000 times
this is 1500 times / overall 2000 times
this is 1600 times / overall 2000 times
this is 1700 times / overall 2000 times
this is 1800 times / overall 2000 times
this is 1900 times / overall 2000 times
this is 79 times which has already done.
----------------------------------------------------------------------------------------------------
this is 80 times / overall 1000 times
1.5903434784664727 1.118258622762101 1.140760067839218
----------------------------------------------------------------------------------------------------
find index iteration: 0 5000
short indx is [[   0 2476 3433 ... 1110 4747  248]
 [   1 1053 4509 ...  245  509  511]
 [   2 2069 3334 ... 3432  272 3035]
 ...
 [4997 4605 1913 ... 2414 2314 2765]
 [4998 1568  121 ... 1755 1580  470]
 [4999  122  877 ... 1131  532  392]]
Scaled residual std at t=80: [3.18068696 2.23651725 2.28152014]
start_idx is 0; end_idx is 5000
this is 0 times / overall 2000 times
this is 100 times / overall 2000 times
this is 200 times / overall 2000 times
this is 300 times / overall 2000 times
this is 400 times / overall 2000 times
this is 500 times / overall 2000 times
this is 600 times / overall 2000 times
this is 700 times / overall 2000 times
this is 800 times / overall 2000 times
this is 900 times / overall 2000 times
this is 1000 times / overall 2000 times
this is 1100 times / overall 2000 times
this is 1200 times / overall 2000 times
this is 1300 times / overall 2000 times
this is 1400 times / overall 2000 times
this is 1500 times / overall 2000 times
this is 1600 times / overall 2000 times
this is 1700 times / overall 2000 times
this is 1800 times / overall 2000 times
this is 1900 times / overall 2000 times
this is 80 times which has already done.
----------------------------------------------------------------------------------------------------
this is 81 times / overall 1000 times
1.5629759846884779 1.1216373184268829 1.112724924776802
----------------------------------------------------------------------------------------------------
find index iteration: 0 5000
short indx is [[   0 2515 1886 ... 1444 3865 2930]
 [   1 1053 4509 ... 4419 2564 2627]
 [   2 2069 1928 ...   94  140  166]
 ...
 [4997 2996 4261 ... 3591 3068 4447]
 [4998  121  551 ... 2690 2987 4864]
 [4999 3043  354 ...  991 4987 1030]]
Scaled residual std at t=81: [3.12595197 2.24327464 2.22544985]
start_idx is 0; end_idx is 5000
this is 0 times / overall 2000 times
this is 100 times / overall 2000 times
this is 200 times / overall 2000 times
this is 300 times / overall 2000 times
this is 400 times / overall 2000 times
this is 500 times / overall 2000 times
this is 600 times / overall 2000 times
this is 700 times / overall 2000 times
this is 800 times / overall 2000 times
this is 900 times / overall 2000 times
this is 1000 times / overall 2000 times
this is 1100 times / overall 2000 times
this is 1200 times / overall 2000 times
this is 1300 times / overall 2000 times
this is 1400 times / overall 2000 times
this is 1500 times / overall 2000 times
this is 1600 times / overall 2000 times
this is 1700 times / overall 2000 times
this is 1800 times / overall 2000 times
this is 1900 times / overall 2000 times
this is 81 times which has already done.
----------------------------------------------------------------------------------------------------
this is 82 times / overall 1000 times
1.5750812428862353 1.1329408913733836 1.1403155922331614
----------------------------------------------------------------------------------------------------
find index iteration: 0 5000
short indx is [[   0 3158  712 ... 3621 1129 4240]
 [   1 1053 4509 ... 1289 1828 1477]
 [   2 2849 1094 ...  472  638  710]
 ...
 [4997 4261 4605 ... 1066 2199 1708]
 [4998 2543 4877 ... 1400 3474 4424]
 [4999 4403 3043 ... 3920  695 2079]]
Scaled residual std at t=82: [3.15016249 2.26588178 2.28063118]
start_idx is 0; end_idx is 5000
this is 0 times / overall 2000 times
this is 100 times / overall 2000 times
this is 200 times / overall 2000 times
this is 300 times / overall 2000 times
this is 400 times / overall 2000 times
this is 500 times / overall 2000 times
this is 600 times / overall 2000 times
this is 700 times / overall 2000 times
this is 800 times / overall 2000 times
this is 900 times / overall 2000 times
this is 1000 times / overall 2000 times
this is 1100 times / overall 2000 times
this is 1200 times / overall 2000 times
this is 1300 times / overall 2000 times
this is 1400 times / overall 2000 times
this is 1500 times / overall 2000 times
this is 1600 times / overall 2000 times
this is 1700 times / overall 2000 times
this is 1800 times / overall 2000 times
this is 1900 times / overall 2000 times
this is 82 times which has already done.
----------------------------------------------------------------------------------------------------
this is 83 times / overall 1000 times
1.575432020836989 1.116732588444432 1.1095602873144361
----------------------------------------------------------------------------------------------------
find index iteration: 0 5000
short indx is [[   0 3342  945 ...  720 3350 2742]
 [   1 1053 4509 ... 4673 3483 3365]
 [   2 4279 4277 ... 2421 3520 4134]
 ...
 [4997 4261 2996 ... 4342 1023 3721]
 [4998 2010 3035 ... 3268 3279 1576]
 [4999 4934 4403 ... 3359 1316 2743]]
Scaled residual std at t=83: [3.15086404 2.23346518 2.21912057]
start_idx is 0; end_idx is 5000
this is 0 times / overall 2000 times
this is 100 times / overall 2000 times
this is 200 times / overall 2000 times
this is 300 times / overall 2000 times
this is 400 times / overall 2000 times
this is 500 times / overall 2000 times
this is 600 times / overall 2000 times
this is 700 times / overall 2000 times
this is 800 times / overall 2000 times
this is 900 times / overall 2000 times
this is 1000 times / overall 2000 times
this is 1100 times / overall 2000 times
this is 1200 times / overall 2000 times
this is 1300 times / overall 2000 times
this is 1400 times / overall 2000 times
this is 1500 times / overall 2000 times
this is 1600 times / overall 2000 times
this is 1700 times / overall 2000 times
this is 1800 times / overall 2000 times
this is 1900 times / overall 2000 times
this is 83 times which has already done.
----------------------------------------------------------------------------------------------------
this is 84 times / overall 1000 times
1.5611813219267763 1.1159504323493488 1.1226707121512376
----------------------------------------------------------------------------------------------------
find index iteration: 0 5000
short indx is [[   0 2875  945 ... 4185 3838 1987]
 [   1 3953 4119 ... 3632  262 4399]
 [   2  678 1273 ... 1583  361 3915]
 ...
 [4997 3876 4605 ...  711  738  970]
 [4998 2267 3472 ... 4654  428 3867]
 [4999 4934 3043 ... 3718 3061 1414]]
Scaled residual std at t=84: [3.12236264 2.23190086 2.24534142]
start_idx is 0; end_idx is 5000
this is 0 times / overall 2000 times
this is 100 times / overall 2000 times
this is 200 times / overall 2000 times
this is 300 times / overall 2000 times
this is 400 times / overall 2000 times
this is 500 times / overall 2000 times
this is 600 times / overall 2000 times
this is 700 times / overall 2000 times
this is 800 times / overall 2000 times
this is 900 times / overall 2000 times
this is 1000 times / overall 2000 times
this is 1100 times / overall 2000 times
this is 1200 times / overall 2000 times
this is 1300 times / overall 2000 times
this is 1400 times / overall 2000 times
this is 1500 times / overall 2000 times
this is 1600 times / overall 2000 times
this is 1700 times / overall 2000 times
this is 1800 times / overall 2000 times
this is 1900 times / overall 2000 times
this is 84 times which has already done.
----------------------------------------------------------------------------------------------------
this is 85 times / overall 1000 times
1.5509468955802803 1.117753502420567 1.0870601252641818
----------------------------------------------------------------------------------------------------
find index iteration: 0 5000
short indx is [[   0 2875 1904 ... 1462 1000 3445]
 [   1 3953 1053 ...  724 3347 2487]
 [   2 1928 2780 ... 1026  909 1577]
 ...
 [4997 3574 1290 ... 2944  950  451]
 [4998 2900  861 ... 3681 2595 4096]
 [4999 1441 2454 ...  526    5 2444]]
Scaled residual std at t=85: [3.10189379 2.235507   2.17412025]
start_idx is 0; end_idx is 5000
this is 0 times / overall 2000 times
this is 100 times / overall 2000 times
this is 200 times / overall 2000 times
this is 300 times / overall 2000 times
this is 400 times / overall 2000 times
this is 500 times / overall 2000 times
this is 600 times / overall 2000 times
this is 700 times / overall 2000 times
this is 800 times / overall 2000 times
this is 900 times / overall 2000 times
this is 1000 times / overall 2000 times
this is 1100 times / overall 2000 times
this is 1200 times / overall 2000 times
this is 1300 times / overall 2000 times
this is 1400 times / overall 2000 times
this is 1500 times / overall 2000 times
this is 1600 times / overall 2000 times
this is 1700 times / overall 2000 times
this is 1800 times / overall 2000 times
this is 1900 times / overall 2000 times
this is 85 times which has already done.
----------------------------------------------------------------------------------------------------
this is 86 times / overall 1000 times
1.5686114425004494 1.1281278253723674 1.1066476624746557
----------------------------------------------------------------------------------------------------
find index iteration: 0 5000
short indx is [[   0 1850 1018 ... 4356 1331 3244]
 [   1 1053 3953 ... 1761 2208 1262]
 [   2 2780 3712 ...  669  706 3897]
 ...
 [4997 3876 1290 ...  776 3121 2745]
 [4998 2101 1398 ... 4350 2337  853]
 [4999 1441 4759 ... 3024 4560  418]]
Scaled residual std at t=86: [3.13722289 2.25625565 2.21329532]
start_idx is 0; end_idx is 5000
this is 0 times / overall 2000 times
this is 100 times / overall 2000 times
this is 200 times / overall 2000 times
this is 300 times / overall 2000 times
this is 400 times / overall 2000 times
this is 500 times / overall 2000 times
this is 600 times / overall 2000 times
this is 700 times / overall 2000 times
this is 800 times / overall 2000 times
this is 900 times / overall 2000 times
this is 1000 times / overall 2000 times
this is 1100 times / overall 2000 times
this is 1200 times / overall 2000 times
this is 1300 times / overall 2000 times
this is 1400 times / overall 2000 times
this is 1500 times / overall 2000 times
this is 1600 times / overall 2000 times
this is 1700 times / overall 2000 times
this is 1800 times / overall 2000 times
this is 1900 times / overall 2000 times
this is 86 times which has already done.
----------------------------------------------------------------------------------------------------
this is 87 times / overall 1000 times
1.6013497623853186 1.1269758313678846 1.1238077765722456
----------------------------------------------------------------------------------------------------
find index iteration: 0 5000
short indx is [[   0 1018  132 ... 4262 1807 3959]
 [   1 1053 4119 ... 4858 3930 3491]
 [   2 2069 2914 ... 3314 3593  395]
 ...
 [4997 3574 4383 ... 2446  479 3535]
 [4998 1288 4384 ... 3511 3098 3583]
 [4999 2984 3342 ...  578 1019 4225]]
Scaled residual std at t=87: [3.20269952 2.25395166 2.24761555]
start_idx is 0; end_idx is 5000
this is 0 times / overall 2000 times
this is 100 times / overall 2000 times
this is 200 times / overall 2000 times
this is 300 times / overall 2000 times
this is 400 times / overall 2000 times
this is 500 times / overall 2000 times
this is 600 times / overall 2000 times
this is 700 times / overall 2000 times
this is 800 times / overall 2000 times
this is 900 times / overall 2000 times
this is 1000 times / overall 2000 times
this is 1100 times / overall 2000 times
this is 1200 times / overall 2000 times
this is 1300 times / overall 2000 times
this is 1400 times / overall 2000 times
this is 1500 times / overall 2000 times
this is 1600 times / overall 2000 times
this is 1700 times / overall 2000 times
this is 1800 times / overall 2000 times
this is 1900 times / overall 2000 times
this is 87 times which has already done.
----------------------------------------------------------------------------------------------------
this is 88 times / overall 1000 times
1.5809526145922803 1.1164233131510015 1.1209942842686722
----------------------------------------------------------------------------------------------------
find index iteration: 0 5000
short indx is [[   0 4829 1376 ... 1987    2 2747]
 [   1 1053 3953 ...  766  649 1882]
 [   2  903 4413 ... 4574  446 1770]
 ...
 [4997 3319  314 ... 3496 3102 4919]
 [4998  455  310 ... 3982  244 3947]
 [4999 3342 2984 ... 4281  585  135]]
Scaled residual std at t=88: [3.16190523 2.23284663 2.24198857]
start_idx is 0; end_idx is 5000
this is 0 times / overall 2000 times
this is 100 times / overall 2000 times
this is 200 times / overall 2000 times
this is 300 times / overall 2000 times
this is 400 times / overall 2000 times
this is 500 times / overall 2000 times
this is 600 times / overall 2000 times
this is 700 times / overall 2000 times
this is 800 times / overall 2000 times
this is 900 times / overall 2000 times
this is 1000 times / overall 2000 times
this is 1100 times / overall 2000 times
this is 1200 times / overall 2000 times
this is 1300 times / overall 2000 times
this is 1400 times / overall 2000 times
this is 1500 times / overall 2000 times
this is 1600 times / overall 2000 times
this is 1700 times / overall 2000 times
this is 1800 times / overall 2000 times
this is 1900 times / overall 2000 times
this is 88 times which has already done.
----------------------------------------------------------------------------------------------------
this is 89 times / overall 1000 times
1.5727673308309078 1.1185256250267717 1.1244406206815865
----------------------------------------------------------------------------------------------------
find index iteration: 0 5000
short indx is [[   0 4829 1376 ... 1854 3665   41]
 [   1 1053 2017 ...  868 1886 1876]
 [   2 1151 4538 ...  101 2253 1825]
 ...
 [4997 3319 1228 ...  794 1989 2315]
 [4998 2956 1409 ... 4606 1521 1924]
 [4999 3207 1195 ... 2279 3126 4987]]
Scaled residual std at t=89: [3.14553466 2.23705125 2.24888124]
start_idx is 0; end_idx is 5000
this is 0 times / overall 2000 times
this is 100 times / overall 2000 times
this is 200 times / overall 2000 times
this is 300 times / overall 2000 times
this is 400 times / overall 2000 times
this is 500 times / overall 2000 times
this is 600 times / overall 2000 times
this is 700 times / overall 2000 times
this is 800 times / overall 2000 times
this is 900 times / overall 2000 times
this is 1000 times / overall 2000 times
this is 1100 times / overall 2000 times
this is 1200 times / overall 2000 times
this is 1300 times / overall 2000 times
this is 1400 times / overall 2000 times
this is 1500 times / overall 2000 times
this is 1600 times / overall 2000 times
this is 1700 times / overall 2000 times
this is 1800 times / overall 2000 times
this is 1900 times / overall 2000 times
this is 89 times which has already done.
----------------------------------------------------------------------------------------------------
this is 90 times / overall 1000 times
1.581823701140322 1.1309517128882243 1.1107956686504512
----------------------------------------------------------------------------------------------------
find index iteration: 0 5000
short indx is [[   0 3043 4829 ... 2914 3041 4747]
 [   1 2017 1053 ... 4723  332 1255]
 [   2 1151 3436 ... 4571 1224 3814]
 ...
 [4997 2563 1380 ... 2502 3389 3520]
 [4998 2839 1083 ... 2023 2598  520]
 [4999 3207 3109 ...  812 4152 1020]]
Scaled residual std at t=90: [3.1636474  2.26190343 2.22159134]
start_idx is 0; end_idx is 5000
this is 0 times / overall 2000 times
this is 100 times / overall 2000 times
this is 200 times / overall 2000 times
this is 300 times / overall 2000 times
this is 400 times / overall 2000 times
this is 500 times / overall 2000 times
this is 600 times / overall 2000 times
this is 700 times / overall 2000 times
this is 800 times / overall 2000 times
this is 900 times / overall 2000 times
this is 1000 times / overall 2000 times
this is 1100 times / overall 2000 times
this is 1200 times / overall 2000 times
this is 1300 times / overall 2000 times
this is 1400 times / overall 2000 times
this is 1500 times / overall 2000 times
this is 1600 times / overall 2000 times
this is 1700 times / overall 2000 times
this is 1800 times / overall 2000 times
this is 1900 times / overall 2000 times
this is 90 times which has already done.
----------------------------------------------------------------------------------------------------
this is 91 times / overall 1000 times
1.592012299122379 1.1085366559940872 1.1041275713042218
----------------------------------------------------------------------------------------------------
find index iteration: 0 5000
short indx is [[   0 1114 3043 ... 2388 3514 3649]
 [   1 2017 1053 ... 4134 2922 1737]
 [   2 2258 4446 ... 4161 3941 4623]
 ...
 [4997 2369 3364 ... 2164 3418 2442]
 [4998 3205 2643 ... 2277 1273 2018]
 [4999 3109 3072 ... 2622 4853  252]]
Scaled residual std at t=91: [3.1840246  2.21707331 2.20825514]
start_idx is 0; end_idx is 5000
this is 0 times / overall 2000 times
this is 100 times / overall 2000 times
this is 200 times / overall 2000 times
this is 300 times / overall 2000 times
this is 400 times / overall 2000 times
this is 500 times / overall 2000 times
this is 600 times / overall 2000 times
this is 700 times / overall 2000 times
this is 800 times / overall 2000 times
this is 900 times / overall 2000 times
this is 1000 times / overall 2000 times
this is 1100 times / overall 2000 times
this is 1200 times / overall 2000 times
this is 1300 times / overall 2000 times
this is 1400 times / overall 2000 times
this is 1500 times / overall 2000 times
this is 1600 times / overall 2000 times
this is 1700 times / overall 2000 times
this is 1800 times / overall 2000 times
this is 1900 times / overall 2000 times
this is 91 times which has already done.
----------------------------------------------------------------------------------------------------
this is 92 times / overall 1000 times
1.584057060137844 1.1147756382514238 1.136955722931612
----------------------------------------------------------------------------------------------------
find index iteration: 0 5000
short indx is [[   0 1114 2454 ... 1354 2096 4877]
 [   1 2120  429 ... 3288 1049 4976]
 [   2 2944 2137 ... 3992  169 2356]
 ...
 [4997 2563 2369 ... 2704 4112 2163]
 [4998 2050   89 ...  457 4086 1554]
 [4999 3452  467 ... 4691 4465 4870]]
Scaled residual std at t=92: [3.16811412 2.22955128 2.27391145]
start_idx is 0; end_idx is 5000
this is 0 times / overall 2000 times
this is 100 times / overall 2000 times
this is 200 times / overall 2000 times
this is 300 times / overall 2000 times
this is 400 times / overall 2000 times
this is 500 times / overall 2000 times
this is 600 times / overall 2000 times
this is 700 times / overall 2000 times
this is 800 times / overall 2000 times
this is 900 times / overall 2000 times
this is 1000 times / overall 2000 times
this is 1100 times / overall 2000 times
this is 1200 times / overall 2000 times
this is 1300 times / overall 2000 times
this is 1400 times / overall 2000 times
this is 1500 times / overall 2000 times
this is 1600 times / overall 2000 times
this is 1700 times / overall 2000 times
this is 1800 times / overall 2000 times
this is 1900 times / overall 2000 times
this is 92 times which has already done.
----------------------------------------------------------------------------------------------------
this is 93 times / overall 1000 times
1.5657613458647095 1.1182838269195094 1.121429089762983
----------------------------------------------------------------------------------------------------
find index iteration: 0 5000
short indx is [[   0 2676 3043 ... 1131 1063  491]
 [   1  429  265 ... 1583   64 2908]
 [   2 2944   93 ... 1112 4010 1415]
 ...
 [4997  197  920 ... 4894 1426 2979]
 [4998 2050 1613 ... 4572 2256 4094]
 [4999  355 3720 ...  643  179 3096]]
Scaled residual std at t=93: [3.13152269 2.23656765 2.24285818]
start_idx is 0; end_idx is 5000
this is 0 times / overall 2000 times
this is 100 times / overall 2000 times
this is 200 times / overall 2000 times
this is 300 times / overall 2000 times
this is 400 times / overall 2000 times
this is 500 times / overall 2000 times
this is 600 times / overall 2000 times
this is 700 times / overall 2000 times
this is 800 times / overall 2000 times
this is 900 times / overall 2000 times
this is 1000 times / overall 2000 times
this is 1100 times / overall 2000 times
this is 1200 times / overall 2000 times
this is 1300 times / overall 2000 times
this is 1400 times / overall 2000 times
this is 1500 times / overall 2000 times
this is 1600 times / overall 2000 times
this is 1700 times / overall 2000 times
this is 1800 times / overall 2000 times
this is 1900 times / overall 2000 times
this is 93 times which has already done.
----------------------------------------------------------------------------------------------------
this is 94 times / overall 1000 times
1.599441457214147 1.1057039506539916 1.1075469757377736
----------------------------------------------------------------------------------------------------
find index iteration: 0 5000
short indx is [[   0 3043 2676 ...  577 4760 2712]
 [   1 4895  429 ... 1658  701 4930]
 [   2 2944 3262 ... 1487 2102 4607]
 ...
 [4997 4261  920 ...    2 3506 1835]
 [4998 2618 1048 ... 3326 2504 4679]
 [4999  355 2108 ...  147 2402 4786]]
Scaled residual std at t=94: [3.19888291 2.2114079  2.21509395]
start_idx is 0; end_idx is 5000
this is 0 times / overall 2000 times
this is 100 times / overall 2000 times
this is 200 times / overall 2000 times
this is 300 times / overall 2000 times
this is 400 times / overall 2000 times
this is 500 times / overall 2000 times
this is 600 times / overall 2000 times
this is 700 times / overall 2000 times
this is 800 times / overall 2000 times
this is 900 times / overall 2000 times
this is 1000 times / overall 2000 times
this is 1100 times / overall 2000 times
this is 1200 times / overall 2000 times
this is 1300 times / overall 2000 times
this is 1400 times / overall 2000 times
this is 1500 times / overall 2000 times
this is 1600 times / overall 2000 times
this is 1700 times / overall 2000 times
this is 1800 times / overall 2000 times
this is 1900 times / overall 2000 times
this is 94 times which has already done.
----------------------------------------------------------------------------------------------------
this is 95 times / overall 1000 times
1.539167702560226 1.1234951091619805 1.1194274744515644
----------------------------------------------------------------------------------------------------
find index iteration: 0 5000
short indx is [[   0 4807 3226 ... 3866  282 4437]
 [   1  429 4895 ... 1658 3824 1753]
 [   2 2380 2944 ... 3758 1255 3554]
 ...
 [4997 2706 4261 ... 1626  454 2831]
 [4998 3412 1417 ... 3805 4689 4409]
 [4999  355 3680 ... 1031 1749 1383]]
Scaled residual std at t=95: [3.07833541 2.24699022 2.23885495]
start_idx is 0; end_idx is 5000
this is 0 times / overall 2000 times
this is 100 times / overall 2000 times
this is 200 times / overall 2000 times
this is 300 times / overall 2000 times
this is 400 times / overall 2000 times
this is 500 times / overall 2000 times
this is 600 times / overall 2000 times
this is 700 times / overall 2000 times
this is 800 times / overall 2000 times
this is 900 times / overall 2000 times
this is 1000 times / overall 2000 times
this is 1100 times / overall 2000 times
this is 1200 times / overall 2000 times
this is 1300 times / overall 2000 times
this is 1400 times / overall 2000 times
this is 1500 times / overall 2000 times
this is 1600 times / overall 2000 times
this is 1700 times / overall 2000 times
this is 1800 times / overall 2000 times
this is 1900 times / overall 2000 times
this is 95 times which has already done.
----------------------------------------------------------------------------------------------------
this is 96 times / overall 1000 times
1.5718288960634355 1.1243941573191545 1.1156992445774983
----------------------------------------------------------------------------------------------------
find index iteration: 0 5000
short indx is [[   0 1050  550 ... 1854 2708 2147]
 [   1  429 4895 ... 2098  578  255]
 [   2 2380 2944 ...  258 1256 3347]
 ...
 [4997  197 1520 ...  633 1212  162]
 [4998 2618 4170 ... 2460 4849 2331]
 [4999 3720 3155 ... 1551 1573 2113]]
Scaled residual std at t=96: [3.14365779 2.24878831 2.23139849]
start_idx is 0; end_idx is 5000
this is 0 times / overall 2000 times
this is 100 times / overall 2000 times
this is 200 times / overall 2000 times
this is 300 times / overall 2000 times
this is 400 times / overall 2000 times
this is 500 times / overall 2000 times
this is 600 times / overall 2000 times
this is 700 times / overall 2000 times
this is 800 times / overall 2000 times
this is 900 times / overall 2000 times
this is 1000 times / overall 2000 times
this is 1100 times / overall 2000 times
this is 1200 times / overall 2000 times
this is 1300 times / overall 2000 times
this is 1400 times / overall 2000 times
this is 1500 times / overall 2000 times
this is 1600 times / overall 2000 times
this is 1700 times / overall 2000 times
this is 1800 times / overall 2000 times
this is 1900 times / overall 2000 times
this is 96 times which has already done.
----------------------------------------------------------------------------------------------------
this is 97 times / overall 1000 times
1.5874729309254354 1.1238427024295805 1.1241648511768372
----------------------------------------------------------------------------------------------------
find index iteration: 0 5000
short indx is [[   0 4403 3226 ... 1436 3841 1113]
 [   1  429 4895 ... 4141 2298 4178]
 [   2 3363 3799 ... 2931 3706 1708]
 ...
 [4997 1545  607 ...  679 4055  358]
 [4998 2618 3328 ... 3274 1378 2756]
 [4999 4629 2764 ... 1092 1559  279]]
Scaled residual std at t=97: [3.17494586 2.2476854  2.2483297 ]
start_idx is 0; end_idx is 5000
this is 0 times / overall 2000 times
this is 100 times / overall 2000 times
this is 200 times / overall 2000 times
this is 300 times / overall 2000 times
this is 400 times / overall 2000 times
this is 500 times / overall 2000 times
this is 600 times / overall 2000 times
this is 700 times / overall 2000 times
this is 800 times / overall 2000 times
this is 900 times / overall 2000 times
this is 1000 times / overall 2000 times
this is 1100 times / overall 2000 times
this is 1200 times / overall 2000 times
this is 1300 times / overall 2000 times
this is 1400 times / overall 2000 times
this is 1500 times / overall 2000 times
this is 1600 times / overall 2000 times
this is 1700 times / overall 2000 times
this is 1800 times / overall 2000 times
this is 1900 times / overall 2000 times
this is 97 times which has already done.
----------------------------------------------------------------------------------------------------
this is 98 times / overall 1000 times
1.5926095257864554 1.122206265460471 1.1220806664042895
----------------------------------------------------------------------------------------------------
find index iteration: 0 5000
short indx is [[   0 3226 4153 ... 4946 1951  892]
 [   1  429 4895 ...  302 1091  711]
 [   2 3799  957 ... 3214 1497 1464]
 ...
 [4997 2877 1545 ... 2979 3360 4278]
 [4998 3328 4800 ... 2459 1639 1075]
 [4999 4629 4154 ... 2458 4505 2447]]
Scaled residual std at t=98: [3.18521905 2.24441253 2.24416133]
start_idx is 0; end_idx is 5000
this is 0 times / overall 2000 times
this is 100 times / overall 2000 times
this is 200 times / overall 2000 times
this is 300 times / overall 2000 times
this is 400 times / overall 2000 times
this is 500 times / overall 2000 times
this is 600 times / overall 2000 times
this is 700 times / overall 2000 times
this is 800 times / overall 2000 times
this is 900 times / overall 2000 times
this is 1000 times / overall 2000 times
this is 1100 times / overall 2000 times
this is 1200 times / overall 2000 times
this is 1300 times / overall 2000 times
this is 1400 times / overall 2000 times
this is 1500 times / overall 2000 times
this is 1600 times / overall 2000 times
this is 1700 times / overall 2000 times
this is 1800 times / overall 2000 times
this is 1900 times / overall 2000 times
this is 98 times which has already done.
----------------------------------------------------------------------------------------------------
this is 99 times / overall 1000 times
1.5671870829753238 1.1186449557564826 1.1219756456303442
----------------------------------------------------------------------------------------------------
find index iteration: 0 5000
short indx is [[   0 3226 3043 ... 1612 1171 4524]
 [   1  429 2244 ... 4585 1369  462]
 [   2 4689  294 ... 4465  385 1310]
 ...
 [4997  977 2877 ... 2266 3483  872]
 [4998 4188 4385 ... 1639 4776 4644]
 [4999 4154 4629 ... 4480 3353  751]]
Scaled residual std at t=99: [3.13437417 2.23728991 2.24395129]
start_idx is 0; end_idx is 5000
this is 0 times / overall 2000 times
this is 100 times / overall 2000 times
this is 200 times / overall 2000 times
this is 300 times / overall 2000 times
this is 400 times / overall 2000 times
this is 500 times / overall 2000 times
this is 600 times / overall 2000 times
this is 700 times / overall 2000 times
this is 800 times / overall 2000 times
this is 900 times / overall 2000 times
this is 1000 times / overall 2000 times
this is 1100 times / overall 2000 times
this is 1200 times / overall 2000 times
this is 1300 times / overall 2000 times
this is 1400 times / overall 2000 times
this is 1500 times / overall 2000 times
this is 1600 times / overall 2000 times
this is 1700 times / overall 2000 times
this is 1800 times / overall 2000 times
this is 1900 times / overall 2000 times
this is 99 times which has already done.
----------------------------------------------------------------------------------------------------
this is 100 times / overall 1000 times
1.604119393719911 1.1190567828450604 1.1122488235725
----------------------------------------------------------------------------------------------------
find index iteration: 0 5000
short indx is [[   0 3750 3226 ... 4573 3893  905]
 [   1 2244  429 ...  785  587 3162]
 [   2 3799  286 ... 4813 4256 3964]
 ...
 [4997 1248 1736 ... 3525 3728 3629]
 [4998 1417 4991 ... 3331 1239 3917]
 [4999 4629 4153 ... 1617 3913  434]]
Scaled residual std at t=100: [3.20823879 2.23811357 2.22449765]
start_idx is 0; end_idx is 5000
this is 0 times / overall 2000 times
this is 100 times / overall 2000 times
this is 200 times / overall 2000 times
this is 300 times / overall 2000 times
this is 400 times / overall 2000 times
this is 500 times / overall 2000 times
this is 600 times / overall 2000 times
this is 700 times / overall 2000 times
this is 800 times / overall 2000 times
this is 900 times / overall 2000 times
this is 1000 times / overall 2000 times
this is 1100 times / overall 2000 times
this is 1200 times / overall 2000 times
this is 1300 times / overall 2000 times
this is 1400 times / overall 2000 times
this is 1500 times / overall 2000 times
this is 1600 times / overall 2000 times
this is 1700 times / overall 2000 times
this is 1800 times / overall 2000 times
this is 1900 times / overall 2000 times
this is 100 times which has already done.
----------------------------------------------------------------------------------------------------
this is 101 times / overall 1000 times
1.5917363630217556 1.1197032250039094 1.1117279188406288
----------------------------------------------------------------------------------------------------
find index iteration: 0 5000
short indx is [[   0 3226 2697 ... 3422 4838 1332]
 [   1 4895 2244 ... 4658 1940 3139]
 [   2  179 4666 ... 3322 3237 1235]
 ...
 [4997  505 4785 ... 3329 4454  760]
 [4998 4145 3997 ...  746 4493 2281]
 [4999 2448 2078 ... 3752 1137 3878]]
Scaled residual std at t=101: [3.18347273 2.23940645 2.22345584]
start_idx is 0; end_idx is 5000
this is 0 times / overall 2000 times
this is 100 times / overall 2000 times
this is 200 times / overall 2000 times
this is 300 times / overall 2000 times
this is 400 times / overall 2000 times
this is 500 times / overall 2000 times
this is 600 times / overall 2000 times
this is 700 times / overall 2000 times
this is 800 times / overall 2000 times
this is 900 times / overall 2000 times
this is 1000 times / overall 2000 times
this is 1100 times / overall 2000 times
this is 1200 times / overall 2000 times
this is 1300 times / overall 2000 times
this is 1400 times / overall 2000 times
this is 1500 times / overall 2000 times
this is 1600 times / overall 2000 times
this is 1700 times / overall 2000 times
this is 1800 times / overall 2000 times
this is 1900 times / overall 2000 times
this is 101 times which has already done.
----------------------------------------------------------------------------------------------------
this is 102 times / overall 1000 times
1.5689438123707802 1.1219768418738159 1.1234604791219982
----------------------------------------------------------------------------------------------------
find index iteration: 0 5000
short indx is [[   0 3226 3452 ... 1120 2654 3241]
 [   1 4895 1053 ... 4049 2127 2921]
 [   2 4666 3548 ... 4904 4326 2572]
 ...
 [4997 3723  505 ... 1884 4442 1508]
 [4998  121 1417 ...  508 2461 3835]
 [4999 4153 1946 ... 4298  492 3636]]
Scaled residual std at t=102: [3.13788762 2.24395368 2.24692096]
start_idx is 0; end_idx is 5000
this is 0 times / overall 2000 times
this is 100 times / overall 2000 times
this is 200 times / overall 2000 times
this is 300 times / overall 2000 times
this is 400 times / overall 2000 times
this is 500 times / overall 2000 times
this is 600 times / overall 2000 times
this is 700 times / overall 2000 times
this is 800 times / overall 2000 times
this is 900 times / overall 2000 times
this is 1000 times / overall 2000 times
this is 1100 times / overall 2000 times
this is 1200 times / overall 2000 times
this is 1300 times / overall 2000 times
this is 1400 times / overall 2000 times
this is 1500 times / overall 2000 times
this is 1600 times / overall 2000 times
this is 1700 times / overall 2000 times
this is 1800 times / overall 2000 times
this is 1900 times / overall 2000 times
this is 102 times which has already done.
----------------------------------------------------------------------------------------------------
this is 103 times / overall 1000 times
1.5861407528740172 1.1372145084381267 1.1047514798445
----------------------------------------------------------------------------------------------------
find index iteration: 0 5000
short indx is [[   0 3226 3452 ... 2473 3679 4704]
 [   1 4895 2252 ... 3654 3763  838]
 [   2 3874 3548 ... 4209 3850  267]
 ...
 [4997 3723 2729 ...  663 2545 1393]
 [4998 1961 1710 ...  214 1036 1797]
 [4999  701 4153 ...  980 2600 1448]]
Scaled residual std at t=103: [3.17228151 2.27442902 2.20950296]
start_idx is 0; end_idx is 5000
this is 0 times / overall 2000 times
this is 100 times / overall 2000 times
this is 200 times / overall 2000 times
this is 300 times / overall 2000 times
this is 400 times / overall 2000 times
this is 500 times / overall 2000 times
this is 600 times / overall 2000 times
this is 700 times / overall 2000 times
this is 800 times / overall 2000 times
this is 900 times / overall 2000 times
this is 1000 times / overall 2000 times
this is 1100 times / overall 2000 times
this is 1200 times / overall 2000 times
this is 1300 times / overall 2000 times
this is 1400 times / overall 2000 times
this is 1500 times / overall 2000 times
this is 1600 times / overall 2000 times
this is 1700 times / overall 2000 times
this is 1800 times / overall 2000 times
this is 1900 times / overall 2000 times
this is 103 times which has already done.
----------------------------------------------------------------------------------------------------
this is 104 times / overall 1000 times
1.5929052662670453 1.1181673673667865 1.1103593543435912
----------------------------------------------------------------------------------------------------
find index iteration: 0 5000
short indx is [[   0 3226 3452 ...  224 3229 1398]
 [   1 4895 2244 ... 2276  687 1621]
 [   2 3874 2745 ... 4176  108  800]
 ...
 [4997  475  658 ... 1789 2704 2299]
 [4998  656 4914 ... 1460  729 3934]
 [4999 4629  139 ... 4651 2328  860]]
Scaled residual std at t=104: [3.18581053 2.23633473 2.22071871]
start_idx is 0; end_idx is 5000
this is 0 times / overall 2000 times
this is 100 times / overall 2000 times
this is 200 times / overall 2000 times
this is 300 times / overall 2000 times
this is 400 times / overall 2000 times
this is 500 times / overall 2000 times
this is 600 times / overall 2000 times
this is 700 times / overall 2000 times
this is 800 times / overall 2000 times
this is 900 times / overall 2000 times
this is 1000 times / overall 2000 times
this is 1100 times / overall 2000 times
this is 1200 times / overall 2000 times
this is 1300 times / overall 2000 times
this is 1400 times / overall 2000 times
this is 1500 times / overall 2000 times
this is 1600 times / overall 2000 times
this is 1700 times / overall 2000 times
this is 1800 times / overall 2000 times
this is 1900 times / overall 2000 times
this is 104 times which has already done.
----------------------------------------------------------------------------------------------------
this is 105 times / overall 1000 times
1.5672233345800612 1.1142201666070408 1.115893922190548
----------------------------------------------------------------------------------------------------
find index iteration: 0 5000
short indx is [[   0 2158 3452 ... 4748 1104 2824]
 [   1 4895 2244 ...  212 4114  675]
 [   2 3548 3799 ... 4991 4477  176]
 ...
 [4997   66  626 ... 2200 3636  684]
 [4998 4914 1710 ... 2510  553 2215]
 [4999  701 2153 ... 2611 4071 4324]]
Scaled residual std at t=105: [3.13444667 2.22844033 2.23178784]
start_idx is 0; end_idx is 5000
this is 0 times / overall 2000 times
this is 100 times / overall 2000 times
this is 200 times / overall 2000 times
this is 300 times / overall 2000 times
this is 400 times / overall 2000 times
this is 500 times / overall 2000 times
this is 600 times / overall 2000 times
this is 700 times / overall 2000 times
this is 800 times / overall 2000 times
this is 900 times / overall 2000 times
this is 1000 times / overall 2000 times
this is 1100 times / overall 2000 times
this is 1200 times / overall 2000 times
this is 1300 times / overall 2000 times
this is 1400 times / overall 2000 times
this is 1500 times / overall 2000 times
this is 1600 times / overall 2000 times
this is 1700 times / overall 2000 times
this is 1800 times / overall 2000 times
this is 1900 times / overall 2000 times
this is 105 times which has already done.
----------------------------------------------------------------------------------------------------
this is 106 times / overall 1000 times
1.5847779810647882 1.1253806512654974 1.1212825233184187
----------------------------------------------------------------------------------------------------
find index iteration: 0 5000
short indx is [[   0 2158 3720 ... 3984 4632  677]
 [   1 4895 2244 ... 4524 3721  721]
 [   2  541 1943 ... 1604 1642 2515]
 ...
 [4997 4725 1950 ... 3142 4041 1617]
 [4998 1710 4873 ... 1357  472 2389]
 [4999 1946 4629 ... 3511 4023 2638]]
Scaled residual std at t=106: [3.16955596 2.2507613  2.24256505]
start_idx is 0; end_idx is 5000
this is 0 times / overall 2000 times
this is 100 times / overall 2000 times
this is 200 times / overall 2000 times
this is 300 times / overall 2000 times
this is 400 times / overall 2000 times
this is 500 times / overall 2000 times
this is 600 times / overall 2000 times
this is 700 times / overall 2000 times
this is 800 times / overall 2000 times
this is 900 times / overall 2000 times
this is 1000 times / overall 2000 times
this is 1100 times / overall 2000 times
this is 1200 times / overall 2000 times
this is 1300 times / overall 2000 times
this is 1400 times / overall 2000 times
this is 1500 times / overall 2000 times
this is 1600 times / overall 2000 times
this is 1700 times / overall 2000 times
this is 1800 times / overall 2000 times
this is 1900 times / overall 2000 times
this is 106 times which has already done.
----------------------------------------------------------------------------------------------------
this is 107 times / overall 1000 times
1.583468974015218 1.1103988091022958 1.1328005197129465
----------------------------------------------------------------------------------------------------
find index iteration: 0 5000
short indx is [[   0 3757 2158 ... 3626 1760 2748]
 [   1 4895 2006 ... 2588 2406 1787]
 [   2 1002 1943 ...  766 4911 4478]
 ...
 [4997 4619 2185 ...  575 3285 3746]
 [4998 1710 4873 ...  808 2031 4735]
 [4999 2439  701 ... 2437 4981 4564]]
Scaled residual std at t=107: [3.16693795 2.22079762 2.26560104]
start_idx is 0; end_idx is 5000
this is 0 times / overall 2000 times
this is 100 times / overall 2000 times
this is 200 times / overall 2000 times
this is 300 times / overall 2000 times
this is 400 times / overall 2000 times
this is 500 times / overall 2000 times
this is 600 times / overall 2000 times
this is 700 times / overall 2000 times
this is 800 times / overall 2000 times
this is 900 times / overall 2000 times
this is 1000 times / overall 2000 times
this is 1100 times / overall 2000 times
this is 1200 times / overall 2000 times
this is 1300 times / overall 2000 times
this is 1400 times / overall 2000 times
this is 1500 times / overall 2000 times
this is 1600 times / overall 2000 times
this is 1700 times / overall 2000 times
this is 1800 times / overall 2000 times
this is 1900 times / overall 2000 times
this is 107 times which has already done.
----------------------------------------------------------------------------------------------------
this is 108 times / overall 1000 times
1.5759349384557888 1.1169035812637729 1.1157432934668747
----------------------------------------------------------------------------------------------------
find index iteration: 0 5000
short indx is [[   0 4788 2158 ... 3727 3552  693]
 [   1 4895 2006 ... 1876 1656 2325]
 [   2  200 1943 ... 1216  799 2997]
 ...
 [4997 4619 2185 ...  469  803 3457]
 [4998 2768  121 ... 2522 1848 4672]
 [4999  701 2439 ... 1429 1479  611]]
Scaled residual std at t=108: [3.15186988 2.23380716 2.23148659]
start_idx is 0; end_idx is 5000
this is 0 times / overall 2000 times
this is 100 times / overall 2000 times
this is 200 times / overall 2000 times
this is 300 times / overall 2000 times
this is 400 times / overall 2000 times
this is 500 times / overall 2000 times
this is 600 times / overall 2000 times
this is 700 times / overall 2000 times
this is 800 times / overall 2000 times
this is 900 times / overall 2000 times
this is 1000 times / overall 2000 times
this is 1100 times / overall 2000 times
this is 1200 times / overall 2000 times
this is 1300 times / overall 2000 times
this is 1400 times / overall 2000 times
this is 1500 times / overall 2000 times
this is 1600 times / overall 2000 times
this is 1700 times / overall 2000 times
this is 1800 times / overall 2000 times
this is 1900 times / overall 2000 times
this is 108 times which has already done.
----------------------------------------------------------------------------------------------------
this is 109 times / overall 1000 times
1.6017439560546631 1.0968545507311678 1.125220321830115
----------------------------------------------------------------------------------------------------
find index iteration: 0 5000
short indx is [[   0 4788 1195 ... 1876 4346 2396]
 [   1 4895 2006 ...  632  955 1247]
 [   2 4103 2097 ... 1477 2044 1141]
 ...
 [4997 2581  475 ... 2436 1895 2225]
 [4998 2956 3692 ... 4306 1039 3874]
 [4999  335 3877 ... 3421 4818 3660]]
Scaled residual std at t=109: [3.20348791 2.1937091  2.25044064]
start_idx is 0; end_idx is 5000
this is 0 times / overall 2000 times
this is 100 times / overall 2000 times
this is 200 times / overall 2000 times
this is 300 times / overall 2000 times
this is 400 times / overall 2000 times
this is 500 times / overall 2000 times
this is 600 times / overall 2000 times
this is 700 times / overall 2000 times
this is 800 times / overall 2000 times
this is 900 times / overall 2000 times
this is 1000 times / overall 2000 times
this is 1100 times / overall 2000 times
this is 1200 times / overall 2000 times
this is 1300 times / overall 2000 times
this is 1400 times / overall 2000 times
this is 1500 times / overall 2000 times
this is 1600 times / overall 2000 times
this is 1700 times / overall 2000 times
this is 1800 times / overall 2000 times
this is 1900 times / overall 2000 times
this is 109 times which has already done.
----------------------------------------------------------------------------------------------------
this is 110 times / overall 1000 times
1.6007512248110316 1.1372438212993132 1.1370596032794313
----------------------------------------------------------------------------------------------------
find index iteration: 0 5000
short indx is [[   0 2158  336 ...  987  325 2137]
 [   1 4895 2252 ... 3255 1223 4568]
 [   2 1254 3089 ... 1276 4653 4998]
 ...
 [4997 3686  475 ... 4121  738 2013]
 [4998 2111 2010 ... 1712 1078 4918]
 [4999  701 2968 ... 2527  610 2794]]
Scaled residual std at t=110: [3.20150245 2.27448764 2.27411921]
start_idx is 0; end_idx is 5000
this is 0 times / overall 2000 times
this is 100 times / overall 2000 times
this is 200 times / overall 2000 times
this is 300 times / overall 2000 times
this is 400 times / overall 2000 times
this is 500 times / overall 2000 times
this is 600 times / overall 2000 times
this is 700 times / overall 2000 times
this is 800 times / overall 2000 times
this is 900 times / overall 2000 times
this is 1000 times / overall 2000 times
this is 1100 times / overall 2000 times
this is 1200 times / overall 2000 times
this is 1300 times / overall 2000 times
this is 1400 times / overall 2000 times
this is 1500 times / overall 2000 times
this is 1600 times / overall 2000 times
this is 1700 times / overall 2000 times
this is 1800 times / overall 2000 times
this is 1900 times / overall 2000 times
this is 110 times which has already done.
----------------------------------------------------------------------------------------------------
this is 111 times / overall 1000 times
1.6081027783199902 1.1316546747118144 1.135434667213172
----------------------------------------------------------------------------------------------------
find index iteration: 0 5000
short indx is [[   0 2158 4807 ... 4273 4625  860]
 [   1 4895 2252 ... 3821 1124 3573]
 [   2   55  947 ...  627 3320 4384]
 ...
 [4997  475 1950 ... 4966  113 4035]
 [4998 3472 1961 ... 4835 3312 3901]
 [4999 4733 1764 ... 4983 2467 4486]]
Scaled residual std at t=111: [3.21620556 2.26330935 2.27086933]
start_idx is 0; end_idx is 5000
this is 0 times / overall 2000 times
this is 100 times / overall 2000 times
this is 200 times / overall 2000 times
this is 300 times / overall 2000 times
this is 400 times / overall 2000 times
this is 500 times / overall 2000 times
this is 600 times / overall 2000 times
this is 700 times / overall 2000 times
this is 800 times / overall 2000 times
this is 900 times / overall 2000 times
this is 1000 times / overall 2000 times
this is 1100 times / overall 2000 times
this is 1200 times / overall 2000 times
this is 1300 times / overall 2000 times
this is 1400 times / overall 2000 times
this is 1500 times / overall 2000 times
this is 1600 times / overall 2000 times
this is 1700 times / overall 2000 times
this is 1800 times / overall 2000 times
this is 1900 times / overall 2000 times
this is 111 times which has already done.
----------------------------------------------------------------------------------------------------
this is 112 times / overall 1000 times
1.5548895001969991 1.1367634145350798 1.103587070956106
----------------------------------------------------------------------------------------------------
find index iteration: 0 5000
short indx is [[   0 4807  545 ... 3913 4234 1403]
 [   1 4895 2017 ... 2098   26 1961]
 [   2 2380 4641 ... 4031 4342 3311]
 ...
 [4997 3135 2277 ...  440 2352 4278]
 [4998 2481 3359 ... 4366 1495 3376]
 [4999 1123 4153 ... 3867 3395  852]]
Scaled residual std at t=112: [3.109779   2.27352683 2.20717414]
start_idx is 0; end_idx is 5000
this is 0 times / overall 2000 times
this is 100 times / overall 2000 times
this is 200 times / overall 2000 times
this is 300 times / overall 2000 times
this is 400 times / overall 2000 times
this is 500 times / overall 2000 times
this is 600 times / overall 2000 times
this is 700 times / overall 2000 times
this is 800 times / overall 2000 times
this is 900 times / overall 2000 times
this is 1000 times / overall 2000 times
this is 1100 times / overall 2000 times
this is 1200 times / overall 2000 times
this is 1300 times / overall 2000 times
this is 1400 times / overall 2000 times
this is 1500 times / overall 2000 times
this is 1600 times / overall 2000 times
this is 1700 times / overall 2000 times
this is 1800 times / overall 2000 times
this is 1900 times / overall 2000 times
this is 112 times which has already done.
----------------------------------------------------------------------------------------------------
this is 113 times / overall 1000 times
1.5792871847639283 1.1042000689076414 1.1014735545150616
----------------------------------------------------------------------------------------------------
find index iteration: 0 5000
short indx is [[   0  545 4807 ...  621 3361  158]
 [   1 4895 2005 ... 1186 2127 3600]
 [   2  292 3797 ... 1855 1559 2292]
 ...
 [4997 3135 3686 ... 3233  747 2951]
 [4998 1012 4418 ...  606 1665  996]
 [4999 3879 4476 ... 3164 3337 1907]]
Scaled residual std at t=113: [3.15857437 2.20840014 2.20294711]
start_idx is 0; end_idx is 5000
this is 0 times / overall 2000 times
this is 100 times / overall 2000 times
this is 200 times / overall 2000 times
this is 300 times / overall 2000 times
this is 400 times / overall 2000 times
this is 500 times / overall 2000 times
this is 600 times / overall 2000 times
this is 700 times / overall 2000 times
this is 800 times / overall 2000 times
this is 900 times / overall 2000 times
this is 1000 times / overall 2000 times
this is 1100 times / overall 2000 times
this is 1200 times / overall 2000 times
this is 1300 times / overall 2000 times
this is 1400 times / overall 2000 times
this is 1500 times / overall 2000 times
this is 1600 times / overall 2000 times
this is 1700 times / overall 2000 times
this is 1800 times / overall 2000 times
this is 1900 times / overall 2000 times
this is 113 times which has already done.
----------------------------------------------------------------------------------------------------
this is 114 times / overall 1000 times
1.5918460253984992 1.1269063524155702 1.1287411569847323
----------------------------------------------------------------------------------------------------
find index iteration: 0 5000
short indx is [[   0 4790 3226 ... 1947  966 4067]
 [   1 4895 2244 ... 1185 1345 4684]
 [   2 3626  124 ... 1489 1811 1344]
 ...
 [4997 4977 2139 ... 3196  119 2459]
 [4998 2929 3359 ... 2892 4197  386]
 [4999  298 2078 ... 2090 3057 4954]]
Scaled residual std at t=114: [3.18369205 2.2538127  2.25748231]
start_idx is 0; end_idx is 5000
this is 0 times / overall 2000 times
this is 100 times / overall 2000 times
this is 200 times / overall 2000 times
this is 300 times / overall 2000 times
this is 400 times / overall 2000 times
this is 500 times / overall 2000 times
this is 600 times / overall 2000 times
this is 700 times / overall 2000 times
this is 800 times / overall 2000 times
this is 900 times / overall 2000 times
this is 1000 times / overall 2000 times
this is 1100 times / overall 2000 times
this is 1200 times / overall 2000 times
this is 1300 times / overall 2000 times
this is 1400 times / overall 2000 times
this is 1500 times / overall 2000 times
this is 1600 times / overall 2000 times
this is 1700 times / overall 2000 times
this is 1800 times / overall 2000 times
this is 1900 times / overall 2000 times
this is 114 times which has already done.
----------------------------------------------------------------------------------------------------
this is 115 times / overall 1000 times
1.614446852735305 1.0930222558931368 1.1287322963599085
----------------------------------------------------------------------------------------------------
find index iteration: 0 5000
short indx is [[   0 2594 1547 ... 3080 4067  425]
 [   1 4895 2244 ... 3944 1399 3346]
 [   2 3325 4475 ... 3133  764 4600]
 ...
 [4997 3335 2139 ... 1184  724 4938]
 [4998 1784 3467 ...  916 1294   74]
 [4999 4141 4688 ... 4707 1755  959]]
Scaled residual std at t=115: [3.22889371 2.18604451 2.25746459]
start_idx is 0; end_idx is 5000
this is 0 times / overall 2000 times
this is 100 times / overall 2000 times
this is 200 times / overall 2000 times
this is 300 times / overall 2000 times
this is 400 times / overall 2000 times
this is 500 times / overall 2000 times
this is 600 times / overall 2000 times
this is 700 times / overall 2000 times
this is 800 times / overall 2000 times
this is 900 times / overall 2000 times
this is 1000 times / overall 2000 times
this is 1100 times / overall 2000 times
this is 1200 times / overall 2000 times
this is 1300 times / overall 2000 times
this is 1400 times / overall 2000 times
this is 1500 times / overall 2000 times
this is 1600 times / overall 2000 times
this is 1700 times / overall 2000 times
this is 1800 times / overall 2000 times
this is 1900 times / overall 2000 times
this is 115 times which has already done.
----------------------------------------------------------------------------------------------------
this is 116 times / overall 1000 times
1.5858869707433136 1.124639399469523 1.142090780242253
----------------------------------------------------------------------------------------------------
find index iteration: 0 5000
short indx is [[   0 2463 1547 ... 3952  631 1588]
 [   1 2005 4895 ... 2083 1858  663]
 [   2 3089 3458 ... 4264 1241 1026]
 ...
 [4997  353  314 ... 3152 3687 2129]
 [4998 3438 4418 ... 3744 3408 4516]
 [4999  159 1805 ... 4035 2606 1790]]
Scaled residual std at t=116: [3.17177394 2.2492788  2.28418156]
start_idx is 0; end_idx is 5000
this is 0 times / overall 2000 times
this is 100 times / overall 2000 times
this is 200 times / overall 2000 times
this is 300 times / overall 2000 times
this is 400 times / overall 2000 times
this is 500 times / overall 2000 times
this is 600 times / overall 2000 times
this is 700 times / overall 2000 times
this is 800 times / overall 2000 times
this is 900 times / overall 2000 times
this is 1000 times / overall 2000 times
this is 1100 times / overall 2000 times
this is 1200 times / overall 2000 times
this is 1300 times / overall 2000 times
this is 1400 times / overall 2000 times
this is 1500 times / overall 2000 times
this is 1600 times / overall 2000 times
this is 1700 times / overall 2000 times
this is 1800 times / overall 2000 times
this is 1900 times / overall 2000 times
this is 116 times which has already done.
----------------------------------------------------------------------------------------------------
this is 117 times / overall 1000 times
1.580695298589935 1.1067139066760496 1.1325464890451635
----------------------------------------------------------------------------------------------------
find index iteration: 0 5000
short indx is [[   0 2463  688 ...  205 1306 4319]
 [   1 4895 2244 ... 2083  628  835]
 [   2 1756 3089 ... 4323  475 2228]
 ...
 [4997 3335  353 ... 2617  738 2225]
 [4998 2929 3359 ...  730 2342 4377]
 [4999  159 1116 ... 1120 1322  398]]
Scaled residual std at t=117: [3.1613906  2.21342781 2.26509298]
start_idx is 0; end_idx is 5000
this is 0 times / overall 2000 times
this is 100 times / overall 2000 times
this is 200 times / overall 2000 times
this is 300 times / overall 2000 times
this is 400 times / overall 2000 times
this is 500 times / overall 2000 times
this is 600 times / overall 2000 times
this is 700 times / overall 2000 times
this is 800 times / overall 2000 times
this is 900 times / overall 2000 times
this is 1000 times / overall 2000 times
this is 1100 times / overall 2000 times
this is 1200 times / overall 2000 times
this is 1300 times / overall 2000 times
this is 1400 times / overall 2000 times
this is 1500 times / overall 2000 times
this is 1600 times / overall 2000 times
this is 1700 times / overall 2000 times
this is 1800 times / overall 2000 times
this is 1900 times / overall 2000 times
this is 117 times which has already done.
----------------------------------------------------------------------------------------------------
this is 118 times / overall 1000 times
1.6080641720634572 1.1375301753884284 1.11267976083125
----------------------------------------------------------------------------------------------------
find index iteration: 0 5000
short indx is [[   0 2463  688 ... 4624 3323 4566]
 [   1 4895 2244 ... 3951 2964 4671]
 [   2 1002 1573 ... 4818 2042 4706]
 ...
 [4997 3335 4554 ... 2186 4305 4149]
 [4998 2111 1954 ...  416 4784 3681]
 [4999  726  159 ... 4177 3950 3284]]
Scaled residual std at t=118: [3.21612834 2.27506035 2.22535952]
start_idx is 0; end_idx is 5000
this is 0 times / overall 2000 times
this is 100 times / overall 2000 times
this is 200 times / overall 2000 times
this is 300 times / overall 2000 times
this is 400 times / overall 2000 times
this is 500 times / overall 2000 times
this is 600 times / overall 2000 times
this is 700 times / overall 2000 times
this is 800 times / overall 2000 times
this is 900 times / overall 2000 times
this is 1000 times / overall 2000 times
this is 1100 times / overall 2000 times
this is 1200 times / overall 2000 times
this is 1300 times / overall 2000 times
this is 1400 times / overall 2000 times
this is 1500 times / overall 2000 times
this is 1600 times / overall 2000 times
this is 1700 times / overall 2000 times
this is 1800 times / overall 2000 times
this is 1900 times / overall 2000 times
this is 118 times which has already done.
----------------------------------------------------------------------------------------------------
this is 119 times / overall 1000 times
1.5850801788101179 1.1081086326995602 1.1075140159299024
----------------------------------------------------------------------------------------------------
find index iteration: 0 5000
short indx is [[   0  688  819 ...  784  462 2341]
 [   1 4895 2244 ... 3975 4188 1792]
 [   2 2460 3325 ... 1337   20 4551]
 ...
 [4997  353 2540 ... 3817 4413  789]
 [4998  420 1601 ...  100 4711  728]
 [4999  159 3225 ...  471 4678 2352]]
Scaled residual std at t=119: [3.17016036 2.21621727 2.21502803]
start_idx is 0; end_idx is 5000
this is 0 times / overall 2000 times
this is 100 times / overall 2000 times
this is 200 times / overall 2000 times
this is 300 times / overall 2000 times
this is 400 times / overall 2000 times
this is 500 times / overall 2000 times
this is 600 times / overall 2000 times
this is 700 times / overall 2000 times
this is 800 times / overall 2000 times
this is 900 times / overall 2000 times
this is 1000 times / overall 2000 times
this is 1100 times / overall 2000 times
this is 1200 times / overall 2000 times
this is 1300 times / overall 2000 times
this is 1400 times / overall 2000 times
this is 1500 times / overall 2000 times
this is 1600 times / overall 2000 times
this is 1700 times / overall 2000 times
this is 1800 times / overall 2000 times
this is 1900 times / overall 2000 times
this is 119 times which has already done.
----------------------------------------------------------------------------------------------------
this is 120 times / overall 1000 times
1.5788672900777267 1.1192369786711687 1.1360404856885267
----------------------------------------------------------------------------------------------------
find index iteration: 0 5000
short indx is [[   0 3628  819 ... 4032 2046 2491]
 [   1 4895 2244 ... 1503 1783 4522]
 [   2  408 2460 ... 3130    4 1541]
 ...
 [4997 2540 4675 ... 1359 2082  138]
 [4998 2643 2306 ... 3627 1536 4364]
 [4999 4187  840 ... 3434 2695 2331]]
Scaled residual std at t=120: [3.15773458 2.23847396 2.27208097]
start_idx is 0; end_idx is 5000
this is 0 times / overall 2000 times
this is 100 times / overall 2000 times
this is 200 times / overall 2000 times
this is 300 times / overall 2000 times
this is 400 times / overall 2000 times
this is 500 times / overall 2000 times
this is 600 times / overall 2000 times
this is 700 times / overall 2000 times
this is 800 times / overall 2000 times
this is 900 times / overall 2000 times
this is 1000 times / overall 2000 times
this is 1100 times / overall 2000 times
this is 1200 times / overall 2000 times
this is 1300 times / overall 2000 times
this is 1400 times / overall 2000 times
this is 1500 times / overall 2000 times
this is 1600 times / overall 2000 times
this is 1700 times / overall 2000 times
this is 1800 times / overall 2000 times
this is 1900 times / overall 2000 times
this is 120 times which has already done.
----------------------------------------------------------------------------------------------------
this is 121 times / overall 1000 times
1.574967668986298 1.11677347388836 1.1064467297903737
----------------------------------------------------------------------------------------------------
find index iteration: 0 5000
short indx is [[   0 2676 4928 ...  128 2678 4689]
 [   1 4895 4687 ...   89 4694 3965]
 [   2 3265 4194 ... 3814 3211 4584]
 ...
 [4997 4104 2540 ... 2891  543 3094]
 [4998 2643 2602 ...  691 3237 1703]
 [4999  159 4187 ... 4372 3171 1207]]
Scaled residual std at t=121: [3.14993534 2.23354695 2.21289346]
start_idx is 0; end_idx is 5000
this is 0 times / overall 2000 times
this is 100 times / overall 2000 times
this is 200 times / overall 2000 times
this is 300 times / overall 2000 times
this is 400 times / overall 2000 times
this is 500 times / overall 2000 times
this is 600 times / overall 2000 times
this is 700 times / overall 2000 times
this is 800 times / overall 2000 times
this is 900 times / overall 2000 times
this is 1000 times / overall 2000 times
this is 1100 times / overall 2000 times
this is 1200 times / overall 2000 times
this is 1300 times / overall 2000 times
this is 1400 times / overall 2000 times
this is 1500 times / overall 2000 times
this is 1600 times / overall 2000 times
this is 1700 times / overall 2000 times
this is 1800 times / overall 2000 times
this is 1900 times / overall 2000 times
this is 121 times which has already done.
----------------------------------------------------------------------------------------------------
this is 122 times / overall 1000 times
1.5973542820618687 1.1021818621592838 1.1004494316388798
----------------------------------------------------------------------------------------------------
find index iteration: 0 5000
short indx is [[   0  688 1309 ... 1411 1234 4272]
 [   1 4895 4687 ... 4541 4774 4866]
 [   2 1573  752 ... 3579 1154 3536]
 ...
 [4997 1440 3335 ... 3888 2113  537]
 [4998  446   24 ...  923 4123 1010]
 [4999  634 4187 ... 4539  659 3164]]
Scaled residual std at t=122: [3.19470856 2.20436372 2.20089886]
start_idx is 0; end_idx is 5000
this is 0 times / overall 2000 times
this is 100 times / overall 2000 times
this is 200 times / overall 2000 times
this is 300 times / overall 2000 times
this is 400 times / overall 2000 times
this is 500 times / overall 2000 times
this is 600 times / overall 2000 times
this is 700 times / overall 2000 times
this is 800 times / overall 2000 times
this is 900 times / overall 2000 times
this is 1000 times / overall 2000 times
this is 1100 times / overall 2000 times
this is 1200 times / overall 2000 times
this is 1300 times / overall 2000 times
this is 1400 times / overall 2000 times
this is 1500 times / overall 2000 times
this is 1600 times / overall 2000 times
this is 1700 times / overall 2000 times
this is 1800 times / overall 2000 times
this is 1900 times / overall 2000 times
this is 122 times which has already done.
----------------------------------------------------------------------------------------------------
this is 123 times / overall 1000 times
1.5954074011887789 1.1263085655665246 1.1316170163749224
----------------------------------------------------------------------------------------------------
find index iteration: 0 5000
short indx is [[   0   99  385 ... 2863 4509 4312]
 [   1 4895 4687 ... 1018 2292 1157]
 [   2  752 4394 ... 3136 1811  940]
 ...
 [4997 2540 3846 ... 1779 4611 4439]
 [4998 4331   30 ... 2292  494 4695]
 [4999  726 3040 ... 1044 2548 1695]]
Scaled residual std at t=123: [3.1908148  2.25261713 2.26323403]
start_idx is 0; end_idx is 5000
this is 0 times / overall 2000 times
this is 100 times / overall 2000 times
this is 200 times / overall 2000 times
this is 300 times / overall 2000 times
this is 400 times / overall 2000 times
this is 500 times / overall 2000 times
this is 600 times / overall 2000 times
this is 700 times / overall 2000 times
this is 800 times / overall 2000 times
this is 900 times / overall 2000 times
this is 1000 times / overall 2000 times
this is 1100 times / overall 2000 times
this is 1200 times / overall 2000 times
this is 1300 times / overall 2000 times
this is 1400 times / overall 2000 times
this is 1500 times / overall 2000 times
this is 1600 times / overall 2000 times
this is 1700 times / overall 2000 times
this is 1800 times / overall 2000 times
this is 1900 times / overall 2000 times
this is 123 times which has already done.
----------------------------------------------------------------------------------------------------
this is 124 times / overall 1000 times
1.5795306537641844 1.122111423747797 1.1223621120134557
----------------------------------------------------------------------------------------------------
find index iteration: 0 5000
short indx is [[   0   99 4110 ... 4465  926 4444]
 [   1 4895 4687 ... 2798 1783 2665]
 [   2 3799 3325 ...  725    8  539]
 ...
 [4997 4619 1663 ...  686 4465 2686]
 [4998 4331   96 ... 2126 1010 1253]
 [4999 4881  726 ... 2879 4832 2733]]
Scaled residual std at t=124: [3.15906131 2.24422285 2.24472422]
start_idx is 0; end_idx is 5000
this is 0 times / overall 2000 times
this is 100 times / overall 2000 times
this is 200 times / overall 2000 times
this is 300 times / overall 2000 times
this is 400 times / overall 2000 times
this is 500 times / overall 2000 times
this is 600 times / overall 2000 times
this is 700 times / overall 2000 times
this is 800 times / overall 2000 times
this is 900 times / overall 2000 times
this is 1000 times / overall 2000 times
this is 1100 times / overall 2000 times
this is 1200 times / overall 2000 times
this is 1300 times / overall 2000 times
this is 1400 times / overall 2000 times
this is 1500 times / overall 2000 times
this is 1600 times / overall 2000 times
this is 1700 times / overall 2000 times
this is 1800 times / overall 2000 times
this is 1900 times / overall 2000 times
this is 124 times which has already done.
----------------------------------------------------------------------------------------------------
this is 125 times / overall 1000 times
1.5790807641908478 1.1192300316049144 1.1227338691019766
----------------------------------------------------------------------------------------------------
find index iteration: 0 5000
short indx is [[   0 4815 3965 ... 1582 3462 3044]
 [   1 4895 4687 ... 3577 1583 1448]
 [   2 3799 3726 ...  357 1297 1864]
 ...
 [4997 4619 4362 ... 2435 1084 2624]
 [4998 3080 1037 ... 2177 3682  995]
 [4999 2869  335 ... 4508 3380 2256]]
Scaled residual std at t=125: [3.15816153 2.23846006 2.24546774]
start_idx is 0; end_idx is 5000
this is 0 times / overall 2000 times
this is 100 times / overall 2000 times
this is 200 times / overall 2000 times
this is 300 times / overall 2000 times
this is 400 times / overall 2000 times
this is 500 times / overall 2000 times
this is 600 times / overall 2000 times
this is 700 times / overall 2000 times
this is 800 times / overall 2000 times
this is 900 times / overall 2000 times
this is 1000 times / overall 2000 times
this is 1100 times / overall 2000 times
this is 1200 times / overall 2000 times
this is 1300 times / overall 2000 times
this is 1400 times / overall 2000 times
this is 1500 times / overall 2000 times
this is 1600 times / overall 2000 times
this is 1700 times / overall 2000 times
this is 1800 times / overall 2000 times
this is 1900 times / overall 2000 times
this is 125 times which has already done.
----------------------------------------------------------------------------------------------------
this is 126 times / overall 1000 times
1.5758713084585056 1.1169335517379604 1.1126386741539112
----------------------------------------------------------------------------------------------------
find index iteration: 0 5000
short indx is [[   0  761   99 ... 4446 1963  198]
 [   1 4895 4687 ...  182 1232 3674]
 [   2 3726 2225 ... 4165 2042 4964]
 ...
 [4997 4619 1663 ... 3695  119 3683]
 [4998 4595 3381 ... 1070 1660  670]
 [4999 2869 3911 ... 4267 2917  827]]
Scaled residual std at t=126: [3.15174262 2.2338671  2.22527735]
start_idx is 0; end_idx is 5000
this is 0 times / overall 2000 times
this is 100 times / overall 2000 times
this is 200 times / overall 2000 times
this is 300 times / overall 2000 times
this is 400 times / overall 2000 times
this is 500 times / overall 2000 times
this is 600 times / overall 2000 times
this is 700 times / overall 2000 times
this is 800 times / overall 2000 times
this is 900 times / overall 2000 times
this is 1000 times / overall 2000 times
this is 1100 times / overall 2000 times
this is 1200 times / overall 2000 times
this is 1300 times / overall 2000 times
this is 1400 times / overall 2000 times
this is 1500 times / overall 2000 times
this is 1600 times / overall 2000 times
this is 1700 times / overall 2000 times
this is 1800 times / overall 2000 times
this is 1900 times / overall 2000 times
this is 126 times which has already done.
----------------------------------------------------------------------------------------------------
this is 127 times / overall 1000 times
1.5748697611736984 1.1147400269903212 1.1262110503534961
----------------------------------------------------------------------------------------------------
find index iteration: 0 5000
short indx is [[   0 3622 1262 ... 2816  161 3599]
 [   1 4895 4687 ... 4620 1696 4439]
 [   2 3726 2097 ... 4644 1954 2237]
 ...
 [4997 2540 4619 ... 1744 2435  480]
 [4998 1037 2059 ... 3568  475 4514]
 [4999 1764 4881 ... 1828  190 1066]]
Scaled residual std at t=127: [3.14973952 2.22948005 2.2524221 ]
start_idx is 0; end_idx is 5000
this is 0 times / overall 2000 times
this is 100 times / overall 2000 times
this is 200 times / overall 2000 times
this is 300 times / overall 2000 times
this is 400 times / overall 2000 times
this is 500 times / overall 2000 times
this is 600 times / overall 2000 times
this is 700 times / overall 2000 times
this is 800 times / overall 2000 times
this is 900 times / overall 2000 times
this is 1000 times / overall 2000 times
this is 1100 times / overall 2000 times
this is 1200 times / overall 2000 times
this is 1300 times / overall 2000 times
this is 1400 times / overall 2000 times
this is 1500 times / overall 2000 times
this is 1600 times / overall 2000 times
this is 1700 times / overall 2000 times
this is 1800 times / overall 2000 times
this is 1900 times / overall 2000 times
this is 127 times which has already done.
----------------------------------------------------------------------------------------------------
this is 128 times / overall 1000 times
1.5957237588810906 1.1142194949291269 1.101283489630154
----------------------------------------------------------------------------------------------------
find index iteration: 0 5000
short indx is [[   0  761 4928 ...  332 4626 3936]
 [   1 4895  327 ... 4085  943 4061]
 [   2 3799 1028 ... 2840 2668  515]
 ...
 [4997 3775 2540 ... 4780 1000 3624]
 [4998 2059 1037 ... 2700 3320 2352]
 [4999 1764 4881 ... 3643 2070 3244]]
Scaled residual std at t=128: [3.19144752 2.22843899 2.20256698]
start_idx is 0; end_idx is 5000
this is 0 times / overall 2000 times
this is 100 times / overall 2000 times
this is 200 times / overall 2000 times
this is 300 times / overall 2000 times
this is 400 times / overall 2000 times
this is 500 times / overall 2000 times
this is 600 times / overall 2000 times
this is 700 times / overall 2000 times
this is 800 times / overall 2000 times
this is 900 times / overall 2000 times
this is 1000 times / overall 2000 times
this is 1100 times / overall 2000 times
this is 1200 times / overall 2000 times
this is 1300 times / overall 2000 times
this is 1400 times / overall 2000 times
this is 1500 times / overall 2000 times
this is 1600 times / overall 2000 times
this is 1700 times / overall 2000 times
this is 1800 times / overall 2000 times
this is 1900 times / overall 2000 times
this is 128 times which has already done.
----------------------------------------------------------------------------------------------------
this is 129 times / overall 1000 times
1.5790809221130355 1.1194641176498643 1.1195976772453091
----------------------------------------------------------------------------------------------------
find index iteration: 0 5000
short indx is [[   0 1200 3622 ... 2048 1856 3802]
 [   1 4895  327 ... 1301 1266 4946]
 [   2 3799 4472 ... 4886  232 2135]
 ...
 [4997 1522  320 ... 1394 2263  256]
 [4998 4870 1984 ... 3881 1421 3828]
 [4999 1764 4847 ...   78 2147 2949]]
Scaled residual std at t=129: [3.15816184 2.23892824 2.23919535]
start_idx is 0; end_idx is 5000
this is 0 times / overall 2000 times
this is 100 times / overall 2000 times
this is 200 times / overall 2000 times
this is 300 times / overall 2000 times
this is 400 times / overall 2000 times
this is 500 times / overall 2000 times
this is 600 times / overall 2000 times
this is 700 times / overall 2000 times
this is 800 times / overall 2000 times
this is 900 times / overall 2000 times
this is 1000 times / overall 2000 times
this is 1100 times / overall 2000 times
this is 1200 times / overall 2000 times
this is 1300 times / overall 2000 times
this is 1400 times / overall 2000 times
this is 1500 times / overall 2000 times
this is 1600 times / overall 2000 times
this is 1700 times / overall 2000 times
this is 1800 times / overall 2000 times
this is 1900 times / overall 2000 times
this is 129 times which has already done.
----------------------------------------------------------------------------------------------------
this is 130 times / overall 1000 times
1.5771139052864143 1.1190577084382645 1.0886469126333609
----------------------------------------------------------------------------------------------------
find index iteration: 0 5000
short indx is [[   0 1200 1782 ... 2624 4222  305]
 [   1 4895 4687 ... 1933 4423 1921]
 [   2 3799 1401 ... 3735  363 4416]
 ...
 [4997 2212 1593 ... 4316  469 3449]
 [4998 1602 1984 ... 1864 3046 1940]
 [4999 4847 1764 ... 3428 3906 3542]]
Scaled residual std at t=130: [3.15422781 2.23811542 2.17729383]
start_idx is 0; end_idx is 5000
this is 0 times / overall 2000 times
this is 100 times / overall 2000 times
this is 200 times / overall 2000 times
this is 300 times / overall 2000 times
this is 400 times / overall 2000 times
this is 500 times / overall 2000 times
this is 600 times / overall 2000 times
this is 700 times / overall 2000 times
this is 800 times / overall 2000 times
this is 900 times / overall 2000 times
this is 1000 times / overall 2000 times
this is 1100 times / overall 2000 times
this is 1200 times / overall 2000 times
this is 1300 times / overall 2000 times
this is 1400 times / overall 2000 times
this is 1500 times / overall 2000 times
this is 1600 times / overall 2000 times
this is 1700 times / overall 2000 times
this is 1800 times / overall 2000 times
this is 1900 times / overall 2000 times
this is 130 times which has already done.
----------------------------------------------------------------------------------------------------
this is 131 times / overall 1000 times
1.5803333255343344 1.1143951456351575 1.125229172485359
----------------------------------------------------------------------------------------------------
find index iteration: 0 5000
short indx is [[   0 3622 3720 ... 2485 3797  749]
 [   1 4895 4687 ... 1313 3676  887]
 [   2 3799 1235 ... 1117 1190 4339]
 ...
 [4997  320 2212 ... 3576 3523 2510]
 [4998 1776 4483 ... 1571  222  670]
 [4999 1764 3705 ... 2949 3702 1051]]
Scaled residual std at t=131: [3.16066665 2.22879029 2.25045834]
start_idx is 0; end_idx is 5000
this is 0 times / overall 2000 times
this is 100 times / overall 2000 times
this is 200 times / overall 2000 times
this is 300 times / overall 2000 times
this is 400 times / overall 2000 times
this is 500 times / overall 2000 times
this is 600 times / overall 2000 times
this is 700 times / overall 2000 times
this is 800 times / overall 2000 times
this is 900 times / overall 2000 times
this is 1000 times / overall 2000 times
this is 1100 times / overall 2000 times
this is 1200 times / overall 2000 times
this is 1300 times / overall 2000 times
this is 1400 times / overall 2000 times
this is 1500 times / overall 2000 times
this is 1600 times / overall 2000 times
this is 1700 times / overall 2000 times
this is 1800 times / overall 2000 times
this is 1900 times / overall 2000 times
this is 131 times which has already done.
----------------------------------------------------------------------------------------------------
this is 132 times / overall 1000 times
1.5692777260961488 1.1225113071697588 1.1252556652289907
----------------------------------------------------------------------------------------------------
find index iteration: 0 5000
short indx is [[   0 1096 1195 ... 1184 3810 2225]
 [   1 4687 4895 ... 2746 4669 3511]
 [   2  294 4680 ... 1997 4577  428]
 ...
 [4997 2212 2068 ... 3029 1744 1861]
 [4998  593 2643 ...  980 1383 2937]
 [4999 4476 4847 ... 1678 1749  887]]
Scaled residual std at t=132: [3.13855545 2.24502261 2.25051133]
start_idx is 0; end_idx is 5000
this is 0 times / overall 2000 times
this is 100 times / overall 2000 times
this is 200 times / overall 2000 times
this is 300 times / overall 2000 times
this is 400 times / overall 2000 times
this is 500 times / overall 2000 times
this is 600 times / overall 2000 times
this is 700 times / overall 2000 times
this is 800 times / overall 2000 times
this is 900 times / overall 2000 times
this is 1000 times / overall 2000 times
this is 1100 times / overall 2000 times
this is 1200 times / overall 2000 times
this is 1300 times / overall 2000 times
this is 1400 times / overall 2000 times
this is 1500 times / overall 2000 times
this is 1600 times / overall 2000 times
this is 1700 times / overall 2000 times
this is 1800 times / overall 2000 times
this is 1900 times / overall 2000 times
this is 132 times which has already done.
----------------------------------------------------------------------------------------------------
this is 133 times / overall 1000 times
1.5993214324298979 1.1171515368141682 1.105512297453081
----------------------------------------------------------------------------------------------------
find index iteration: 0 5000
short indx is [[   0 2571 3226 ... 2102 1002 1233]
 [   1 4687 2992 ... 1287 4270 2311]
 [   2 3325  294 ... 1456  293 1995]
 ...
 [4997 4958  320 ... 1855 1672 1647]
 [4998 2425 2050 ...  830 3443 4339]
 [4999 1532 4847 ... 2449 2981 3381]]
Scaled residual std at t=133: [3.19864286 2.23430307 2.21102459]
start_idx is 0; end_idx is 5000
this is 0 times / overall 2000 times
this is 100 times / overall 2000 times
this is 200 times / overall 2000 times
this is 300 times / overall 2000 times
this is 400 times / overall 2000 times
this is 500 times / overall 2000 times
this is 600 times / overall 2000 times
this is 700 times / overall 2000 times
this is 800 times / overall 2000 times
this is 900 times / overall 2000 times
this is 1000 times / overall 2000 times
this is 1100 times / overall 2000 times
this is 1200 times / overall 2000 times
this is 1300 times / overall 2000 times
this is 1400 times / overall 2000 times
this is 1500 times / overall 2000 times
this is 1600 times / overall 2000 times
this is 1700 times / overall 2000 times
this is 1800 times / overall 2000 times
this is 1900 times / overall 2000 times
this is 133 times which has already done.
----------------------------------------------------------------------------------------------------
this is 134 times / overall 1000 times
1.5762023415351123 1.143502712889776 1.1180056009863215
----------------------------------------------------------------------------------------------------
find index iteration: 0 5000
short indx is [[   0 3622  650 ... 4779 4990 2465]
 [   1 4687 2992 ... 3831   99 2475]
 [   2 4297  362 ... 4036 2925  491]
 ...
 [4997 2212 4031 ...  768  205 4298]
 [4998 1127  887 ... 4899 2733 4426]
 [4999 3745 1532 ... 1064 1241 1334]]
Scaled residual std at t=134: [3.15240468 2.28700543 2.2360112 ]
start_idx is 0; end_idx is 5000
this is 0 times / overall 2000 times
this is 100 times / overall 2000 times
this is 200 times / overall 2000 times
this is 300 times / overall 2000 times
this is 400 times / overall 2000 times
this is 500 times / overall 2000 times
this is 600 times / overall 2000 times
this is 700 times / overall 2000 times
this is 800 times / overall 2000 times
this is 900 times / overall 2000 times
this is 1000 times / overall 2000 times
this is 1100 times / overall 2000 times
this is 1200 times / overall 2000 times
this is 1300 times / overall 2000 times
this is 1400 times / overall 2000 times
this is 1500 times / overall 2000 times
this is 1600 times / overall 2000 times
this is 1700 times / overall 2000 times
this is 1800 times / overall 2000 times
this is 1900 times / overall 2000 times
this is 134 times which has already done.
----------------------------------------------------------------------------------------------------
this is 135 times / overall 1000 times
1.597160329880269 1.1033022983926748 1.1222720502811752
----------------------------------------------------------------------------------------------------
find index iteration: 0 5000
short indx is [[   0 4733 2969 ... 3347   24 2205]
 [   1 4687 2992 ... 1163   70  890]
 [   2  362  657 ... 2026 4080  858]
 ...
 [4997 4031 1911 ... 4849 2865 3696]
 [4998  791  129 ... 1965 4029 1977]
 [4999 3745  159 ... 3737 1444 2333]]
Scaled residual std at t=135: [3.19432066 2.2066046  2.2445441 ]
start_idx is 0; end_idx is 5000
this is 0 times / overall 2000 times
this is 100 times / overall 2000 times
this is 200 times / overall 2000 times
this is 300 times / overall 2000 times
this is 400 times / overall 2000 times
this is 500 times / overall 2000 times
this is 600 times / overall 2000 times
this is 700 times / overall 2000 times
this is 800 times / overall 2000 times
this is 900 times / overall 2000 times
this is 1000 times / overall 2000 times
this is 1100 times / overall 2000 times
this is 1200 times / overall 2000 times
this is 1300 times / overall 2000 times
this is 1400 times / overall 2000 times
this is 1500 times / overall 2000 times
this is 1600 times / overall 2000 times
this is 1700 times / overall 2000 times
this is 1800 times / overall 2000 times
this is 1900 times / overall 2000 times
this is 135 times which has already done.
----------------------------------------------------------------------------------------------------
this is 136 times / overall 1000 times
1.5788451529152672 1.1173784180866353 1.1099502672044654
----------------------------------------------------------------------------------------------------
find index iteration: 0 5000
short indx is [[   0 4772 1096 ...  528 1519  794]
 [   1 4687 4927 ... 2143 3595  931]
 [   2 2881 1467 ... 3647 3698 1933]
 ...
 [4997 2068 1344 ...  387 1237 1835]
 [4998 3348 4178 ... 1965 1020  824]
 [4999 4476 3745 ... 4546 1624 4887]]
Scaled residual std at t=136: [3.15769031 2.23475684 2.21990053]
start_idx is 0; end_idx is 5000
this is 0 times / overall 2000 times
this is 100 times / overall 2000 times
this is 200 times / overall 2000 times
this is 300 times / overall 2000 times
this is 400 times / overall 2000 times
this is 500 times / overall 2000 times
this is 600 times / overall 2000 times
this is 700 times / overall 2000 times
this is 800 times / overall 2000 times
this is 900 times / overall 2000 times
this is 1000 times / overall 2000 times
this is 1100 times / overall 2000 times
this is 1200 times / overall 2000 times
this is 1300 times / overall 2000 times
this is 1400 times / overall 2000 times
this is 1500 times / overall 2000 times
this is 1600 times / overall 2000 times
this is 1700 times / overall 2000 times
this is 1800 times / overall 2000 times
this is 1900 times / overall 2000 times
this is 136 times which has already done.
----------------------------------------------------------------------------------------------------
this is 137 times / overall 1000 times
1.5823534529112961 1.1106484419286906 1.1065908970287404
----------------------------------------------------------------------------------------------------
find index iteration: 0 5000
short indx is [[   0 4733 1096 ... 4452 1385 1487]
 [   1 4687 4895 ... 3423 2949 1735]
 [   2 2246 1467 ... 1138  739 4182]
 ...
 [4997 2068 1663 ... 1164 4955 2413]
 [4998  284 3763 ... 3222 3053 2303]
 [4999 2171 1774 ... 1784 3133 1114]]
Scaled residual std at t=137: [3.16470691 2.22129688 2.21318179]
start_idx is 0; end_idx is 5000
this is 0 times / overall 2000 times
this is 100 times / overall 2000 times
this is 200 times / overall 2000 times
this is 300 times / overall 2000 times
this is 400 times / overall 2000 times
this is 500 times / overall 2000 times
this is 600 times / overall 2000 times
this is 700 times / overall 2000 times
this is 800 times / overall 2000 times
this is 900 times / overall 2000 times
this is 1000 times / overall 2000 times
this is 1100 times / overall 2000 times
this is 1200 times / overall 2000 times
this is 1300 times / overall 2000 times
this is 1400 times / overall 2000 times
this is 1500 times / overall 2000 times
this is 1600 times / overall 2000 times
this is 1700 times / overall 2000 times
this is 1800 times / overall 2000 times
this is 1900 times / overall 2000 times
this is 137 times which has already done.
----------------------------------------------------------------------------------------------------
this is 138 times / overall 1000 times
1.5800727795872882 1.1389518204431774 1.1060254533596559
----------------------------------------------------------------------------------------------------
find index iteration: 0 5000
short indx is [[   0 4358 3207 ...  973 2312 2490]
 [   1 4895 2992 ...  790 3905 3656]
 [   2 3337 4121 ... 3427 1511 2865]
 ...
 [4997 1663 2068 ...  426 4073 1153]
 [4998 4855  785 ... 2952 3397 1305]
 [4999 2599 3674 ... 3649 2542 2209]]
Scaled residual std at t=138: [3.16014556 2.27790364 2.21205091]
start_idx is 0; end_idx is 5000
this is 0 times / overall 2000 times
this is 100 times / overall 2000 times
this is 200 times / overall 2000 times
this is 300 times / overall 2000 times
this is 400 times / overall 2000 times
this is 500 times / overall 2000 times
this is 600 times / overall 2000 times
this is 700 times / overall 2000 times
this is 800 times / overall 2000 times
this is 900 times / overall 2000 times
this is 1000 times / overall 2000 times
this is 1100 times / overall 2000 times
this is 1200 times / overall 2000 times
this is 1300 times / overall 2000 times
this is 1400 times / overall 2000 times
this is 1500 times / overall 2000 times
this is 1600 times / overall 2000 times
this is 1700 times / overall 2000 times
this is 1800 times / overall 2000 times
this is 1900 times / overall 2000 times
this is 138 times which has already done.
----------------------------------------------------------------------------------------------------
this is 139 times / overall 1000 times
1.5614498805394845 1.116896651698021 1.1104783900458843
----------------------------------------------------------------------------------------------------
find index iteration: 0 5000
short indx is [[   0 4358 2764 ...  284   96 2220]
 [   1 4895 2992 ... 2845  163 3040]
 [   2  714 4662 ... 1215   88 4416]
 ...
 [4997 1663 1344 ... 3013   79 3992]
 [4998 4855 4546 ... 3708 4638 4784]
 [4999 2599 2171 ... 2636 1624 1385]]
Scaled residual std at t=139: [3.12289976 2.2337933  2.22095678]
start_idx is 0; end_idx is 5000
this is 0 times / overall 2000 times
this is 100 times / overall 2000 times
this is 200 times / overall 2000 times
this is 300 times / overall 2000 times
this is 400 times / overall 2000 times
this is 500 times / overall 2000 times
this is 600 times / overall 2000 times
this is 700 times / overall 2000 times
this is 800 times / overall 2000 times
this is 900 times / overall 2000 times
this is 1000 times / overall 2000 times
this is 1100 times / overall 2000 times
this is 1200 times / overall 2000 times
this is 1300 times / overall 2000 times
this is 1400 times / overall 2000 times
this is 1500 times / overall 2000 times
this is 1600 times / overall 2000 times
this is 1700 times / overall 2000 times
this is 1800 times / overall 2000 times
this is 1900 times / overall 2000 times
this is 139 times which has already done.
----------------------------------------------------------------------------------------------------
this is 140 times / overall 1000 times
1.5936449738605447 1.1125152651880916 1.115188601516064
----------------------------------------------------------------------------------------------------
find index iteration: 0 5000
short indx is [[   0  945 2764 ...  183  549 4667]
 [   1 4895 2992 ... 2855 1097 1646]
 [   2  714 1298 ...  582  764 3026]
 ...
 [4997 1663  204 ...  114 4057  458]
 [4998  741 3348 ... 3814 3088 1950]
 [4999 3912 1644 ...   91 2082 1408]]
Scaled residual std at t=140: [3.18728995 2.22503053 2.2303772 ]
start_idx is 0; end_idx is 5000
this is 0 times / overall 2000 times
this is 100 times / overall 2000 times
this is 200 times / overall 2000 times
this is 300 times / overall 2000 times
this is 400 times / overall 2000 times
this is 500 times / overall 2000 times
this is 600 times / overall 2000 times
this is 700 times / overall 2000 times
this is 800 times / overall 2000 times
this is 900 times / overall 2000 times
this is 1000 times / overall 2000 times
this is 1100 times / overall 2000 times
this is 1200 times / overall 2000 times
this is 1300 times / overall 2000 times
this is 1400 times / overall 2000 times
this is 1500 times / overall 2000 times
this is 1600 times / overall 2000 times
this is 1700 times / overall 2000 times
this is 1800 times / overall 2000 times
this is 1900 times / overall 2000 times
this is 140 times which has already done.
----------------------------------------------------------------------------------------------------
this is 141 times / overall 1000 times
1.609061086615743 1.1292553304757678 1.1174236288153556
----------------------------------------------------------------------------------------------------
find index iteration: 0 5000
short indx is [[   0 1169 4130 ... 4722 4946 3867]
 [   1 4895 2992 ... 1230 1801 1886]
 [   2 1298  714 ... 3905 1504 2937]
 ...
 [4997 2552 3648 ...  482 2113 1164]
 [4998 4178 3432 ... 2037  408  889]
 [4999 4731 1644 ... 1684 2788 2824]]
Scaled residual std at t=141: [3.21812217 2.25851066 2.23484726]
start_idx is 0; end_idx is 5000
this is 0 times / overall 2000 times
this is 100 times / overall 2000 times
this is 200 times / overall 2000 times
this is 300 times / overall 2000 times
this is 400 times / overall 2000 times
this is 500 times / overall 2000 times
this is 600 times / overall 2000 times
this is 700 times / overall 2000 times
this is 800 times / overall 2000 times
this is 900 times / overall 2000 times
this is 1000 times / overall 2000 times
this is 1100 times / overall 2000 times
this is 1200 times / overall 2000 times
this is 1300 times / overall 2000 times
this is 1400 times / overall 2000 times
this is 1500 times / overall 2000 times
this is 1600 times / overall 2000 times
this is 1700 times / overall 2000 times
this is 1800 times / overall 2000 times
this is 1900 times / overall 2000 times
this is 141 times which has already done.
----------------------------------------------------------------------------------------------------
this is 142 times / overall 1000 times
1.5663622304174647 1.1155353283677945 1.1392767883364738
----------------------------------------------------------------------------------------------------
find index iteration: 0 5000
short indx is [[   0 1722  949 ... 2823 3181 4505]
 [   1 4895 2992 ...  768 2072 2264]
 [   2  752 3799 ... 2732 4445 2386]
 ...
 [4997 2552 2457 ... 4973 4442 2083]
 [4998 1002 4344 ... 2062 1193 3292]
 [4999 1644 4881 ... 1033 1510 3609]]
Scaled residual std at t=142: [3.13272446 2.23107066 2.27855358]
start_idx is 0; end_idx is 5000
this is 0 times / overall 2000 times
this is 100 times / overall 2000 times
this is 200 times / overall 2000 times
this is 300 times / overall 2000 times
this is 400 times / overall 2000 times
this is 500 times / overall 2000 times
this is 600 times / overall 2000 times
this is 700 times / overall 2000 times
this is 800 times / overall 2000 times
this is 900 times / overall 2000 times
this is 1000 times / overall 2000 times
this is 1100 times / overall 2000 times
this is 1200 times / overall 2000 times
this is 1300 times / overall 2000 times
this is 1400 times / overall 2000 times
this is 1500 times / overall 2000 times
this is 1600 times / overall 2000 times
this is 1700 times / overall 2000 times
this is 1800 times / overall 2000 times
this is 1900 times / overall 2000 times
this is 142 times which has already done.
----------------------------------------------------------------------------------------------------
this is 143 times / overall 1000 times
1.54252728333165 1.1457881098914828 1.128696122260255
----------------------------------------------------------------------------------------------------
find index iteration: 0 5000
short indx is [[   0 1722 2984 ...  794   96  447]
 [   1 4895 2992 ... 2713 3517 3825]
 [   2 1427 1417 ... 4722 4958 2955]
 ...
 [4997 4371 1522 ...  910 3489 1329]
 [4998  108 4838 ... 3055  213  421]
 [4999   81 4231 ...  357 3566  318]]
Scaled residual std at t=143: [3.08505457 2.29157622 2.25739224]
start_idx is 0; end_idx is 5000
this is 0 times / overall 2000 times
this is 100 times / overall 2000 times
this is 200 times / overall 2000 times
this is 300 times / overall 2000 times
this is 400 times / overall 2000 times
this is 500 times / overall 2000 times
this is 600 times / overall 2000 times
this is 700 times / overall 2000 times
this is 800 times / overall 2000 times
this is 900 times / overall 2000 times
this is 1000 times / overall 2000 times
this is 1100 times / overall 2000 times
this is 1200 times / overall 2000 times
this is 1300 times / overall 2000 times
this is 1400 times / overall 2000 times
this is 1500 times / overall 2000 times
this is 1600 times / overall 2000 times
this is 1700 times / overall 2000 times
this is 1800 times / overall 2000 times
this is 1900 times / overall 2000 times
this is 143 times which has already done.
----------------------------------------------------------------------------------------------------
this is 144 times / overall 1000 times
1.5880088162366115 1.1351309507716256 1.101100805986869
----------------------------------------------------------------------------------------------------
find index iteration: 0 5000
short indx is [[   0 1722 2984 ... 1652 3004 3318]
 [   1 4895 2992 ... 3115 3157 3645]
 [   2  506 1901 ...  955 4544  173]
 ...
 [4997 4371 2552 ... 2686 4285   56]
 [4998 1141 1909 ... 2755 3010   88]
 [4999 4231   81 ... 4853 2491 4452]]
Scaled residual std at t=144: [3.17601763 2.2702619  2.20220161]
start_idx is 0; end_idx is 5000
this is 0 times / overall 2000 times
this is 100 times / overall 2000 times
this is 200 times / overall 2000 times
this is 300 times / overall 2000 times
this is 400 times / overall 2000 times
this is 500 times / overall 2000 times
this is 600 times / overall 2000 times
this is 700 times / overall 2000 times
this is 800 times / overall 2000 times
this is 900 times / overall 2000 times
this is 1000 times / overall 2000 times
this is 1100 times / overall 2000 times
this is 1200 times / overall 2000 times
this is 1300 times / overall 2000 times
this is 1400 times / overall 2000 times
this is 1500 times / overall 2000 times
this is 1600 times / overall 2000 times
this is 1700 times / overall 2000 times
this is 1800 times / overall 2000 times
this is 1900 times / overall 2000 times
this is 144 times which has already done.
----------------------------------------------------------------------------------------------------
this is 145 times / overall 1000 times
1.5946454197940956 1.1310580014935099 1.088118284509205
----------------------------------------------------------------------------------------------------
find index iteration: 0 5000
short indx is [[   0 1169 1722 ... 4902 1140 4507]
 [   1 4895 2017 ...  621  917 4302]
 [   2 2543 4923 ...  522  995  489]
 ...
 [4997 4371 1522 ... 4240 3547 4327]
 [4998 2903 2690 ... 4935 3739    4]
 [4999 4231 3691 ... 1285 4902 3771]]
Scaled residual std at t=145: [3.18929084 2.262116   2.17623657]
start_idx is 0; end_idx is 5000
this is 0 times / overall 2000 times
this is 100 times / overall 2000 times
this is 200 times / overall 2000 times
this is 300 times / overall 2000 times
this is 400 times / overall 2000 times
this is 500 times / overall 2000 times
this is 600 times / overall 2000 times
this is 700 times / overall 2000 times
this is 800 times / overall 2000 times
this is 900 times / overall 2000 times
this is 1000 times / overall 2000 times
this is 1100 times / overall 2000 times
this is 1200 times / overall 2000 times
this is 1300 times / overall 2000 times
this is 1400 times / overall 2000 times
this is 1500 times / overall 2000 times
this is 1600 times / overall 2000 times
this is 1700 times / overall 2000 times
this is 1800 times / overall 2000 times
this is 1900 times / overall 2000 times
this is 145 times which has already done.
----------------------------------------------------------------------------------------------------
this is 146 times / overall 1000 times
1.5902486674106258 1.1192481605361608 1.1261068250702504
----------------------------------------------------------------------------------------------------
find index iteration: 0 5000
short indx is [[   0 4807  287 ... 4679 1339  806]
 [   1 4895 2017 ... 3631 1072 1827]
 [   2  703  947 ... 4116  296  489]
 ...
 [4997 4371 3409 ... 4084 2765 4203]
 [4998  395 2477 ...  635 3448 1015]
 [4999 4231 3691 ... 3377 2551  462]]
Scaled residual std at t=146: [3.18049733 2.23849632 2.25221365]
start_idx is 0; end_idx is 5000
this is 0 times / overall 2000 times
this is 100 times / overall 2000 times
this is 200 times / overall 2000 times
this is 300 times / overall 2000 times
this is 400 times / overall 2000 times
this is 500 times / overall 2000 times
this is 600 times / overall 2000 times
this is 700 times / overall 2000 times
this is 800 times / overall 2000 times
this is 900 times / overall 2000 times
this is 1000 times / overall 2000 times
this is 1100 times / overall 2000 times
this is 1200 times / overall 2000 times
this is 1300 times / overall 2000 times
this is 1400 times / overall 2000 times
this is 1500 times / overall 2000 times
this is 1600 times / overall 2000 times
this is 1700 times / overall 2000 times
this is 1800 times / overall 2000 times
this is 1900 times / overall 2000 times
this is 146 times which has already done.
----------------------------------------------------------------------------------------------------
this is 147 times / overall 1000 times
1.5760198954285758 1.12527493359387 1.1207869308230871
----------------------------------------------------------------------------------------------------
find index iteration: 0 5000
short indx is [[   0 4807 3342 ... 1786 4403 3932]
 [   1 2017 4895 ... 3356  819 1603]
 [   2 4025  362 ... 1917 4083  858]
 ...
 [4997 4371 1957 ... 3660 2831 2412]
 [4998  626 1120 ... 1903 3448 2733]
 [4999 3691 1387 ...  765 4214  755]]
Scaled residual std at t=147: [3.15203979 2.25054987 2.24157386]
start_idx is 0; end_idx is 5000
this is 0 times / overall 2000 times
this is 100 times / overall 2000 times
this is 200 times / overall 2000 times
this is 300 times / overall 2000 times
this is 400 times / overall 2000 times
this is 500 times / overall 2000 times
this is 600 times / overall 2000 times
this is 700 times / overall 2000 times
this is 800 times / overall 2000 times
this is 900 times / overall 2000 times
this is 1000 times / overall 2000 times
this is 1100 times / overall 2000 times
this is 1200 times / overall 2000 times
this is 1300 times / overall 2000 times
this is 1400 times / overall 2000 times
this is 1500 times / overall 2000 times
this is 1600 times / overall 2000 times
this is 1700 times / overall 2000 times
this is 1800 times / overall 2000 times
this is 1900 times / overall 2000 times
this is 147 times which has already done.
----------------------------------------------------------------------------------------------------
this is 148 times / overall 1000 times
1.5797103917505229 1.1035573975211737 1.105837402961185
----------------------------------------------------------------------------------------------------
find index iteration: 0 5000
short indx is [[   0 3342 4807 ... 2358 2140 3382]
 [   1 2992 4895 ... 2149 1385 2043]
 [   2 4738 4662 ... 1290  363  973]
 ...
 [4997 4371  194 ... 4072   50  345]
 [4998 2140 3731 ... 4271 3489 2447]
 [4999 4231  632 ... 4524   67  280]]
Scaled residual std at t=148: [3.15942078 2.2071148  2.21167481]
start_idx is 0; end_idx is 5000
this is 0 times / overall 2000 times
this is 100 times / overall 2000 times
this is 200 times / overall 2000 times
this is 300 times / overall 2000 times
this is 400 times / overall 2000 times
this is 500 times / overall 2000 times
this is 600 times / overall 2000 times
this is 700 times / overall 2000 times
this is 800 times / overall 2000 times
this is 900 times / overall 2000 times
this is 1000 times / overall 2000 times
this is 1100 times / overall 2000 times
this is 1200 times / overall 2000 times
this is 1300 times / overall 2000 times
this is 1400 times / overall 2000 times
this is 1500 times / overall 2000 times
this is 1600 times / overall 2000 times
this is 1700 times / overall 2000 times
this is 1800 times / overall 2000 times
this is 1900 times / overall 2000 times
this is 148 times which has already done.
----------------------------------------------------------------------------------------------------
this is 149 times / overall 1000 times
1.6038996686144869 1.106372626395639 1.104004514651523
----------------------------------------------------------------------------------------------------
find index iteration: 0 5000
short indx is [[   0 3342 4807 ... 4689 4188 4889]
 [   1 2017 2992 ... 1210 2146 2348]
 [   2  947 4738 ... 4442 1937 3544]
 ...
 [4997 4371 2457 ...  896 3683 1753]
 [4998 2477 1967 ... 3590 2239 3802]
 [4999   12 3645 ... 2251  863 1677]]
Scaled residual std at t=149: [3.20779934 2.21274525 2.20800903]
start_idx is 0; end_idx is 5000
this is 0 times / overall 2000 times
this is 100 times / overall 2000 times
this is 200 times / overall 2000 times
this is 300 times / overall 2000 times
this is 400 times / overall 2000 times
this is 500 times / overall 2000 times
this is 600 times / overall 2000 times
this is 700 times / overall 2000 times
this is 800 times / overall 2000 times
this is 900 times / overall 2000 times
this is 1000 times / overall 2000 times
this is 1100 times / overall 2000 times
this is 1200 times / overall 2000 times
this is 1300 times / overall 2000 times
this is 1400 times / overall 2000 times
this is 1500 times / overall 2000 times
this is 1600 times / overall 2000 times
this is 1700 times / overall 2000 times
this is 1800 times / overall 2000 times
this is 1900 times / overall 2000 times
this is 149 times which has already done.
----------------------------------------------------------------------------------------------------
this is 150 times / overall 1000 times
1.5882457508438326 1.1399109789548851 1.1033023346544553
----------------------------------------------------------------------------------------------------
find index iteration: 0 5000
short indx is [[   0 4026 4928 ... 1825 4203 2565]
 [   1 2992 4895 ... 1602 4899 4849]
 [   2 2846 4689 ...  521 4706 3732]
 ...
 [4997 4371 1530 ... 1164 1525   63]
 [4998  171 1648 ... 3769 1676 2181]
 [4999 3645 4231 ... 2871 1849 1222]]
Scaled residual std at t=150: [3.1764915  2.27982196 2.20660467]
start_idx is 0; end_idx is 5000
this is 0 times / overall 2000 times
this is 100 times / overall 2000 times
this is 200 times / overall 2000 times
this is 300 times / overall 2000 times
this is 400 times / overall 2000 times
this is 500 times / overall 2000 times
this is 600 times / overall 2000 times
this is 700 times / overall 2000 times
this is 800 times / overall 2000 times
this is 900 times / overall 2000 times
this is 1000 times / overall 2000 times
this is 1100 times / overall 2000 times
this is 1200 times / overall 2000 times
this is 1300 times / overall 2000 times
this is 1400 times / overall 2000 times
this is 1500 times / overall 2000 times
this is 1600 times / overall 2000 times
this is 1700 times / overall 2000 times
this is 1800 times / overall 2000 times
this is 1900 times / overall 2000 times
this is 150 times which has already done.
----------------------------------------------------------------------------------------------------
this is 151 times / overall 1000 times
1.5909046246208869 1.1162619333951698 1.1196727247078648
----------------------------------------------------------------------------------------------------
find index iteration: 0 5000
short indx is [[   0 3342 4707 ... 2384 1529 3888]
 [   1 2992 4895 ...  697 4347  795]
 [   2 2846 4923 ... 2829 2813 1048]
 ...
 [4997  534 2139 ... 4346 4965 2755]
 [4998 2293   67 ...  338 1097 1689]
 [4999 4231 3645 ...  229 1336  940]]
Scaled residual std at t=151: [3.18180925 2.23252387 2.23934545]
start_idx is 0; end_idx is 5000
this is 0 times / overall 2000 times
this is 100 times / overall 2000 times
this is 200 times / overall 2000 times
this is 300 times / overall 2000 times
this is 400 times / overall 2000 times
this is 500 times / overall 2000 times
this is 600 times / overall 2000 times
this is 700 times / overall 2000 times
this is 800 times / overall 2000 times
this is 900 times / overall 2000 times
this is 1000 times / overall 2000 times
this is 1100 times / overall 2000 times
this is 1200 times / overall 2000 times
this is 1300 times / overall 2000 times
this is 1400 times / overall 2000 times
this is 1500 times / overall 2000 times
this is 1600 times / overall 2000 times
this is 1700 times / overall 2000 times
this is 1800 times / overall 2000 times
this is 1900 times / overall 2000 times
this is 151 times which has already done.
----------------------------------------------------------------------------------------------------
this is 152 times / overall 1000 times
1.5676968993024114 1.1089852466333987 1.115817887291001
----------------------------------------------------------------------------------------------------
find index iteration: 0 5000
short indx is [[   0 3342  650 ... 4914  793 3018]
 [   1 4895 1729 ... 3543 2964 1784]
 [   2  752 2846 ...  143   52 3820]
 ...
 [4997 3385  534 ... 1880 2751 4345]
 [4998  446 1336 ... 3829 2309 2173]
 [4999 4231 2096 ... 2907 2554  306]]
Scaled residual std at t=152: [3.1353938  2.21797049 2.23163577]
start_idx is 0; end_idx is 5000
this is 0 times / overall 2000 times
this is 100 times / overall 2000 times
this is 200 times / overall 2000 times
this is 300 times / overall 2000 times
this is 400 times / overall 2000 times
this is 500 times / overall 2000 times
this is 600 times / overall 2000 times
this is 700 times / overall 2000 times
this is 800 times / overall 2000 times
this is 900 times / overall 2000 times
this is 1000 times / overall 2000 times
this is 1100 times / overall 2000 times
this is 1200 times / overall 2000 times
this is 1300 times / overall 2000 times
this is 1400 times / overall 2000 times
this is 1500 times / overall 2000 times
this is 1600 times / overall 2000 times
this is 1700 times / overall 2000 times
this is 1800 times / overall 2000 times
this is 1900 times / overall 2000 times
this is 152 times which has already done.
----------------------------------------------------------------------------------------------------
this is 153 times / overall 1000 times
1.581246679059873 1.1121303347784322 1.1142131936662076
----------------------------------------------------------------------------------------------------
find index iteration: 0 5000
short indx is [[   0 4918  287 ... 1474 4993 2660]
 [   1 4895 1729 ... 2507 1379 1808]
 [   2 2846 1444 ... 4698 3249 4295]
 ...
 [4997 2468 2139 ... 2797  229  684]
 [4998  446 2293 ... 1290 2819 3957]
 [4999  632 4231 ... 1411  287 4374]]
Scaled residual std at t=153: [3.16249336 2.22426067 2.22842639]
start_idx is 0; end_idx is 5000
this is 0 times / overall 2000 times
this is 100 times / overall 2000 times
this is 200 times / overall 2000 times
this is 300 times / overall 2000 times
this is 400 times / overall 2000 times
this is 500 times / overall 2000 times
this is 600 times / overall 2000 times
this is 700 times / overall 2000 times
this is 800 times / overall 2000 times
this is 900 times / overall 2000 times
this is 1000 times / overall 2000 times
this is 1100 times / overall 2000 times
this is 1200 times / overall 2000 times
this is 1300 times / overall 2000 times
this is 1400 times / overall 2000 times
this is 1500 times / overall 2000 times
this is 1600 times / overall 2000 times
this is 1700 times / overall 2000 times
this is 1800 times / overall 2000 times
this is 1900 times / overall 2000 times
this is 153 times which has already done.
----------------------------------------------------------------------------------------------------
this is 154 times / overall 1000 times
1.5571538249074712 1.123503021566797 1.130708191745163
----------------------------------------------------------------------------------------------------
find index iteration: 0 5000
short indx is [[   0 4918  650 ...  917 3003  372]
 [   1 4895 1821 ... 3152 1784 3537]
 [   2 2805  752 ... 3048 4681 3329]
 ...
 [4997 3385 2139 ... 1415 1682  520]
 [4998  785 1336 ... 1290 1550 3962]
 [4999 1939 2825 ... 2834  877 3690]]
Scaled residual std at t=154: [3.11430765 2.24700604 2.26141638]
start_idx is 0; end_idx is 5000
this is 0 times / overall 2000 times
this is 100 times / overall 2000 times
this is 200 times / overall 2000 times
this is 300 times / overall 2000 times
this is 400 times / overall 2000 times
this is 500 times / overall 2000 times
this is 600 times / overall 2000 times
this is 700 times / overall 2000 times
this is 800 times / overall 2000 times
this is 900 times / overall 2000 times
this is 1000 times / overall 2000 times
this is 1100 times / overall 2000 times
this is 1200 times / overall 2000 times
this is 1300 times / overall 2000 times
this is 1400 times / overall 2000 times
this is 1500 times / overall 2000 times
this is 1600 times / overall 2000 times
this is 1700 times / overall 2000 times
this is 1800 times / overall 2000 times
this is 1900 times / overall 2000 times
this is 154 times which has already done.
----------------------------------------------------------------------------------------------------
this is 155 times / overall 1000 times
1.589066175437788 1.1211199507105531 1.119176643815178
----------------------------------------------------------------------------------------------------
find index iteration: 0 5000
short indx is [[   0 4918 3866 ... 2477 4439 4718]
 [   1 4687 1821 ...   31  873 1022]
 [   2 1076 1757 ... 3604 4454 1576]
 ...
 [4997 3385   66 ... 2378 1600 4164]
 [4998 1405 4738 ...  559 3625 1147]
 [4999 2599 1939 ... 2555 2475 3572]]
Scaled residual std at t=155: [3.17813235 2.2422399  2.23835329]
start_idx is 0; end_idx is 5000
this is 0 times / overall 2000 times
this is 100 times / overall 2000 times
this is 200 times / overall 2000 times
this is 300 times / overall 2000 times
this is 400 times / overall 2000 times
this is 500 times / overall 2000 times
this is 600 times / overall 2000 times
this is 700 times / overall 2000 times
this is 800 times / overall 2000 times
this is 900 times / overall 2000 times
this is 1000 times / overall 2000 times
this is 1100 times / overall 2000 times
this is 1200 times / overall 2000 times
this is 1300 times / overall 2000 times
this is 1400 times / overall 2000 times
this is 1500 times / overall 2000 times
this is 1600 times / overall 2000 times
this is 1700 times / overall 2000 times
this is 1800 times / overall 2000 times
this is 1900 times / overall 2000 times
this is 155 times which has already done.
----------------------------------------------------------------------------------------------------
this is 156 times / overall 1000 times
1.5854483173941387 1.1357670706089114 1.1203246592580025
----------------------------------------------------------------------------------------------------
find index iteration: 0 5000
short indx is [[   0 4918 1492 ...  602 1407 4035]
 [   1 4687 4895 ... 1772  221 1590]
 [   2 1757 1405 ... 3412 1969 2418]
 ...
 [4997 3135 2068 ... 1952 4549 2137]
 [4998  610 2104 ... 2582 4129 3857]
 [4999 2599  437 ... 1769 1336 2763]]
Scaled residual std at t=156: [3.17089663 2.27153414 2.24064932]
start_idx is 0; end_idx is 5000
this is 0 times / overall 2000 times
this is 100 times / overall 2000 times
this is 200 times / overall 2000 times
this is 300 times / overall 2000 times
this is 400 times / overall 2000 times
this is 500 times / overall 2000 times
this is 600 times / overall 2000 times
this is 700 times / overall 2000 times
this is 800 times / overall 2000 times
this is 900 times / overall 2000 times
this is 1000 times / overall 2000 times
this is 1100 times / overall 2000 times
this is 1200 times / overall 2000 times
this is 1300 times / overall 2000 times
this is 1400 times / overall 2000 times
this is 1500 times / overall 2000 times
this is 1600 times / overall 2000 times
this is 1700 times / overall 2000 times
this is 1800 times / overall 2000 times
this is 1900 times / overall 2000 times
this is 156 times which has already done.
----------------------------------------------------------------------------------------------------
this is 157 times / overall 1000 times
1.5993215415706992 1.1336984448673482 1.1252753440467052
----------------------------------------------------------------------------------------------------
find index iteration: 0 5000
short indx is [[   0 4918 4928 ...  676 3153 4548]
 [   1 4687 4895 ... 4632 2128 1054]
 [   2 2337 1076 ... 4579 3820 4788]
 ...
 [4997 2671 3135 ...  248 4709  825]
 [4998 1184 3641 ... 1448 1284 2788]
 [4999 1243 1939 ... 4561 1310 1915]]
Scaled residual std at t=157: [3.19864308 2.26739689 2.25055069]
start_idx is 0; end_idx is 5000
this is 0 times / overall 2000 times
this is 100 times / overall 2000 times
this is 200 times / overall 2000 times
this is 300 times / overall 2000 times
this is 400 times / overall 2000 times
this is 500 times / overall 2000 times
this is 600 times / overall 2000 times
this is 700 times / overall 2000 times
this is 800 times / overall 2000 times
this is 900 times / overall 2000 times
this is 1000 times / overall 2000 times
this is 1100 times / overall 2000 times
this is 1200 times / overall 2000 times
this is 1300 times / overall 2000 times
this is 1400 times / overall 2000 times
this is 1500 times / overall 2000 times
this is 1600 times / overall 2000 times
this is 1700 times / overall 2000 times
this is 1800 times / overall 2000 times
this is 1900 times / overall 2000 times
this is 157 times which has already done.
----------------------------------------------------------------------------------------------------
this is 158 times / overall 1000 times
1.5708588996058808 1.1126423489829051 1.1092827116899024
----------------------------------------------------------------------------------------------------
find index iteration: 0 5000
short indx is [[   0 4918 4928 ... 4662 3122 3801]
 [   1 4687 4895 ... 4883 3258 4317]
 [   2 3662 1901 ... 2218  293 4746]
 ...
 [4997 3538 3135 ... 2531  995 1386]
 [4998 2159 1263 ... 3898 1962  539]
 [4999 2599 2515 ... 3668 4990 1050]]
Scaled residual std at t=158: [3.1417178  2.2252847  2.21856542]
start_idx is 0; end_idx is 5000
this is 0 times / overall 2000 times
this is 100 times / overall 2000 times
this is 200 times / overall 2000 times
this is 300 times / overall 2000 times
this is 400 times / overall 2000 times
this is 500 times / overall 2000 times
this is 600 times / overall 2000 times
this is 700 times / overall 2000 times
this is 800 times / overall 2000 times
this is 900 times / overall 2000 times
this is 1000 times / overall 2000 times
this is 1100 times / overall 2000 times
this is 1200 times / overall 2000 times
this is 1300 times / overall 2000 times
this is 1400 times / overall 2000 times
this is 1500 times / overall 2000 times
this is 1600 times / overall 2000 times
this is 1700 times / overall 2000 times
this is 1800 times / overall 2000 times
this is 1900 times / overall 2000 times
this is 158 times which has already done.
----------------------------------------------------------------------------------------------------
this is 159 times / overall 1000 times
1.5668044952301756 1.151345425596441 1.1270921125294753
----------------------------------------------------------------------------------------------------
find index iteration: 0 5000
short indx is [[   0 4918 2783 ... 3874 1586 3447]
 [   1 4687 4895 ... 2115 3732 4920]
 [   2 2846 1076 ... 2035 4320 1283]
 ...
 [4997 3538 2068 ... 3128 3233 1165]
 [4998 4564 1184 ... 2382  872 2758]
 [4999 2515  632 ... 3555 2879  382]]
Scaled residual std at t=159: [3.13360899 2.30269085 2.25418423]
start_idx is 0; end_idx is 5000
this is 0 times / overall 2000 times
this is 100 times / overall 2000 times
this is 200 times / overall 2000 times
this is 300 times / overall 2000 times
this is 400 times / overall 2000 times
this is 500 times / overall 2000 times
this is 600 times / overall 2000 times
this is 700 times / overall 2000 times
this is 800 times / overall 2000 times
this is 900 times / overall 2000 times
this is 1000 times / overall 2000 times
this is 1100 times / overall 2000 times
this is 1200 times / overall 2000 times
this is 1300 times / overall 2000 times
this is 1400 times / overall 2000 times
this is 1500 times / overall 2000 times
this is 1600 times / overall 2000 times
this is 1700 times / overall 2000 times
this is 1800 times / overall 2000 times
this is 1900 times / overall 2000 times
this is 159 times which has already done.
----------------------------------------------------------------------------------------------------
this is 160 times / overall 1000 times
1.5948062892435448 1.13815266069376 1.1249923301103295
----------------------------------------------------------------------------------------------------
find index iteration: 0 5000
short indx is [[   0 4918 2783 ... 4719 4689 2291]
 [   1 4895  327 ... 4106  741 3258]
 [   2 2846 3591 ...  114 2699 2589]
 ...
 [4997 2139 2671 ... 4505 1299 3089]
 [4998  463 1861 ... 1956 4273 1262]
 [4999  632 3308 ... 1423 1831 3361]]
Scaled residual std at t=160: [3.18961258 2.27630532 2.24998466]
start_idx is 0; end_idx is 5000
this is 0 times / overall 2000 times
this is 100 times / overall 2000 times
this is 200 times / overall 2000 times
this is 300 times / overall 2000 times
this is 400 times / overall 2000 times
this is 500 times / overall 2000 times
this is 600 times / overall 2000 times
this is 700 times / overall 2000 times
this is 800 times / overall 2000 times
this is 900 times / overall 2000 times
this is 1000 times / overall 2000 times
this is 1100 times / overall 2000 times
this is 1200 times / overall 2000 times
this is 1300 times / overall 2000 times
this is 1400 times / overall 2000 times
this is 1500 times / overall 2000 times
this is 1600 times / overall 2000 times
this is 1700 times / overall 2000 times
this is 1800 times / overall 2000 times
this is 1900 times / overall 2000 times
this is 160 times which has already done.
----------------------------------------------------------------------------------------------------
this is 161 times / overall 1000 times
1.5919418038467297 1.1123223969803362 1.098167693452163
----------------------------------------------------------------------------------------------------
find index iteration: 0 5000
short indx is [[   0 2939 4928 ... 1188 1753 4596]
 [   1  327 4895 ... 2145 1865 4306]
 [   2 3989 2846 ...   76  260 4902]
 ...
 [4997 3538  636 ... 4756 1101  572]
 [4998 4308 1524 ... 4035 4254 3928]
 [4999 1202 2595 ...  457 1979 4990]]
Scaled residual std at t=161: [3.18388361 2.22464479 2.19633539]
start_idx is 0; end_idx is 5000
this is 0 times / overall 2000 times
this is 100 times / overall 2000 times
this is 200 times / overall 2000 times
this is 300 times / overall 2000 times
this is 400 times / overall 2000 times
this is 500 times / overall 2000 times
this is 600 times / overall 2000 times
this is 700 times / overall 2000 times
this is 800 times / overall 2000 times
this is 900 times / overall 2000 times
this is 1000 times / overall 2000 times
this is 1100 times / overall 2000 times
this is 1200 times / overall 2000 times
this is 1300 times / overall 2000 times
this is 1400 times / overall 2000 times
this is 1500 times / overall 2000 times
this is 1600 times / overall 2000 times
this is 1700 times / overall 2000 times
this is 1800 times / overall 2000 times
this is 1900 times / overall 2000 times
this is 161 times which has already done.
----------------------------------------------------------------------------------------------------
this is 162 times / overall 1000 times
1.6013112346954366 1.1269992022267754 1.1218730924133737
----------------------------------------------------------------------------------------------------
find index iteration: 0 5000
short indx is [[   0 2783 2939 ...    9 1041 1075]
 [   1 4687  327 ... 2988 4015 1045]
 [   2 3259 2046 ... 1159  192 3095]
 ...
 [4997 4371 3538 ... 4679 1423 3802]
 [4998 2213  956 ... 3858 3042 4772]
 [4999 1202 2441 ...  844 4431 4641]]
Scaled residual std at t=162: [3.20262247 2.2539984  2.24374618]
start_idx is 0; end_idx is 5000
this is 0 times / overall 2000 times
this is 100 times / overall 2000 times
this is 200 times / overall 2000 times
this is 300 times / overall 2000 times
this is 400 times / overall 2000 times
this is 500 times / overall 2000 times
this is 600 times / overall 2000 times
this is 700 times / overall 2000 times
this is 800 times / overall 2000 times
this is 900 times / overall 2000 times
this is 1000 times / overall 2000 times
this is 1100 times / overall 2000 times
this is 1200 times / overall 2000 times
this is 1300 times / overall 2000 times
this is 1400 times / overall 2000 times
this is 1500 times / overall 2000 times
this is 1600 times / overall 2000 times
this is 1700 times / overall 2000 times
this is 1800 times / overall 2000 times
this is 1900 times / overall 2000 times
this is 162 times which has already done.
----------------------------------------------------------------------------------------------------
this is 163 times / overall 1000 times
1.5904111884653342 1.1344199618102604 1.126117962578257
----------------------------------------------------------------------------------------------------
find index iteration: 0 5000
short indx is [[   0 2783 2939 ... 1140 4281 2061]
 [   1 4687  327 ... 4267 3795 4673]
 [   2 1398 2046 ... 3630  192   19]
 ...
 [4997 4371 1530 ... 3936 4583  343]
 [4998 1741 3944 ... 1998 1108  714]
 [4999 2441 3911 ... 2151 4035 2412]]
Scaled residual std at t=163: [3.18082238 2.26883992 2.25223593]
start_idx is 0; end_idx is 5000
this is 0 times / overall 2000 times
this is 100 times / overall 2000 times
this is 200 times / overall 2000 times
this is 300 times / overall 2000 times
this is 400 times / overall 2000 times
this is 500 times / overall 2000 times
this is 600 times / overall 2000 times
this is 700 times / overall 2000 times
this is 800 times / overall 2000 times
this is 900 times / overall 2000 times
this is 1000 times / overall 2000 times
this is 1100 times / overall 2000 times
this is 1200 times / overall 2000 times
this is 1300 times / overall 2000 times
this is 1400 times / overall 2000 times
this is 1500 times / overall 2000 times
this is 1600 times / overall 2000 times
this is 1700 times / overall 2000 times
this is 1800 times / overall 2000 times
this is 1900 times / overall 2000 times
this is 163 times which has already done.
----------------------------------------------------------------------------------------------------
this is 164 times / overall 1000 times
1.5571666401916058 1.110251419476025 1.1261403161922254
----------------------------------------------------------------------------------------------------
find index iteration: 0 5000
short indx is [[   0 2783 3342 ... 3519 4013 1628]
 [   1 4687  327 ... 4111  830  602]
 [   2 1057 2272 ... 2756 4505 2158]
 ...
 [4997 4371 3385 ...  408  721  495]
 [4998  187 2099 ... 2532 2437 2076]
 [4999 3911 2825 ... 3113 2771 1140]]
Scaled residual std at t=164: [3.11433328 2.22050284 2.25228063]
start_idx is 0; end_idx is 5000
this is 0 times / overall 2000 times
this is 100 times / overall 2000 times
this is 200 times / overall 2000 times
this is 300 times / overall 2000 times
this is 400 times / overall 2000 times
this is 500 times / overall 2000 times
this is 600 times / overall 2000 times
this is 700 times / overall 2000 times
this is 800 times / overall 2000 times
this is 900 times / overall 2000 times
this is 1000 times / overall 2000 times
this is 1100 times / overall 2000 times
this is 1200 times / overall 2000 times
this is 1300 times / overall 2000 times
this is 1400 times / overall 2000 times
this is 1500 times / overall 2000 times
this is 1600 times / overall 2000 times
this is 1700 times / overall 2000 times
this is 1800 times / overall 2000 times
this is 1900 times / overall 2000 times
this is 164 times which has already done.
----------------------------------------------------------------------------------------------------
this is 165 times / overall 1000 times
1.5980042050614873 1.1429073123888516 1.1045952651074704
----------------------------------------------------------------------------------------------------
find index iteration: 0 5000
short indx is [[   0 2939 2783 ... 4860 4023  741]
 [   1 4687  327 ... 1022 4876 1741]
 [   2 3506 4662 ... 3792 4007 1735]
 ...
 [4997 1475  737 ... 4341 4735 4409]
 [4998 1524 2235 ... 1641 2338 3586]
 [4999 2825 3911 ... 2728 1538 3690]]
Scaled residual std at t=165: [3.19600841 2.28581462 2.20919053]
start_idx is 0; end_idx is 5000
this is 0 times / overall 2000 times
this is 100 times / overall 2000 times
this is 200 times / overall 2000 times
this is 300 times / overall 2000 times
this is 400 times / overall 2000 times
this is 500 times / overall 2000 times
this is 600 times / overall 2000 times
this is 700 times / overall 2000 times
this is 800 times / overall 2000 times
this is 900 times / overall 2000 times
this is 1000 times / overall 2000 times
this is 1100 times / overall 2000 times
this is 1200 times / overall 2000 times
this is 1300 times / overall 2000 times
this is 1400 times / overall 2000 times
this is 1500 times / overall 2000 times
this is 1600 times / overall 2000 times
this is 1700 times / overall 2000 times
this is 1800 times / overall 2000 times
this is 1900 times / overall 2000 times
this is 165 times which has already done.
----------------------------------------------------------------------------------------------------
this is 166 times / overall 1000 times
1.61226353582341 1.1276455806165724 1.1105435486198634
----------------------------------------------------------------------------------------------------
find index iteration: 0 5000
short indx is [[   0 2939 2783 ... 1711  891 1280]
 [   1 4687  327 ... 2740 1717 1640]
 [   2 2570 4222 ... 2518  294  843]
 ...
 [4997 1530 4371 ... 1639  348   70]
 [4998  649 4551 ... 3044 1145 4668]
 [4999 2825 3645 ... 4523 4174 1042]]
Scaled residual std at t=166: [3.22452707 2.25529116 2.2210871 ]
start_idx is 0; end_idx is 5000
this is 0 times / overall 2000 times
this is 100 times / overall 2000 times
this is 200 times / overall 2000 times
this is 300 times / overall 2000 times
this is 400 times / overall 2000 times
this is 500 times / overall 2000 times
this is 600 times / overall 2000 times
this is 700 times / overall 2000 times
this is 800 times / overall 2000 times
this is 900 times / overall 2000 times
this is 1000 times / overall 2000 times
this is 1100 times / overall 2000 times
this is 1200 times / overall 2000 times
this is 1300 times / overall 2000 times
this is 1400 times / overall 2000 times
this is 1500 times / overall 2000 times
this is 1600 times / overall 2000 times
this is 1700 times / overall 2000 times
this is 1800 times / overall 2000 times
this is 1900 times / overall 2000 times
this is 166 times which has already done.
----------------------------------------------------------------------------------------------------
this is 167 times / overall 1000 times
1.606403984901376 1.1093338852193877 1.1096984680634487
----------------------------------------------------------------------------------------------------
find index iteration: 0 5000
short indx is [[   0 2939 1637 ...  605 2846 4599]
 [   1  327 4687 ... 2628 2899 2442]
 [   2 3062 2823 ...  199 2751 2116]
 ...
 [4997 3118 1530 ... 4872 4194 1784]
 [4998 4551 3641 ... 1928 2370  230]
 [4999 1202 3645 ... 1949 1355 3689]]
Scaled residual std at t=167: [3.21280797 2.21866777 2.21939694]
start_idx is 0; end_idx is 5000
this is 0 times / overall 2000 times
this is 100 times / overall 2000 times
this is 200 times / overall 2000 times
this is 300 times / overall 2000 times
this is 400 times / overall 2000 times
this is 500 times / overall 2000 times
this is 600 times / overall 2000 times
this is 700 times / overall 2000 times
this is 800 times / overall 2000 times
this is 900 times / overall 2000 times
this is 1000 times / overall 2000 times
this is 1100 times / overall 2000 times
this is 1200 times / overall 2000 times
this is 1300 times / overall 2000 times
this is 1400 times / overall 2000 times
this is 1500 times / overall 2000 times
this is 1600 times / overall 2000 times
this is 1700 times / overall 2000 times
this is 1800 times / overall 2000 times
this is 1900 times / overall 2000 times
this is 167 times which has already done.
----------------------------------------------------------------------------------------------------
this is 168 times / overall 1000 times
1.5688816818646736 1.1190138102855283 1.1308856224391906
----------------------------------------------------------------------------------------------------
find index iteration: 0 5000
short indx is [[   0  949 1637 ... 1478 3017 3186]
 [   1 4687  327 ...  254  713  345]
 [   2 2642 3062 ... 3332 3019  392]
 ...
 [4997  737 2105 ... 1754 1922 1030]
 [4998 1263 4551 ... 3343  916 2336]
 [4999 3645 2825 ... 1712 2079 1915]]
Scaled residual std at t=168: [3.13776336 2.23802762 2.26177124]
start_idx is 0; end_idx is 5000
this is 0 times / overall 2000 times
this is 100 times / overall 2000 times
this is 200 times / overall 2000 times
this is 300 times / overall 2000 times
this is 400 times / overall 2000 times
this is 500 times / overall 2000 times
this is 600 times / overall 2000 times
this is 700 times / overall 2000 times
this is 800 times / overall 2000 times
this is 900 times / overall 2000 times
this is 1000 times / overall 2000 times
this is 1100 times / overall 2000 times
this is 1200 times / overall 2000 times
this is 1300 times / overall 2000 times
this is 1400 times / overall 2000 times
this is 1500 times / overall 2000 times
this is 1600 times / overall 2000 times
this is 1700 times / overall 2000 times
this is 1800 times / overall 2000 times
this is 1900 times / overall 2000 times
this is 168 times which has already done.
----------------------------------------------------------------------------------------------------
this is 169 times / overall 1000 times
1.578689147804643 1.1311540458256852 1.1256123985375055
----------------------------------------------------------------------------------------------------
find index iteration: 0 5000
short indx is [[   0  949 2939 ... 1523 4745 4453]
 [   1 2244 4687 ... 3646 2562 4961]
 [   2 2449 2948 ... 1881 3751 3042]
 ...
 [4997 2002  211 ...  646  228 4199]
 [4998  649  845 ... 2476 4881 2258]
 [4999 3645 3756 ... 2234 2858 2010]]
Scaled residual std at t=169: [3.1573783  2.26230809 2.2512248 ]
start_idx is 0; end_idx is 5000
this is 0 times / overall 2000 times
this is 100 times / overall 2000 times
this is 200 times / overall 2000 times
this is 300 times / overall 2000 times
this is 400 times / overall 2000 times
this is 500 times / overall 2000 times
this is 600 times / overall 2000 times
this is 700 times / overall 2000 times
this is 800 times / overall 2000 times
this is 900 times / overall 2000 times
this is 1000 times / overall 2000 times
this is 1100 times / overall 2000 times
this is 1200 times / overall 2000 times
this is 1300 times / overall 2000 times
this is 1400 times / overall 2000 times
this is 1500 times / overall 2000 times
this is 1600 times / overall 2000 times
this is 1700 times / overall 2000 times
this is 1800 times / overall 2000 times
this is 1900 times / overall 2000 times
this is 169 times which has already done.
----------------------------------------------------------------------------------------------------
this is 170 times / overall 1000 times
1.5825495956302065 1.1453377695861438 1.1302709653375482
----------------------------------------------------------------------------------------------------
find index iteration: 0 5000
short indx is [[   0  949   14 ... 4267  871  754]
 [   1 4687 2006 ... 4515 1876  798]
 [   2  448  734 ... 3636 4688 3246]
 ...
 [4997 3538 2798 ... 2816 1993 1271]
 [4998  577  845 ... 2478  841 1187]
 [4999 3911 1774 ...  163 2188  931]]
Scaled residual std at t=170: [3.16509919 2.29067554 2.26054193]
start_idx is 0; end_idx is 5000
this is 0 times / overall 2000 times
this is 100 times / overall 2000 times
this is 200 times / overall 2000 times
this is 300 times / overall 2000 times
this is 400 times / overall 2000 times
this is 500 times / overall 2000 times
this is 600 times / overall 2000 times
this is 700 times / overall 2000 times
this is 800 times / overall 2000 times
this is 900 times / overall 2000 times
this is 1000 times / overall 2000 times
this is 1100 times / overall 2000 times
this is 1200 times / overall 2000 times
this is 1300 times / overall 2000 times
this is 1400 times / overall 2000 times
this is 1500 times / overall 2000 times
this is 1600 times / overall 2000 times
this is 1700 times / overall 2000 times
this is 1800 times / overall 2000 times
this is 1900 times / overall 2000 times
this is 170 times which has already done.
----------------------------------------------------------------------------------------------------
this is 171 times / overall 1000 times
1.5953864596090823 1.1382614583664281 1.1147138978982452
----------------------------------------------------------------------------------------------------
find index iteration: 0 5000
short indx is [[   0   14 2073 ... 3644  722  422]
 [   1  327  547 ... 1205 4343  300]
 [   2   96 4935 ...  727 4920 4308]
 ...
 [4997 2002 4077 ...  849  640 1856]
 [4998 4040 4271 ... 4735 3253 3502]
 [4999 3911 1774 ... 2103 2596  819]]
Scaled residual std at t=171: [3.19077292 2.27652292 2.2294278 ]
start_idx is 0; end_idx is 5000
this is 0 times / overall 2000 times
this is 100 times / overall 2000 times
this is 200 times / overall 2000 times
this is 300 times / overall 2000 times
this is 400 times / overall 2000 times
this is 500 times / overall 2000 times
this is 600 times / overall 2000 times
this is 700 times / overall 2000 times
this is 800 times / overall 2000 times
this is 900 times / overall 2000 times
this is 1000 times / overall 2000 times
this is 1100 times / overall 2000 times
this is 1200 times / overall 2000 times
this is 1300 times / overall 2000 times
this is 1400 times / overall 2000 times
this is 1500 times / overall 2000 times
this is 1600 times / overall 2000 times
this is 1700 times / overall 2000 times
this is 1800 times / overall 2000 times
this is 1900 times / overall 2000 times
this is 171 times which has already done.
----------------------------------------------------------------------------------------------------
this is 172 times / overall 1000 times
1.5859830364001641 1.1416687884230285 1.1039816582729267
----------------------------------------------------------------------------------------------------
find index iteration: 0 5000
short indx is [[   0  554   14 ... 1398  862 3316]
 [   1  327 2017 ... 4605 3374 2173]
 [   2 4095 4935 ... 4431 3753 1660]
 ...
 [4997 2002 2943 ... 2862 4556  531]
 [4998 1411 1341 ... 1476 4383  467]
 [4999 3911 3503 ... 4020 1926 4299]]
Scaled residual std at t=172: [3.17196607 2.28333758 2.20796332]
start_idx is 0; end_idx is 5000
this is 0 times / overall 2000 times
this is 100 times / overall 2000 times
this is 200 times / overall 2000 times
this is 300 times / overall 2000 times
this is 400 times / overall 2000 times
this is 500 times / overall 2000 times
this is 600 times / overall 2000 times
this is 700 times / overall 2000 times
this is 800 times / overall 2000 times
this is 900 times / overall 2000 times
this is 1000 times / overall 2000 times
this is 1100 times / overall 2000 times
this is 1200 times / overall 2000 times
this is 1300 times / overall 2000 times
this is 1400 times / overall 2000 times
this is 1500 times / overall 2000 times
this is 1600 times / overall 2000 times
this is 1700 times / overall 2000 times
this is 1800 times / overall 2000 times
this is 1900 times / overall 2000 times
this is 172 times which has already done.
----------------------------------------------------------------------------------------------------
this is 173 times / overall 1000 times
1.6051509189661728 1.1471807418465512 1.1007663222610857
----------------------------------------------------------------------------------------------------
find index iteration: 0 5000
short indx is [[   0 3757 4481 ... 1893 2107 3568]
 [   1  327 2017 ...  676 1966  662]
 [   2   96 3592 ... 4753 3176 4831]
 ...
 [4997 4751 2068 ... 1410 4595 1064]
 [4998 1997  439 ... 2881 3161 3365]
 [4999 3503 1774 ... 2360 2489 1996]]
Scaled residual std at t=173: [3.21030184 2.29436148 2.20153264]
start_idx is 0; end_idx is 5000
this is 0 times / overall 2000 times
this is 100 times / overall 2000 times
this is 200 times / overall 2000 times
this is 300 times / overall 2000 times
this is 400 times / overall 2000 times
this is 500 times / overall 2000 times
this is 600 times / overall 2000 times
this is 700 times / overall 2000 times
this is 800 times / overall 2000 times
this is 900 times / overall 2000 times
this is 1000 times / overall 2000 times
this is 1100 times / overall 2000 times
this is 1200 times / overall 2000 times
this is 1300 times / overall 2000 times
this is 1400 times / overall 2000 times
this is 1500 times / overall 2000 times
this is 1600 times / overall 2000 times
this is 1700 times / overall 2000 times
this is 1800 times / overall 2000 times
this is 1900 times / overall 2000 times
this is 173 times which has already done.
----------------------------------------------------------------------------------------------------
this is 174 times / overall 1000 times
1.5982853717780083 1.1198790751109708 1.12564717228668
----------------------------------------------------------------------------------------------------
find index iteration: 0 5000
short indx is [[   0 4928 3757 ... 4529 2241 1730]
 [   1  327 2006 ... 2444  445 1621]
 [   2 3876 2480 ... 3751 3329 2105]
 ...
 [4997 2379 4371 ... 2173 2988 2799]
 [4998 2241  960 ... 4493 2047 1732]
 [4999 3503 3131 ...  940 1131 3300]]
Scaled residual std at t=174: [3.19657074 2.23975815 2.25129434]
start_idx is 0; end_idx is 5000
this is 0 times / overall 2000 times
this is 100 times / overall 2000 times
this is 200 times / overall 2000 times
this is 300 times / overall 2000 times
this is 400 times / overall 2000 times
this is 500 times / overall 2000 times
this is 600 times / overall 2000 times
this is 700 times / overall 2000 times
this is 800 times / overall 2000 times
this is 900 times / overall 2000 times
this is 1000 times / overall 2000 times
this is 1100 times / overall 2000 times
this is 1200 times / overall 2000 times
this is 1300 times / overall 2000 times
this is 1400 times / overall 2000 times
this is 1500 times / overall 2000 times
this is 1600 times / overall 2000 times
this is 1700 times / overall 2000 times
this is 1800 times / overall 2000 times
this is 1900 times / overall 2000 times
this is 174 times which has already done.
----------------------------------------------------------------------------------------------------
this is 175 times / overall 1000 times
1.576490453392189 1.126024578380078 1.116647005282369
----------------------------------------------------------------------------------------------------
find index iteration: 0 5000
short indx is [[   0  819 3757 ... 1841    2 4446]
 [   1  327 2006 ... 4421 2214 4064]
 [   2 4096  713 ... 2985 4193 1209]
 ...
 [4997 2379  211 ... 4637 3305 4881]
 [4998 2491 1997 ... 1636 1310 1579]
 [4999 3131 1774 ... 2648 3575  506]]
Scaled residual std at t=175: [3.15298091 2.25204916 2.23329401]
start_idx is 0; end_idx is 5000
this is 0 times / overall 2000 times
this is 100 times / overall 2000 times
this is 200 times / overall 2000 times
this is 300 times / overall 2000 times
this is 400 times / overall 2000 times
this is 500 times / overall 2000 times
this is 600 times / overall 2000 times
this is 700 times / overall 2000 times
this is 800 times / overall 2000 times
this is 900 times / overall 2000 times
this is 1000 times / overall 2000 times
this is 1100 times / overall 2000 times
this is 1200 times / overall 2000 times
this is 1300 times / overall 2000 times
this is 1400 times / overall 2000 times
this is 1500 times / overall 2000 times
this is 1600 times / overall 2000 times
this is 1700 times / overall 2000 times
this is 1800 times / overall 2000 times
this is 1900 times / overall 2000 times
this is 175 times which has already done.
----------------------------------------------------------------------------------------------------
this is 176 times / overall 1000 times
1.6027350605044495 1.1135197671529702 1.1122070597513776
----------------------------------------------------------------------------------------------------
find index iteration: 0 5000
short indx is [[   0 4846 3757 ... 2673  754 3960]
 [   1  327 2006 ... 3654 4075 4498]
 [   2 2480 3876 ... 4951 3970 1117]
 ...
 [4997 2671 1074 ... 2311 1529 1652]
 [4998 1997  602 ...  661 1926 3009]
 [4999 3131 1774 ... 3317 2079 3488]]
Scaled residual std at t=176: [3.20547012 2.22703953 2.22441412]
start_idx is 0; end_idx is 5000
this is 0 times / overall 2000 times
this is 100 times / overall 2000 times
this is 200 times / overall 2000 times
this is 300 times / overall 2000 times
this is 400 times / overall 2000 times
this is 500 times / overall 2000 times
this is 600 times / overall 2000 times
this is 700 times / overall 2000 times
this is 800 times / overall 2000 times
this is 900 times / overall 2000 times
this is 1000 times / overall 2000 times
this is 1100 times / overall 2000 times
this is 1200 times / overall 2000 times
this is 1300 times / overall 2000 times
this is 1400 times / overall 2000 times
this is 1500 times / overall 2000 times
this is 1600 times / overall 2000 times
this is 1700 times / overall 2000 times
this is 1800 times / overall 2000 times
this is 1900 times / overall 2000 times
this is 176 times which has already done.
----------------------------------------------------------------------------------------------------
this is 177 times / overall 1000 times
1.5824036211033234 1.1410973485089297 1.1074948698795235
----------------------------------------------------------------------------------------------------
find index iteration: 0 5000
short indx is [[   0 3757  554 ... 1150 3031 4662]
 [   1 2006  547 ... 1531 4961 3432]
 [   2 1393 2983 ... 1205 4851 1968]
 ...
 [4997  728 3676 ... 2858 4059 2311]
 [4998  595  446 ... 4880 1623 3066]
 [4999 3131 4570 ... 1399 3245 4154]]
Scaled residual std at t=177: [3.16480724 2.2821947  2.21498974]
start_idx is 0; end_idx is 5000
this is 0 times / overall 2000 times
this is 100 times / overall 2000 times
this is 200 times / overall 2000 times
this is 300 times / overall 2000 times
this is 400 times / overall 2000 times
this is 500 times / overall 2000 times
this is 600 times / overall 2000 times
this is 700 times / overall 2000 times
this is 800 times / overall 2000 times
this is 900 times / overall 2000 times
this is 1000 times / overall 2000 times
this is 1100 times / overall 2000 times
this is 1200 times / overall 2000 times
this is 1300 times / overall 2000 times
this is 1400 times / overall 2000 times
this is 1500 times / overall 2000 times
this is 1600 times / overall 2000 times
this is 1700 times / overall 2000 times
this is 1800 times / overall 2000 times
this is 1900 times / overall 2000 times
this is 177 times which has already done.
----------------------------------------------------------------------------------------------------
this is 178 times / overall 1000 times
1.5826080283273927 1.1125598385429691 1.103931556264989
----------------------------------------------------------------------------------------------------
find index iteration: 0 5000
short indx is [[   0   14  819 ... 1733 3586 1651]
 [   1 2006 1471 ... 3906 2610 2037]
 [   2 3876  541 ...  782 1542 2087]
 ...
 [4997 3643 2829 ... 1143  993 1752]
 [4998 3315 3717 ... 2312 3908 3200]
 [4999 1774 3131 ... 2662 1349  322]]
Scaled residual std at t=178: [3.16521606 2.22511968 2.20786311]
start_idx is 0; end_idx is 5000
this is 0 times / overall 2000 times
this is 100 times / overall 2000 times
this is 200 times / overall 2000 times
this is 300 times / overall 2000 times
this is 400 times / overall 2000 times
this is 500 times / overall 2000 times
this is 600 times / overall 2000 times
this is 700 times / overall 2000 times
this is 800 times / overall 2000 times
this is 900 times / overall 2000 times
this is 1000 times / overall 2000 times
this is 1100 times / overall 2000 times
this is 1200 times / overall 2000 times
this is 1300 times / overall 2000 times
this is 1400 times / overall 2000 times
this is 1500 times / overall 2000 times
this is 1600 times / overall 2000 times
this is 1700 times / overall 2000 times
this is 1800 times / overall 2000 times
this is 1900 times / overall 2000 times
this is 178 times which has already done.
----------------------------------------------------------------------------------------------------
this is 179 times / overall 1000 times
1.6051940682821633 1.1311877953246792 1.1113868323203886
----------------------------------------------------------------------------------------------------
find index iteration: 0 5000
short indx is [[   0  554  819 ... 2846 2882 1539]
 [   1 2006 1471 ... 4647 3956 1949]
 [   2  541 4511 ...  570 2766 3991]
 ...
 [4997 3538 3643 ... 2429 1041 4758]
 [4998  711  284 ... 2500  893 2730]
 [4999 3131 1774 ... 1393 1208  608]]
Scaled residual std at t=179: [3.21038814 2.26237559 2.22277366]
start_idx is 0; end_idx is 5000
this is 0 times / overall 2000 times
this is 100 times / overall 2000 times
this is 200 times / overall 2000 times
this is 300 times / overall 2000 times
this is 400 times / overall 2000 times
this is 500 times / overall 2000 times
this is 600 times / overall 2000 times
this is 700 times / overall 2000 times
this is 800 times / overall 2000 times
this is 900 times / overall 2000 times
this is 1000 times / overall 2000 times
this is 1100 times / overall 2000 times
this is 1200 times / overall 2000 times
this is 1300 times / overall 2000 times
this is 1400 times / overall 2000 times
this is 1500 times / overall 2000 times
this is 1600 times / overall 2000 times
this is 1700 times / overall 2000 times
this is 1800 times / overall 2000 times
this is 1900 times / overall 2000 times
this is 179 times which has already done.
----------------------------------------------------------------------------------------------------
this is 180 times / overall 1000 times
1.5413085441694332 1.1225718617302103 1.1364136293518303
----------------------------------------------------------------------------------------------------
find index iteration: 0 5000
short indx is [[   0  554 4481 ... 4382  808 2978]
 [   1 1471  327 ...  739 2338 2262]
 [   2 4511  426 ...  385 1174  363]
 ...
 [4997 2829 3643 ... 3028 3148 3861]
 [4998  711 4941 ... 2587 4420 3032]
 [4999 1448 4133 ...  101 2904 4909]]
Scaled residual std at t=180: [3.08261709 2.24514372 2.27282726]
start_idx is 0; end_idx is 5000
this is 0 times / overall 2000 times
this is 100 times / overall 2000 times
this is 200 times / overall 2000 times
this is 300 times / overall 2000 times
this is 400 times / overall 2000 times
this is 500 times / overall 2000 times
this is 600 times / overall 2000 times
this is 700 times / overall 2000 times
this is 800 times / overall 2000 times
this is 900 times / overall 2000 times
this is 1000 times / overall 2000 times
this is 1100 times / overall 2000 times
this is 1200 times / overall 2000 times
this is 1300 times / overall 2000 times
this is 1400 times / overall 2000 times
this is 1500 times / overall 2000 times
this is 1600 times / overall 2000 times
this is 1700 times / overall 2000 times
this is 1800 times / overall 2000 times
this is 1900 times / overall 2000 times
this is 180 times which has already done.
----------------------------------------------------------------------------------------------------
this is 181 times / overall 1000 times
1.546084698945725 1.0986795638021316 1.1282526511133313
----------------------------------------------------------------------------------------------------
find index iteration: 0 5000
short indx is [[   0  554 4481 ... 1370 4268 2248]
 [   1 2006  547 ...  262 1034 3476]
 [   2 1497 1878 ... 3930  754 3689]
 ...
 [4997 2801 3643 ... 4775 3061  907]
 [4998  711 1782 ... 2249 4182 3335]
 [4999 4338 2638 ...  154 2050 3793]]
Scaled residual std at t=181: [3.0921694  2.19735913 2.2565053 ]
start_idx is 0; end_idx is 5000
this is 0 times / overall 2000 times
this is 100 times / overall 2000 times
this is 200 times / overall 2000 times
this is 300 times / overall 2000 times
this is 400 times / overall 2000 times
this is 500 times / overall 2000 times
this is 600 times / overall 2000 times
this is 700 times / overall 2000 times
this is 800 times / overall 2000 times
this is 900 times / overall 2000 times
this is 1000 times / overall 2000 times
this is 1100 times / overall 2000 times
this is 1200 times / overall 2000 times
this is 1300 times / overall 2000 times
this is 1400 times / overall 2000 times
this is 1500 times / overall 2000 times
this is 1600 times / overall 2000 times
this is 1700 times / overall 2000 times
this is 1800 times / overall 2000 times
this is 1900 times / overall 2000 times
this is 181 times which has already done.
----------------------------------------------------------------------------------------------------
this is 182 times / overall 1000 times
1.5975674041548045 1.1262325600168028 1.1076597071321426
----------------------------------------------------------------------------------------------------
find index iteration: 0 5000
short indx is [[   0 4481 1860 ...  346  129 4657]
 [   1 2006 4687 ... 4859  611 3176]
 [   2  786 3153 ... 2608 2320 1758]
 ...
 [4997 4800 4297 ... 4122 1461 4679]
 [4998  711 3944 ... 4688  251   35]
 [4999 4979 2638 ... 4720 4333 4132]]
Scaled residual std at t=182: [3.19513481 2.25246512 2.21531941]
start_idx is 0; end_idx is 5000
this is 0 times / overall 2000 times
this is 100 times / overall 2000 times
this is 200 times / overall 2000 times
this is 300 times / overall 2000 times
this is 400 times / overall 2000 times
this is 500 times / overall 2000 times
this is 600 times / overall 2000 times
this is 700 times / overall 2000 times
this is 800 times / overall 2000 times
this is 900 times / overall 2000 times
this is 1000 times / overall 2000 times
this is 1100 times / overall 2000 times
this is 1200 times / overall 2000 times
this is 1300 times / overall 2000 times
this is 1400 times / overall 2000 times
this is 1500 times / overall 2000 times
this is 1600 times / overall 2000 times
this is 1700 times / overall 2000 times
this is 1800 times / overall 2000 times
this is 1900 times / overall 2000 times
this is 182 times which has already done.
----------------------------------------------------------------------------------------------------
this is 183 times / overall 1000 times
1.5766026575460894 1.1373123049503047 1.1057074539670957
----------------------------------------------------------------------------------------------------
find index iteration: 0 5000
short indx is [[   0 1860 4481 ... 2294 4062 4840]
 [   1 2006 4687 ... 1734 1659 3534]
 [   2  411  553 ... 1559  481 2671]
 ...
 [4997 4297 4493 ...  187 2292 2428]
 [4998  215  522 ...  841 2643 4815]
 [4999   12 2638 ... 1017 1692 3882]]
Scaled residual std at t=183: [3.15320532 2.27462461 2.21141491]
start_idx is 0; end_idx is 5000
this is 0 times / overall 2000 times
this is 100 times / overall 2000 times
this is 200 times / overall 2000 times
this is 300 times / overall 2000 times
this is 400 times / overall 2000 times
this is 500 times / overall 2000 times
this is 600 times / overall 2000 times
this is 700 times / overall 2000 times
this is 800 times / overall 2000 times
this is 900 times / overall 2000 times
this is 1000 times / overall 2000 times
this is 1100 times / overall 2000 times
this is 1200 times / overall 2000 times
this is 1300 times / overall 2000 times
this is 1400 times / overall 2000 times
this is 1500 times / overall 2000 times
this is 1600 times / overall 2000 times
this is 1700 times / overall 2000 times
this is 1800 times / overall 2000 times
this is 1900 times / overall 2000 times
this is 183 times which has already done.
----------------------------------------------------------------------------------------------------
this is 184 times / overall 1000 times
1.5819854900893648 1.1298220922976339 1.116706258404673
----------------------------------------------------------------------------------------------------
find index iteration: 0 5000
short indx is [[   0 1637  554 ... 1174 3275 4511]
 [   1 2006 4687 ... 4385 1643  113]
 [   2  411 4262 ... 3141 1636 1622]
 ...
 [4997 4493 4297 ... 1031 3936 3918]
 [4998  385 3074 ... 2481 2317 2999]
 [4999 3691 1110 ... 4298  728 2670]]
Scaled residual std at t=184: [3.16397098 2.25964418 2.23341252]
start_idx is 0; end_idx is 5000
this is 0 times / overall 2000 times
this is 100 times / overall 2000 times
this is 200 times / overall 2000 times
this is 300 times / overall 2000 times
this is 400 times / overall 2000 times
this is 500 times / overall 2000 times
this is 600 times / overall 2000 times
this is 700 times / overall 2000 times
this is 800 times / overall 2000 times
this is 900 times / overall 2000 times
this is 1000 times / overall 2000 times
this is 1100 times / overall 2000 times
this is 1200 times / overall 2000 times
this is 1300 times / overall 2000 times
this is 1400 times / overall 2000 times
this is 1500 times / overall 2000 times
this is 1600 times / overall 2000 times
this is 1700 times / overall 2000 times
this is 1800 times / overall 2000 times
this is 1900 times / overall 2000 times
this is 184 times which has already done.
----------------------------------------------------------------------------------------------------
this is 185 times / overall 1000 times
1.5875501077834149 1.1381685319979902 1.106849724282938
----------------------------------------------------------------------------------------------------
find index iteration: 0 5000
short indx is [[   0 1547  413 ... 3762 2841 1281]
 [   1 2006 4687 ... 2866 2029 3679]
 [   2 4262 1357 ... 3654 1236 2942]
 ...
 [4997 4493 4297 ... 2652 1445 2450]
 [4998  385 3074 ... 4773 1712 1421]
 [4999 3691 2638 ... 2942 2670 3448]]
Scaled residual std at t=185: [3.17510022 2.27633706 2.21369945]
start_idx is 0; end_idx is 5000
this is 0 times / overall 2000 times
this is 100 times / overall 2000 times
this is 200 times / overall 2000 times
this is 300 times / overall 2000 times
this is 400 times / overall 2000 times
this is 500 times / overall 2000 times
this is 600 times / overall 2000 times
this is 700 times / overall 2000 times
this is 800 times / overall 2000 times
this is 900 times / overall 2000 times
this is 1000 times / overall 2000 times
this is 1100 times / overall 2000 times
this is 1200 times / overall 2000 times
this is 1300 times / overall 2000 times
this is 1400 times / overall 2000 times
this is 1500 times / overall 2000 times
this is 1600 times / overall 2000 times
this is 1700 times / overall 2000 times
this is 1800 times / overall 2000 times
this is 1900 times / overall 2000 times
this is 185 times which has already done.
----------------------------------------------------------------------------------------------------
this is 186 times / overall 1000 times
1.5375537760132587 1.1244852728551575 1.1176171796184358
----------------------------------------------------------------------------------------------------
find index iteration: 0 5000
short indx is [[   0 2301 3228 ... 1933 3840   63]
 [   1 2006 4687 ... 4359 3039 1104]
 [   2 4549 1497 ... 1724 4068 2461]
 ...
 [4997 4297 2315 ... 3155 4105 2979]
 [4998  522 3286 ... 1422 2007 2986]
 [4999 3614 4338 ... 1363  487  740]]
Scaled residual std at t=186: [3.07510755 2.24897055 2.23523436]
start_idx is 0; end_idx is 5000
this is 0 times / overall 2000 times
this is 100 times / overall 2000 times
this is 200 times / overall 2000 times
this is 300 times / overall 2000 times
this is 400 times / overall 2000 times
this is 500 times / overall 2000 times
this is 600 times / overall 2000 times
this is 700 times / overall 2000 times
this is 800 times / overall 2000 times
this is 900 times / overall 2000 times
this is 1000 times / overall 2000 times
this is 1100 times / overall 2000 times
this is 1200 times / overall 2000 times
this is 1300 times / overall 2000 times
this is 1400 times / overall 2000 times
this is 1500 times / overall 2000 times
this is 1600 times / overall 2000 times
this is 1700 times / overall 2000 times
this is 1800 times / overall 2000 times
this is 1900 times / overall 2000 times
this is 186 times which has already done.
----------------------------------------------------------------------------------------------------
this is 187 times / overall 1000 times
1.5840284805973985 1.1219183131816024 1.1134092320162572
----------------------------------------------------------------------------------------------------
find index iteration: 0 5000
short indx is [[   0 2301 1547 ... 1560  444 1960]
 [   1 2006 4687 ... 1909 3679 2256]
 [   2  361 4096 ... 4502 2271 1230]
 ...
 [4997 4297 4493 ... 3576 2636 3249]
 [4998 3286 4566 ... 1846 2493 2266]
 [4999 4338 3463 ... 4967 3870 3866]]
Scaled residual std at t=187: [3.16805696 2.24383663 2.22681846]
start_idx is 0; end_idx is 5000
this is 0 times / overall 2000 times
this is 100 times / overall 2000 times
this is 200 times / overall 2000 times
this is 300 times / overall 2000 times
this is 400 times / overall 2000 times
this is 500 times / overall 2000 times
this is 600 times / overall 2000 times
this is 700 times / overall 2000 times
this is 800 times / overall 2000 times
this is 900 times / overall 2000 times
this is 1000 times / overall 2000 times
this is 1100 times / overall 2000 times
this is 1200 times / overall 2000 times
this is 1300 times / overall 2000 times
this is 1400 times / overall 2000 times
this is 1500 times / overall 2000 times
this is 1600 times / overall 2000 times
this is 1700 times / overall 2000 times
this is 1800 times / overall 2000 times
this is 1900 times / overall 2000 times
this is 187 times which has already done.
----------------------------------------------------------------------------------------------------
this is 188 times / overall 1000 times
1.5921095496497388 1.1163037376010678 1.1127702646732112
----------------------------------------------------------------------------------------------------
find index iteration: 0 5000
short indx is [[   0   17  365 ... 2186 3845 2187]
 [   1 2006 4687 ... 1720 4471  711]
 [   2 4549  361 ... 4373 1055 1242]
 ...
 [4997 4493  137 ... 3416 4342  400]
 [4998 4566 1446 ... 3310 2194 4256]
 [4999 3463 2216 ... 4540  171 2415]]
Scaled residual std at t=188: [3.1842191  2.23260748 2.22554053]
start_idx is 0; end_idx is 5000
this is 0 times / overall 2000 times
this is 100 times / overall 2000 times
this is 200 times / overall 2000 times
this is 300 times / overall 2000 times
this is 400 times / overall 2000 times
this is 500 times / overall 2000 times
this is 600 times / overall 2000 times
this is 700 times / overall 2000 times
this is 800 times / overall 2000 times
this is 900 times / overall 2000 times
this is 1000 times / overall 2000 times
this is 1100 times / overall 2000 times
this is 1200 times / overall 2000 times
this is 1300 times / overall 2000 times
this is 1400 times / overall 2000 times
this is 1500 times / overall 2000 times
this is 1600 times / overall 2000 times
this is 1700 times / overall 2000 times
this is 1800 times / overall 2000 times
this is 1900 times / overall 2000 times
this is 188 times which has already done.
----------------------------------------------------------------------------------------------------
this is 189 times / overall 1000 times
1.5744637886659303 1.1175355859459164 1.1315441586624801
----------------------------------------------------------------------------------------------------
find index iteration: 0 5000
short indx is [[   0  365 3190 ... 3475 4242  202]
 [   1 2006 4687 ...  460 2160 4856]
 [   2 1357 2683 ... 4644 1924 2152]
 ...
 [4997 3024 2671 ... 4605 2195 3064]
 [4998 3918 1446 ...   96 2073 3166]
 [4999 3821 4338 ... 4629 1053 3891]]
Scaled residual std at t=189: [3.14892758 2.23507117 2.26308832]
start_idx is 0; end_idx is 5000
this is 0 times / overall 2000 times
this is 100 times / overall 2000 times
this is 200 times / overall 2000 times
this is 300 times / overall 2000 times
this is 400 times / overall 2000 times
this is 500 times / overall 2000 times
this is 600 times / overall 2000 times
this is 700 times / overall 2000 times
this is 800 times / overall 2000 times
this is 900 times / overall 2000 times
this is 1000 times / overall 2000 times
this is 1100 times / overall 2000 times
this is 1200 times / overall 2000 times
this is 1300 times / overall 2000 times
this is 1400 times / overall 2000 times
this is 1500 times / overall 2000 times
this is 1600 times / overall 2000 times
this is 1700 times / overall 2000 times
this is 1800 times / overall 2000 times
this is 1900 times / overall 2000 times
this is 189 times which has already done.
----------------------------------------------------------------------------------------------------
this is 190 times / overall 1000 times
1.5863473769354233 1.1269573957167784 1.116734373605312
----------------------------------------------------------------------------------------------------
find index iteration: 0 5000
short indx is [[   0 1637 3190 ... 1112 4030 2136]
 [   1 2006 4687 ... 3241 1829 4833]
 [   2 3210 4452 ... 4572 2422 3544]
 ...
 [4997 1434  137 ... 4990 1820 1347]
 [4998 4537 2699 ... 3692   85 2116]
 [4999 1365 4338 ...  820 1489 4846]]
Scaled residual std at t=190: [3.17269475 2.25391479 2.23346875]
start_idx is 0; end_idx is 5000
this is 0 times / overall 2000 times
this is 100 times / overall 2000 times
this is 200 times / overall 2000 times
this is 300 times / overall 2000 times
this is 400 times / overall 2000 times
this is 500 times / overall 2000 times
this is 600 times / overall 2000 times
this is 700 times / overall 2000 times
this is 800 times / overall 2000 times
this is 900 times / overall 2000 times
this is 1000 times / overall 2000 times
this is 1100 times / overall 2000 times
this is 1200 times / overall 2000 times
this is 1300 times / overall 2000 times
this is 1400 times / overall 2000 times
this is 1500 times / overall 2000 times
this is 1600 times / overall 2000 times
this is 1700 times / overall 2000 times
this is 1800 times / overall 2000 times
this is 1900 times / overall 2000 times
this is 190 times which has already done.
----------------------------------------------------------------------------------------------------
this is 191 times / overall 1000 times
1.5462646125900674 1.1218771941978944 1.11330880094236
----------------------------------------------------------------------------------------------------
find index iteration: 0 5000
short indx is [[   0 1637 3190 ...   76 4955  502]
 [   1 4687 2006 ... 4855  986 4445]
 [   2 2059 1208 ... 2204  217  644]
 ...
 [4997 1434  137 ...  317  884 2137]
 [4998 2699 4537 ...   80 1421 4274]
 [4999 1365 4338 ... 1989 3183  849]]
Scaled residual std at t=191: [3.09252923 2.24375439 2.2266176 ]
start_idx is 0; end_idx is 5000
this is 0 times / overall 2000 times
this is 100 times / overall 2000 times
this is 200 times / overall 2000 times
this is 300 times / overall 2000 times
this is 400 times / overall 2000 times
this is 500 times / overall 2000 times
this is 600 times / overall 2000 times
this is 700 times / overall 2000 times
this is 800 times / overall 2000 times
this is 900 times / overall 2000 times
this is 1000 times / overall 2000 times
this is 1100 times / overall 2000 times
this is 1200 times / overall 2000 times
this is 1300 times / overall 2000 times
this is 1400 times / overall 2000 times
this is 1500 times / overall 2000 times
this is 1600 times / overall 2000 times
this is 1700 times / overall 2000 times
this is 1800 times / overall 2000 times
this is 1900 times / overall 2000 times
this is 191 times which has already done.
----------------------------------------------------------------------------------------------------
this is 192 times / overall 1000 times
1.596885413165079 1.1150570244531444 1.11474909028385
----------------------------------------------------------------------------------------------------
find index iteration: 0 5000
short indx is [[   0 1637 3190 ... 1715 4984  491]
 [   1 4687 2006 ... 4802 2722 4757]
 [   2  351 4798 ... 3222 3504 2295]
 ...
 [4997  137 4493 ... 4477 4040 1570]
 [4998 2699  500 ... 1921 3104  386]
 [4999 2216 1365 ... 3884 2889 3423]]
Scaled residual std at t=192: [3.19377083 2.23011405 2.22949818]
start_idx is 0; end_idx is 5000
this is 0 times / overall 2000 times
this is 100 times / overall 2000 times
this is 200 times / overall 2000 times
this is 300 times / overall 2000 times
this is 400 times / overall 2000 times
this is 500 times / overall 2000 times
this is 600 times / overall 2000 times
this is 700 times / overall 2000 times
this is 800 times / overall 2000 times
this is 900 times / overall 2000 times
this is 1000 times / overall 2000 times
this is 1100 times / overall 2000 times
this is 1200 times / overall 2000 times
this is 1300 times / overall 2000 times
this is 1400 times / overall 2000 times
this is 1500 times / overall 2000 times
this is 1600 times / overall 2000 times
this is 1700 times / overall 2000 times
this is 1800 times / overall 2000 times
this is 1900 times / overall 2000 times
this is 192 times which has already done.
----------------------------------------------------------------------------------------------------
this is 193 times / overall 1000 times
1.5633972839292847 1.1115704703513374 1.1219122725909931
----------------------------------------------------------------------------------------------------
find index iteration: 0 5000
short indx is [[   0 3190 1637 ... 3604 2426  661]
 [   1 4687 1471 ...  102 4549 2809]
 [   2 4452 3267 ... 3631 1113 4067]
 ...
 [4997  137 2185 ... 3369  296 1362]
 [4998 2271  247 ...  400   45 1751]
 [4999 3633 2216 ... 2112 3941 2125]]
Scaled residual std at t=193: [3.12679457 2.22314094 2.24382455]
start_idx is 0; end_idx is 5000
this is 0 times / overall 2000 times
this is 100 times / overall 2000 times
this is 200 times / overall 2000 times
this is 300 times / overall 2000 times
this is 400 times / overall 2000 times
this is 500 times / overall 2000 times
this is 600 times / overall 2000 times
this is 700 times / overall 2000 times
this is 800 times / overall 2000 times
this is 900 times / overall 2000 times
this is 1000 times / overall 2000 times
this is 1100 times / overall 2000 times
this is 1200 times / overall 2000 times
this is 1300 times / overall 2000 times
this is 1400 times / overall 2000 times
this is 1500 times / overall 2000 times
this is 1600 times / overall 2000 times
this is 1700 times / overall 2000 times
this is 1800 times / overall 2000 times
this is 1900 times / overall 2000 times
this is 193 times which has already done.
----------------------------------------------------------------------------------------------------
this is 194 times / overall 1000 times
1.5895736447677258 1.1002268841526344 1.1355358331501793
----------------------------------------------------------------------------------------------------
find index iteration: 0 5000
short indx is [[   0 3228 1637 ...  933 2170 2636]
 [   1 1471 4687 ... 3389  595 4406]
 [   2 4798    8 ... 4384 1154 1431]
 ...
 [4997 3609 2185 ... 2278 4978 3964]
 [4998 3208 4781 ... 4848  962 1159]
 [4999 3821 3355 ... 4601 1138 4339]]
Scaled residual std at t=194: [3.17914729 2.20045377 2.27107167]
start_idx is 0; end_idx is 5000
this is 0 times / overall 2000 times
this is 100 times / overall 2000 times
this is 200 times / overall 2000 times
this is 300 times / overall 2000 times
this is 400 times / overall 2000 times
this is 500 times / overall 2000 times
this is 600 times / overall 2000 times
this is 700 times / overall 2000 times
this is 800 times / overall 2000 times
this is 900 times / overall 2000 times
this is 1000 times / overall 2000 times
this is 1100 times / overall 2000 times
this is 1200 times / overall 2000 times
this is 1300 times / overall 2000 times
this is 1400 times / overall 2000 times
this is 1500 times / overall 2000 times
this is 1600 times / overall 2000 times
this is 1700 times / overall 2000 times
this is 1800 times / overall 2000 times
this is 1900 times / overall 2000 times
this is 194 times which has already done.
----------------------------------------------------------------------------------------------------
this is 195 times / overall 1000 times
1.6000794733239254 1.123701083920156 1.1154248981375738
----------------------------------------------------------------------------------------------------
find index iteration: 0 5000
short indx is [[   0 3190  709 ... 3695 3559 3876]
 [   1 4687 1471 ...  416 1174 4559]
 [   2 1012 3267 ... 3222 1914 2866]
 ...
 [4997 4493 3609 ... 1200 1168   71]
 [4998 2095 3321 ...  809 1804 4112]
 [4999 3821 2802 ...  170 4339 3607]]
Scaled residual std at t=195: [3.20015895 2.24740217 2.2308498 ]
start_idx is 0; end_idx is 5000
this is 0 times / overall 2000 times
this is 100 times / overall 2000 times
this is 200 times / overall 2000 times
this is 300 times / overall 2000 times
this is 400 times / overall 2000 times
this is 500 times / overall 2000 times
this is 600 times / overall 2000 times
this is 700 times / overall 2000 times
this is 800 times / overall 2000 times
this is 900 times / overall 2000 times
this is 1000 times / overall 2000 times
this is 1100 times / overall 2000 times
this is 1200 times / overall 2000 times
this is 1300 times / overall 2000 times
this is 1400 times / overall 2000 times
this is 1500 times / overall 2000 times
this is 1600 times / overall 2000 times
this is 1700 times / overall 2000 times
this is 1800 times / overall 2000 times
this is 1900 times / overall 2000 times
this is 195 times which has already done.
----------------------------------------------------------------------------------------------------
this is 196 times / overall 1000 times
1.5797491870217788 1.1181813326833052 1.1166763346364128
----------------------------------------------------------------------------------------------------
find index iteration: 0 5000
short indx is [[   0 3190 3228 ... 4542 2713  448]
 [   1 4687 3372 ... 2786 2510 1904]
 [   2   63 3267 ... 1500 4585 3412]
 ...
 [4997 4493 4720 ... 1067 4482 1520]
 [4998 3511 2932 ... 3318 3255  877]
 [4999 3821 2802 ...  866  870 3676]]
Scaled residual std at t=196: [3.15949837 2.23636267 2.23335267]
start_idx is 0; end_idx is 5000
this is 0 times / overall 2000 times
this is 100 times / overall 2000 times
this is 200 times / overall 2000 times
this is 300 times / overall 2000 times
this is 400 times / overall 2000 times
this is 500 times / overall 2000 times
this is 600 times / overall 2000 times
this is 700 times / overall 2000 times
this is 800 times / overall 2000 times
this is 900 times / overall 2000 times
this is 1000 times / overall 2000 times
this is 1100 times / overall 2000 times
this is 1200 times / overall 2000 times
this is 1300 times / overall 2000 times
this is 1400 times / overall 2000 times
this is 1500 times / overall 2000 times
this is 1600 times / overall 2000 times
this is 1700 times / overall 2000 times
this is 1800 times / overall 2000 times
this is 1900 times / overall 2000 times
this is 196 times which has already done.
----------------------------------------------------------------------------------------------------
this is 197 times / overall 1000 times
1.5630572072421063 1.1286085202437568 1.1045300641661815
----------------------------------------------------------------------------------------------------
find index iteration: 0 5000
short indx is [[   0 3190  365 ... 1357 2268  886]
 [   1 4687 3372 ... 3866 1296 4019]
 [   2 2101 1012 ... 4950 4803 4585]
 ...
 [4997 3273 3609 ... 4296 3147 4993]
 [4998 3511 2095 ... 3551 4028  879]
 [4999 2802 3821 ...  103  152 4540]]
Scaled residual std at t=197: [3.12611441 2.25721704 2.20906013]
start_idx is 0; end_idx is 5000
this is 0 times / overall 2000 times
this is 100 times / overall 2000 times
this is 200 times / overall 2000 times
this is 300 times / overall 2000 times
this is 400 times / overall 2000 times
this is 500 times / overall 2000 times
this is 600 times / overall 2000 times
this is 700 times / overall 2000 times
this is 800 times / overall 2000 times
this is 900 times / overall 2000 times
this is 1000 times / overall 2000 times
this is 1100 times / overall 2000 times
this is 1200 times / overall 2000 times
this is 1300 times / overall 2000 times
this is 1400 times / overall 2000 times
this is 1500 times / overall 2000 times
this is 1600 times / overall 2000 times
this is 1700 times / overall 2000 times
this is 1800 times / overall 2000 times
this is 1900 times / overall 2000 times
this is 197 times which has already done.
----------------------------------------------------------------------------------------------------
this is 198 times / overall 1000 times
1.5935524730185837 1.11957546712324 1.112043496806467
----------------------------------------------------------------------------------------------------
find index iteration: 0 5000
short indx is [[   0  365 3228 ... 1357 1618 3026]
 [   1 4687 3372 ... 4837 4914 3407]
 [   2  511 1208 ... 4168 1910  336]
 ...
 [4997 3609 3273 ... 4463 1521 4437]
 [4998 4781 2095 ... 4471 1947 3164]
 [4999 3832 2802 ...   71 2889  293]]
Scaled residual std at t=198: [3.18710495 2.23915093 2.22408699]
start_idx is 0; end_idx is 5000
this is 0 times / overall 2000 times
this is 100 times / overall 2000 times
this is 200 times / overall 2000 times
this is 300 times / overall 2000 times
this is 400 times / overall 2000 times
this is 500 times / overall 2000 times
this is 600 times / overall 2000 times
this is 700 times / overall 2000 times
this is 800 times / overall 2000 times
this is 900 times / overall 2000 times
this is 1000 times / overall 2000 times
this is 1100 times / overall 2000 times
this is 1200 times / overall 2000 times
this is 1300 times / overall 2000 times
this is 1400 times / overall 2000 times
this is 1500 times / overall 2000 times
this is 1600 times / overall 2000 times
this is 1700 times / overall 2000 times
this is 1800 times / overall 2000 times
this is 1900 times / overall 2000 times
this is 198 times which has already done.
----------------------------------------------------------------------------------------------------
this is 199 times / overall 1000 times
1.6054201783878963 1.1379252770863608 1.1347298168857207
----------------------------------------------------------------------------------------------------
find index iteration: 0 5000
short indx is [[   0 3228  365 ... 2177 4722 1018]
 [   1 4687 1471 ...  960 3330 2324]
 [   2 1012  476 ... 4112 2030 3751]
 ...
 [4997 1434 3273 ... 2074 4097  967]
 [4998 3311 1338 ...  812  264 3164]
 [4999 1557 3316 ... 3722 1265 3067]]
Scaled residual std at t=199: [3.21084036 2.27585055 2.26945963]
start_idx is 0; end_idx is 5000
this is 0 times / overall 2000 times
this is 100 times / overall 2000 times
this is 200 times / overall 2000 times
this is 300 times / overall 2000 times
this is 400 times / overall 2000 times
this is 500 times / overall 2000 times
this is 600 times / overall 2000 times
this is 700 times / overall 2000 times
this is 800 times / overall 2000 times
this is 900 times / overall 2000 times
this is 1000 times / overall 2000 times
this is 1100 times / overall 2000 times
this is 1200 times / overall 2000 times
this is 1300 times / overall 2000 times
this is 1400 times / overall 2000 times
this is 1500 times / overall 2000 times
this is 1600 times / overall 2000 times
this is 1700 times / overall 2000 times
this is 1800 times / overall 2000 times
this is 1900 times / overall 2000 times
this is 199 times which has already done.
----------------------------------------------------------------------------------------------------
this is 200 times / overall 1000 times
1.5995479862488342 1.119605026972594 1.1256272561696918
----------------------------------------------------------------------------------------------------
find index iteration: 0 5000
short indx is [[   0 3228  365 ... 1179 2092 1180]
 [   1 4687 3375 ... 2250 4057 1218]
 [   2 3350 3267 ...  358 3710 1874]
 ...
 [4997  658 1434 ...  960 3644 1219]
 [4998 3311 1338 ... 3898 4121 2169]
 [4999 1359 3614 ...  976 4018 4775]]
Scaled residual std at t=200: [3.19909597 2.23921005 2.25125451]
start_idx is 0; end_idx is 5000
this is 0 times / overall 2000 times
this is 100 times / overall 2000 times
this is 200 times / overall 2000 times
this is 300 times / overall 2000 times
this is 400 times / overall 2000 times
this is 500 times / overall 2000 times
this is 600 times / overall 2000 times
this is 700 times / overall 2000 times
this is 800 times / overall 2000 times
this is 900 times / overall 2000 times
this is 1000 times / overall 2000 times
this is 1100 times / overall 2000 times
this is 1200 times / overall 2000 times
this is 1300 times / overall 2000 times
this is 1400 times / overall 2000 times
this is 1500 times / overall 2000 times
this is 1600 times / overall 2000 times
this is 1700 times / overall 2000 times
this is 1800 times / overall 2000 times
this is 1900 times / overall 2000 times
this is 200 times which has already done.
----------------------------------------------------------------------------------------------------
this is 201 times / overall 1000 times
1.5475102504007943 1.1144484133928343 1.1095939342243637
----------------------------------------------------------------------------------------------------
find index iteration: 0 5000
short indx is [[   0  365 3228 ... 3337 1885 1465]
 [   1 4687 3372 ... 2614 2414 4523]
 [   2  718 1880 ... 2942  303 1228]
 ...
 [4997  658 3273 ...  116 4562  254]
 [4998 2233 3311 ... 3559 1485 3620]
 [4999 1365 3614 ... 2235 3611  823]]
Scaled residual std at t=201: [3.0950205  2.22889683 2.21918787]
start_idx is 0; end_idx is 5000
this is 0 times / overall 2000 times
this is 100 times / overall 2000 times
this is 200 times / overall 2000 times
this is 300 times / overall 2000 times
this is 400 times / overall 2000 times
this is 500 times / overall 2000 times
this is 600 times / overall 2000 times
this is 700 times / overall 2000 times
this is 800 times / overall 2000 times
this is 900 times / overall 2000 times
this is 1000 times / overall 2000 times
this is 1100 times / overall 2000 times
this is 1200 times / overall 2000 times
this is 1300 times / overall 2000 times
this is 1400 times / overall 2000 times
this is 1500 times / overall 2000 times
this is 1600 times / overall 2000 times
this is 1700 times / overall 2000 times
this is 1800 times / overall 2000 times
this is 1900 times / overall 2000 times
this is 201 times which has already done.
----------------------------------------------------------------------------------------------------
this is 202 times / overall 1000 times
1.5827558067371184 1.1350347656543807 1.127016446613202
----------------------------------------------------------------------------------------------------
find index iteration: 0 5000
short indx is [[   0  365 3228 ... 2135 2722 3334]
 [   1 3372 3375 ... 3315  319 3808]
 [   2 3350 1012 ...  755  622 1133]
 ...
 [4997 3273 1530 ... 1887 1609 3160]
 [4998 3311 3510 ... 3639 2713 3836]
 [4999 3316 2431 ... 4944 1465 3237]]
Scaled residual std at t=202: [3.16551161 2.27006953 2.25403289]
start_idx is 0; end_idx is 5000
this is 0 times / overall 2000 times
this is 100 times / overall 2000 times
this is 200 times / overall 2000 times
this is 300 times / overall 2000 times
this is 400 times / overall 2000 times
this is 500 times / overall 2000 times
this is 600 times / overall 2000 times
this is 700 times / overall 2000 times
this is 800 times / overall 2000 times
this is 900 times / overall 2000 times
this is 1000 times / overall 2000 times
this is 1100 times / overall 2000 times
this is 1200 times / overall 2000 times
this is 1300 times / overall 2000 times
this is 1400 times / overall 2000 times
this is 1500 times / overall 2000 times
this is 1600 times / overall 2000 times
this is 1700 times / overall 2000 times
this is 1800 times / overall 2000 times
this is 1900 times / overall 2000 times
this is 202 times which has already done.
----------------------------------------------------------------------------------------------------
this is 203 times / overall 1000 times
1.6134422411545215 1.1229935491056404 1.1272838604876287
----------------------------------------------------------------------------------------------------
find index iteration: 0 5000
short indx is [[   0 3228  365 ... 4069 4779 2794]
 [   1 3372 3375 ... 3282 4647 4598]
 [   2 1012  661 ... 4970 4949  616]
 ...
 [4997 3273  658 ... 3879  584 4047]
 [4998 3510 3626 ... 3683 1421 1492]
 [4999 1359 1437 ... 4775 3013 2481]]
Scaled residual std at t=203: [3.22688448 2.2459871  2.25456772]
start_idx is 0; end_idx is 5000
this is 0 times / overall 2000 times
this is 100 times / overall 2000 times
this is 200 times / overall 2000 times
this is 300 times / overall 2000 times
this is 400 times / overall 2000 times
this is 500 times / overall 2000 times
this is 600 times / overall 2000 times
this is 700 times / overall 2000 times
this is 800 times / overall 2000 times
this is 900 times / overall 2000 times
this is 1000 times / overall 2000 times
this is 1100 times / overall 2000 times
this is 1200 times / overall 2000 times
this is 1300 times / overall 2000 times
this is 1400 times / overall 2000 times
this is 1500 times / overall 2000 times
this is 1600 times / overall 2000 times
this is 1700 times / overall 2000 times
this is 1800 times / overall 2000 times
this is 1900 times / overall 2000 times
this is 203 times which has already done.
----------------------------------------------------------------------------------------------------
this is 204 times / overall 1000 times
1.5914462226535204 1.1455973319424961 1.114314811807905
----------------------------------------------------------------------------------------------------
find index iteration: 0 5000
short indx is [[   0 3228 3622 ... 4657  420 2432]
 [   1 3375 3372 ... 2323 3287 2663]
 [   2 3387 4366 ...  566 4586 2723]
 ...
 [4997 3273  658 ...   10 4939 1955]
 [4998 3311 3607 ... 1412  725 3665]
 [4999  710 4021 ...  677 3779 2502]]
Scaled residual std at t=204: [3.18289245 2.29119466 2.22862962]
start_idx is 0; end_idx is 5000
this is 0 times / overall 2000 times
this is 100 times / overall 2000 times
this is 200 times / overall 2000 times
this is 300 times / overall 2000 times
this is 400 times / overall 2000 times
this is 500 times / overall 2000 times
this is 600 times / overall 2000 times
this is 700 times / overall 2000 times
this is 800 times / overall 2000 times
this is 900 times / overall 2000 times
this is 1000 times / overall 2000 times
this is 1100 times / overall 2000 times
this is 1200 times / overall 2000 times
this is 1300 times / overall 2000 times
this is 1400 times / overall 2000 times
this is 1500 times / overall 2000 times
this is 1600 times / overall 2000 times
this is 1700 times / overall 2000 times
this is 1800 times / overall 2000 times
this is 1900 times / overall 2000 times
this is 204 times which has already done.
----------------------------------------------------------------------------------------------------
this is 205 times / overall 1000 times
1.5905315890708993 1.1098882861317996 1.107775385967803
----------------------------------------------------------------------------------------------------
find index iteration: 0 5000
short indx is [[   0 3622 2574 ...  184 2722 2046]
 [   1 3372 3375 ...  303 4732  716]
 [   2 1012  802 ... 3943 2866 2635]
 ...
 [4997 3273 3336 ...  972   11 2219]
 [4998 3607 3510 ... 3634 4994 4460]
 [4999  710 2892 ... 2675 4459 1446]]
Scaled residual std at t=205: [3.18106318 2.21977657 2.21555077]
start_idx is 0; end_idx is 5000
this is 0 times / overall 2000 times
this is 100 times / overall 2000 times
this is 200 times / overall 2000 times
this is 300 times / overall 2000 times
this is 400 times / overall 2000 times
this is 500 times / overall 2000 times
this is 600 times / overall 2000 times
this is 700 times / overall 2000 times
this is 800 times / overall 2000 times
this is 900 times / overall 2000 times
this is 1000 times / overall 2000 times
this is 1100 times / overall 2000 times
this is 1200 times / overall 2000 times
this is 1300 times / overall 2000 times
this is 1400 times / overall 2000 times
this is 1500 times / overall 2000 times
this is 1600 times / overall 2000 times
this is 1700 times / overall 2000 times
this is 1800 times / overall 2000 times
this is 1900 times / overall 2000 times
this is 205 times which has already done.
----------------------------------------------------------------------------------------------------
this is 206 times / overall 1000 times
1.5797589057732897 1.1158187675729387 1.1218537268404676
----------------------------------------------------------------------------------------------------
find index iteration: 0 5000
short indx is [[   0 3622   14 ... 4511 2732 2004]
 [   1 3372 3375 ... 4437 3258 4658]
 [   2 1525 4659 ... 3816 2583 1177]
 ...
 [4997 3291 1434 ... 3101 3503 2238]
 [4998  577 4692 ... 3303 2876  448]
 [4999 2892  710 ... 4441 1423 1632]]
Scaled residual std at t=206: [3.15951781 2.23163754 2.24370745]
start_idx is 0; end_idx is 5000
this is 0 times / overall 2000 times
this is 100 times / overall 2000 times
this is 200 times / overall 2000 times
this is 300 times / overall 2000 times
this is 400 times / overall 2000 times
this is 500 times / overall 2000 times
this is 600 times / overall 2000 times
this is 700 times / overall 2000 times
this is 800 times / overall 2000 times
this is 900 times / overall 2000 times
this is 1000 times / overall 2000 times
this is 1100 times / overall 2000 times
this is 1200 times / overall 2000 times
this is 1300 times / overall 2000 times
this is 1400 times / overall 2000 times
this is 1500 times / overall 2000 times
this is 1600 times / overall 2000 times
this is 1700 times / overall 2000 times
this is 1800 times / overall 2000 times
this is 1900 times / overall 2000 times
this is 206 times which has already done.
----------------------------------------------------------------------------------------------------
this is 207 times / overall 1000 times
1.5913976396618112 1.132531928221624 1.1108742214132983
----------------------------------------------------------------------------------------------------
find index iteration: 0 5000
short indx is [[   0 3622 3190 ... 4030 2785 3337]
 [   1 3372 3375 ...    8 1453 1489]
 [   2   63  511 ... 2177 2346 2583]
 ...
 [4997 3676 2552 ... 2133 4326  337]
 [4998 1445 3914 ... 2995 2425 4858]
 [4999 3316 4021 ... 1288   38  856]]
Scaled residual std at t=207: [3.18279528 2.26506386 2.22174844]
start_idx is 0; end_idx is 5000
this is 0 times / overall 2000 times
this is 100 times / overall 2000 times
this is 200 times / overall 2000 times
this is 300 times / overall 2000 times
this is 400 times / overall 2000 times
this is 500 times / overall 2000 times
this is 600 times / overall 2000 times
this is 700 times / overall 2000 times
this is 800 times / overall 2000 times
this is 900 times / overall 2000 times
this is 1000 times / overall 2000 times
this is 1100 times / overall 2000 times
this is 1200 times / overall 2000 times
this is 1300 times / overall 2000 times
this is 1400 times / overall 2000 times
this is 1500 times / overall 2000 times
this is 1600 times / overall 2000 times
this is 1700 times / overall 2000 times
this is 1800 times / overall 2000 times
this is 1900 times / overall 2000 times
this is 207 times which has already done.
----------------------------------------------------------------------------------------------------
this is 208 times / overall 1000 times
1.5944373945149608 1.1007346851523798 1.1211706879334524
----------------------------------------------------------------------------------------------------
find index iteration: 0 5000
short indx is [[   0 3622  365 ... 1515 2730 1997]
 [   1 3372 3375 ... 4534 2966 2092]
 [   2 1558 3528 ... 3679 3025 2880]
 ...
 [4997 3991  870 ... 4430 3554  960]
 [4998 3311 2030 ... 3436 4529  909]
 [4999 2422 1851 ... 1446 2526 1080]]
Scaled residual std at t=208: [3.18887479 2.20146937 2.24234138]
start_idx is 0; end_idx is 5000
this is 0 times / overall 2000 times
this is 100 times / overall 2000 times
this is 200 times / overall 2000 times
this is 300 times / overall 2000 times
this is 400 times / overall 2000 times
this is 500 times / overall 2000 times
this is 600 times / overall 2000 times
this is 700 times / overall 2000 times
this is 800 times / overall 2000 times
this is 900 times / overall 2000 times
this is 1000 times / overall 2000 times
this is 1100 times / overall 2000 times
this is 1200 times / overall 2000 times
this is 1300 times / overall 2000 times
this is 1400 times / overall 2000 times
this is 1500 times / overall 2000 times
this is 1600 times / overall 2000 times
this is 1700 times / overall 2000 times
this is 1800 times / overall 2000 times
this is 1900 times / overall 2000 times
this is 208 times which has already done.
----------------------------------------------------------------------------------------------------
this is 209 times / overall 1000 times
1.6059965311913176 1.109104996874997 1.1178197839179065
----------------------------------------------------------------------------------------------------
find index iteration: 0 5000
short indx is [[   0  365 3622 ... 3277 2761 4453]
 [   1 3372 1471 ... 1451 2063 2903]
 [   2 3908  700 ... 2476 2764 3636]
 ...
 [4997 1434 2552 ... 2103 3714 2624]
 [4998 1445 4400 ... 2239 4637 3637]
 [4999 3233 4232 ... 3382 2297 2242]]
Scaled residual std at t=209: [3.21199306 2.21820999 2.23563957]
start_idx is 0; end_idx is 5000
this is 0 times / overall 2000 times
this is 100 times / overall 2000 times
this is 200 times / overall 2000 times
this is 300 times / overall 2000 times
this is 400 times / overall 2000 times
this is 500 times / overall 2000 times
this is 600 times / overall 2000 times
this is 700 times / overall 2000 times
this is 800 times / overall 2000 times
this is 900 times / overall 2000 times
this is 1000 times / overall 2000 times
this is 1100 times / overall 2000 times
this is 1200 times / overall 2000 times
this is 1300 times / overall 2000 times
this is 1400 times / overall 2000 times
this is 1500 times / overall 2000 times
this is 1600 times / overall 2000 times
this is 1700 times / overall 2000 times
this is 1800 times / overall 2000 times
this is 1900 times / overall 2000 times
this is 209 times which has already done.
----------------------------------------------------------------------------------------------------
this is 210 times / overall 1000 times
1.5971612868639864 1.1151170607726721 1.1042993307654592
----------------------------------------------------------------------------------------------------
find index iteration: 0 5000
short indx is [[   0  365   14 ... 1520  542 3115]
 [   1 1471 3375 ... 2570 3645 3463]
 [   2  700 2478 ...  443 3204  328]
 ...
 [4997  112 2552 ... 2702 3956 2435]
 [4998 1445 3286 ... 4442 3134 4065]
 [4999 3233 4232 ... 4574 1443 2446]]
Scaled residual std at t=210: [3.19432257 2.23023412 2.20859866]
start_idx is 0; end_idx is 5000
this is 0 times / overall 2000 times
this is 100 times / overall 2000 times
this is 200 times / overall 2000 times
this is 300 times / overall 2000 times
this is 400 times / overall 2000 times
this is 500 times / overall 2000 times
this is 600 times / overall 2000 times
this is 700 times / overall 2000 times
this is 800 times / overall 2000 times
this is 900 times / overall 2000 times
this is 1000 times / overall 2000 times
this is 1100 times / overall 2000 times
this is 1200 times / overall 2000 times
this is 1300 times / overall 2000 times
this is 1400 times / overall 2000 times
this is 1500 times / overall 2000 times
this is 1600 times / overall 2000 times
this is 1700 times / overall 2000 times
this is 1800 times / overall 2000 times
this is 1900 times / overall 2000 times
this is 210 times which has already done.
----------------------------------------------------------------------------------------------------
this is 211 times / overall 1000 times
1.569994956792943 1.1266194449075004 1.1006013913039692
----------------------------------------------------------------------------------------------------
find index iteration: 0 5000
short indx is [[   0  365 3622 ... 2926 2325 1807]
 [   1 1471 3375 ... 3092 3266 1602]
 [   2  638  700 ...   29 3755 2113]
 ...
 [4997 2552  112 ...  349 2879 1276]
 [4998 2415 3034 ...  883 2895 4605]
 [4999 2865 2605 ... 3654  985 2397]]
Scaled residual std at t=211: [3.13998991 2.25323889 2.20120278]
start_idx is 0; end_idx is 5000
this is 0 times / overall 2000 times
this is 100 times / overall 2000 times
this is 200 times / overall 2000 times
this is 300 times / overall 2000 times
this is 400 times / overall 2000 times
this is 500 times / overall 2000 times
this is 600 times / overall 2000 times
this is 700 times / overall 2000 times
this is 800 times / overall 2000 times
this is 900 times / overall 2000 times
this is 1000 times / overall 2000 times
this is 1100 times / overall 2000 times
this is 1200 times / overall 2000 times
this is 1300 times / overall 2000 times
this is 1400 times / overall 2000 times
this is 1500 times / overall 2000 times
this is 1600 times / overall 2000 times
this is 1700 times / overall 2000 times
this is 1800 times / overall 2000 times
this is 1900 times / overall 2000 times
this is 211 times which has already done.
----------------------------------------------------------------------------------------------------
this is 212 times / overall 1000 times
1.5450664587716145 1.1197626887706387 1.1113090128642238
----------------------------------------------------------------------------------------------------
find index iteration: 0 5000
short indx is [[   0  365   14 ... 2922 1598 1126]
 [   1 1471 3372 ... 2393 4571 1325]
 [   2  638 3099 ... 1270 1263 4676]
 ...
 [4997 2315 4493 ... 4069 3824 1512]
 [4998 2415  990 ... 1715 2966 3021]
 [4999 2865 3415 ... 3956 1672 4803]]
Scaled residual std at t=212: [3.09013292 2.23952538 2.22261803]
start_idx is 0; end_idx is 5000
this is 0 times / overall 2000 times
this is 100 times / overall 2000 times
this is 200 times / overall 2000 times
this is 300 times / overall 2000 times
this is 400 times / overall 2000 times
this is 500 times / overall 2000 times
this is 600 times / overall 2000 times
this is 700 times / overall 2000 times
this is 800 times / overall 2000 times
this is 900 times / overall 2000 times
this is 1000 times / overall 2000 times
this is 1100 times / overall 2000 times
this is 1200 times / overall 2000 times
this is 1300 times / overall 2000 times
this is 1400 times / overall 2000 times
this is 1500 times / overall 2000 times
this is 1600 times / overall 2000 times
this is 1700 times / overall 2000 times
this is 1800 times / overall 2000 times
this is 1900 times / overall 2000 times
this is 212 times which has already done.
----------------------------------------------------------------------------------------------------
this is 213 times / overall 1000 times
1.587701444947237 1.1205945829226402 1.1081443149796217
----------------------------------------------------------------------------------------------------
find index iteration: 0 5000
short indx is [[   0   14 3622 ... 1759 4453 4349]
 [   1 1471 3372 ...  681 3171 3396]
 [   2  638 2169 ... 3864 1140 1215]
 ...
 [4997  112 4493 ... 3002  651 2060]
 [4998 3034 2415 ... 3650 3885 1450]
 [4999 3415 3844 ... 4039 1331 3650]]
Scaled residual std at t=213: [3.17540289 2.24118917 2.21628863]
start_idx is 0; end_idx is 5000
this is 0 times / overall 2000 times
this is 100 times / overall 2000 times
this is 200 times / overall 2000 times
this is 300 times / overall 2000 times
this is 400 times / overall 2000 times
this is 500 times / overall 2000 times
this is 600 times / overall 2000 times
this is 700 times / overall 2000 times
this is 800 times / overall 2000 times
this is 900 times / overall 2000 times
this is 1000 times / overall 2000 times
this is 1100 times / overall 2000 times
this is 1200 times / overall 2000 times
this is 1300 times / overall 2000 times
this is 1400 times / overall 2000 times
this is 1500 times / overall 2000 times
this is 1600 times / overall 2000 times
this is 1700 times / overall 2000 times
this is 1800 times / overall 2000 times
this is 1900 times / overall 2000 times
this is 213 times which has already done.
----------------------------------------------------------------------------------------------------
this is 214 times / overall 1000 times
1.5756220583224774 1.1032844696668247 1.145411682693672
----------------------------------------------------------------------------------------------------
find index iteration: 0 5000
short indx is [[   0   85 1114 ...  648 2605 1229]
 [   1 1471 3372 ... 4284  911 2062]
 [   2 4500 1525 ... 2786 3989 3010]
 ...
 [4997  112 4493 ... 2190 3506 3964]
 [4998  134  673 ... 1972 4954  664]
 [4999 4462 1714 ... 2379 1074  513]]
Scaled residual std at t=214: [3.15124412 2.20656894 2.29082337]
start_idx is 0; end_idx is 5000
this is 0 times / overall 2000 times
this is 100 times / overall 2000 times
this is 200 times / overall 2000 times
this is 300 times / overall 2000 times
this is 400 times / overall 2000 times
this is 500 times / overall 2000 times
this is 600 times / overall 2000 times
this is 700 times / overall 2000 times
this is 800 times / overall 2000 times
this is 900 times / overall 2000 times
this is 1000 times / overall 2000 times
this is 1100 times / overall 2000 times
this is 1200 times / overall 2000 times
this is 1300 times / overall 2000 times
this is 1400 times / overall 2000 times
this is 1500 times / overall 2000 times
this is 1600 times / overall 2000 times
this is 1700 times / overall 2000 times
this is 1800 times / overall 2000 times
this is 1900 times / overall 2000 times
this is 214 times which has already done.
----------------------------------------------------------------------------------------------------
this is 215 times / overall 1000 times
1.5668922803318264 1.101213419823383 1.1259110366543714
----------------------------------------------------------------------------------------------------
find index iteration: 0 5000
short indx is [[   0 1114   85 ... 1482 1002  881]
 [   1 1471  772 ... 3894 4837 4428]
 [   2 2980 3124 ...  437 3286 3952]
 ...
 [4997  112 4493 ...  995   57 3803]
 [4998 1088 2075 ...  480 3269  764]
 [4999 1714 3233 ... 2913 1589 2586]]
Scaled residual std at t=215: [3.13378456 2.20242684 2.25182207]
start_idx is 0; end_idx is 5000
this is 0 times / overall 2000 times
this is 100 times / overall 2000 times
this is 200 times / overall 2000 times
this is 300 times / overall 2000 times
this is 400 times / overall 2000 times
this is 500 times / overall 2000 times
this is 600 times / overall 2000 times
this is 700 times / overall 2000 times
this is 800 times / overall 2000 times
this is 900 times / overall 2000 times
this is 1000 times / overall 2000 times
this is 1100 times / overall 2000 times
this is 1200 times / overall 2000 times
this is 1300 times / overall 2000 times
this is 1400 times / overall 2000 times
this is 1500 times / overall 2000 times
this is 1600 times / overall 2000 times
this is 1700 times / overall 2000 times
this is 1800 times / overall 2000 times
this is 1900 times / overall 2000 times
this is 215 times which has already done.
----------------------------------------------------------------------------------------------------
this is 216 times / overall 1000 times
1.5804060696092437 1.1191813992775994 1.1182852173786562
----------------------------------------------------------------------------------------------------
find index iteration: 0 5000
short indx is [[   0   85 3190 ... 4571 2621 2154]
 [   1 1471  772 ... 1391 3873  344]
 [   2 2980  599 ... 3035 1600 2630]
 ...
 [4997  112 4493 ...   96  261 4770]
 [4998  586 3511 ... 1045 4972  536]
 [4999  969  809 ... 3017 3226 1112]]
Scaled residual std at t=216: [3.16081214 2.2383628  2.23657043]
start_idx is 0; end_idx is 5000
this is 0 times / overall 2000 times
this is 100 times / overall 2000 times
this is 200 times / overall 2000 times
this is 300 times / overall 2000 times
this is 400 times / overall 2000 times
this is 500 times / overall 2000 times
this is 600 times / overall 2000 times
this is 700 times / overall 2000 times
this is 800 times / overall 2000 times
this is 900 times / overall 2000 times
this is 1000 times / overall 2000 times
this is 1100 times / overall 2000 times
this is 1200 times / overall 2000 times
this is 1300 times / overall 2000 times
this is 1400 times / overall 2000 times
this is 1500 times / overall 2000 times
this is 1600 times / overall 2000 times
this is 1700 times / overall 2000 times
this is 1800 times / overall 2000 times
this is 1900 times / overall 2000 times
this is 216 times which has already done.
----------------------------------------------------------------------------------------------------
this is 217 times / overall 1000 times
1.593767870400898 1.1081814778662462 1.122107930353779
----------------------------------------------------------------------------------------------------
find index iteration: 0 5000
short indx is [[   0   85 2971 ...  526 3696 1363]
 [   1 1471  772 ...  470 1403 2614]
 [   2 1706 3947 ... 3142 2308 4399]
 ...
 [4997  707 3291 ... 1755 3073 4093]
 [4998 3389 2870 ... 1863 3965  883]
 [4999 4256  809 ... 4572 3920 3893]]
Scaled residual std at t=217: [3.18753574 2.21636296 2.24421586]
start_idx is 0; end_idx is 5000
this is 0 times / overall 2000 times
this is 100 times / overall 2000 times
this is 200 times / overall 2000 times
this is 300 times / overall 2000 times
this is 400 times / overall 2000 times
this is 500 times / overall 2000 times
this is 600 times / overall 2000 times
this is 700 times / overall 2000 times
this is 800 times / overall 2000 times
this is 900 times / overall 2000 times
this is 1000 times / overall 2000 times
this is 1100 times / overall 2000 times
this is 1200 times / overall 2000 times
this is 1300 times / overall 2000 times
this is 1400 times / overall 2000 times
this is 1500 times / overall 2000 times
this is 1600 times / overall 2000 times
this is 1700 times / overall 2000 times
this is 1800 times / overall 2000 times
this is 1900 times / overall 2000 times
this is 217 times which has already done.
----------------------------------------------------------------------------------------------------
this is 218 times / overall 1000 times
1.5866843715915027 1.1001308060058526 1.12022569959667
----------------------------------------------------------------------------------------------------
find index iteration: 0 5000
short indx is [[   0 4049 2971 ... 2181 3014  713]
 [   1 1471  772 ... 1046 3069 3503]
 [   2 1706 3947 ... 3853 2750 1944]
 ...
 [4997  707 3177 ... 3245  198  999]
 [4998 2328 3389 ... 4023 4700 4850]
 [4999 4256 4263 ... 2211 1993 1672]]
Scaled residual std at t=218: [3.17336874 2.20026161 2.2404514 ]
start_idx is 0; end_idx is 5000
this is 0 times / overall 2000 times
this is 100 times / overall 2000 times
this is 200 times / overall 2000 times
this is 300 times / overall 2000 times
this is 400 times / overall 2000 times
this is 500 times / overall 2000 times
this is 600 times / overall 2000 times
this is 700 times / overall 2000 times
this is 800 times / overall 2000 times
this is 900 times / overall 2000 times
this is 1000 times / overall 2000 times
this is 1100 times / overall 2000 times
this is 1200 times / overall 2000 times
this is 1300 times / overall 2000 times
this is 1400 times / overall 2000 times
this is 1500 times / overall 2000 times
this is 1600 times / overall 2000 times
this is 1700 times / overall 2000 times
this is 1800 times / overall 2000 times
this is 1900 times / overall 2000 times
this is 218 times which has already done.
----------------------------------------------------------------------------------------------------
this is 219 times / overall 1000 times
1.5761270534203025 1.1287701786842985 1.114179527234876
----------------------------------------------------------------------------------------------------
find index iteration: 0 5000
short indx is [[   0 4049 2971 ... 1268  251 1222]
 [   1 1471  772 ... 2137 4204  922]
 [   2  700 3554 ... 1215 4846 3654]
 ...
 [4997 3177  707 ... 3810 1245 4401]
 [4998  134 1091 ... 2363 1888  269]
 [4999 1714  809 ...  332  924 4076]]
Scaled residual std at t=219: [3.15225411 2.25754036 2.22835905]
start_idx is 0; end_idx is 5000
this is 0 times / overall 2000 times
this is 100 times / overall 2000 times
this is 200 times / overall 2000 times
this is 300 times / overall 2000 times
this is 400 times / overall 2000 times
this is 500 times / overall 2000 times
this is 600 times / overall 2000 times
this is 700 times / overall 2000 times
this is 800 times / overall 2000 times
this is 900 times / overall 2000 times
this is 1000 times / overall 2000 times
this is 1100 times / overall 2000 times
this is 1200 times / overall 2000 times
this is 1300 times / overall 2000 times
this is 1400 times / overall 2000 times
this is 1500 times / overall 2000 times
this is 1600 times / overall 2000 times
this is 1700 times / overall 2000 times
this is 1800 times / overall 2000 times
this is 1900 times / overall 2000 times
this is 219 times which has already done.
----------------------------------------------------------------------------------------------------
this is 220 times / overall 1000 times
1.5677413817440347 1.1051172343922808 1.113284694119985
----------------------------------------------------------------------------------------------------
find index iteration: 0 5000
short indx is [[   0 2971 3190 ... 1859 3515 4453]
 [   1 1471  772 ... 3933 4020 3979]
 [   2 4840 1706 ... 2337  345  893]
 ...
 [4997 2781 2671 ... 4434 4424 4299]
 [4998 2328 1934 ... 3592  625 2079]
 [4999 1714 4648 ... 3608 2756 1538]]
Scaled residual std at t=220: [3.13548276 2.21023447 2.22656939]
start_idx is 0; end_idx is 5000
this is 0 times / overall 2000 times
this is 100 times / overall 2000 times
this is 200 times / overall 2000 times
this is 300 times / overall 2000 times
this is 400 times / overall 2000 times
this is 500 times / overall 2000 times
this is 600 times / overall 2000 times
this is 700 times / overall 2000 times
this is 800 times / overall 2000 times
this is 900 times / overall 2000 times
this is 1000 times / overall 2000 times
this is 1100 times / overall 2000 times
this is 1200 times / overall 2000 times
this is 1300 times / overall 2000 times
this is 1400 times / overall 2000 times
this is 1500 times / overall 2000 times
this is 1600 times / overall 2000 times
this is 1700 times / overall 2000 times
this is 1800 times / overall 2000 times
this is 1900 times / overall 2000 times
this is 220 times which has already done.
----------------------------------------------------------------------------------------------------
this is 221 times / overall 1000 times
1.574361627454884 1.1335227543734931 1.1141192804800086
----------------------------------------------------------------------------------------------------
find index iteration: 0 5000
short indx is [[   0 2971 2301 ... 3202 2239 3778]
 [   1 1471 3372 ... 2024 1805 2137]
 [   2 1706 4326 ... 1708 2881 4556]
 ...
 [4997 4493  707 ... 1390 4952 3549]
 [4998 4379 2328 ... 3235 3751 4105]
 [4999  809 4256 ... 4325 1587 3342]]
Scaled residual std at t=221: [3.14872325 2.26704551 2.22823856]
start_idx is 0; end_idx is 5000
this is 0 times / overall 2000 times
this is 100 times / overall 2000 times
this is 200 times / overall 2000 times
this is 300 times / overall 2000 times
this is 400 times / overall 2000 times
this is 500 times / overall 2000 times
this is 600 times / overall 2000 times
this is 700 times / overall 2000 times
this is 800 times / overall 2000 times
this is 900 times / overall 2000 times
this is 1000 times / overall 2000 times
this is 1100 times / overall 2000 times
this is 1200 times / overall 2000 times
this is 1300 times / overall 2000 times
this is 1400 times / overall 2000 times
this is 1500 times / overall 2000 times
this is 1600 times / overall 2000 times
this is 1700 times / overall 2000 times
this is 1800 times / overall 2000 times
this is 1900 times / overall 2000 times
this is 221 times which has already done.
----------------------------------------------------------------------------------------------------
this is 222 times / overall 1000 times
1.5474444730969927 1.1180255522930374 1.120229432961729
----------------------------------------------------------------------------------------------------
find index iteration: 0 5000
short indx is [[   0 2301 2971 ...   13 1714  117]
 [   1 1471 3375 ... 4825 1498 3259]
 [   2 2192 1706 ... 1943  564 4696]
 ...
 [4997 2671 4493 ... 1824 4434 4700]
 [4998 2328 3511 ... 3192 3275 2363]
 [4999 4256  809 ... 3082 4400 4815]]
Scaled residual std at t=222: [3.09488895 2.2360511  2.24045887]
start_idx is 0; end_idx is 5000
this is 0 times / overall 2000 times
this is 100 times / overall 2000 times
this is 200 times / overall 2000 times
this is 300 times / overall 2000 times
this is 400 times / overall 2000 times
this is 500 times / overall 2000 times
this is 600 times / overall 2000 times
this is 700 times / overall 2000 times
this is 800 times / overall 2000 times
this is 900 times / overall 2000 times
this is 1000 times / overall 2000 times
this is 1100 times / overall 2000 times
this is 1200 times / overall 2000 times
this is 1300 times / overall 2000 times
this is 1400 times / overall 2000 times
this is 1500 times / overall 2000 times
this is 1600 times / overall 2000 times
this is 1700 times / overall 2000 times
this is 1800 times / overall 2000 times
this is 1900 times / overall 2000 times
this is 222 times which has already done.
----------------------------------------------------------------------------------------------------
this is 223 times / overall 1000 times
1.5646860371617515 1.1239229969052718 1.1074892104720082
----------------------------------------------------------------------------------------------------
find index iteration: 0 5000
short indx is [[   0 2301 2971 ... 1963 2926 4449]
 [   1 1471 3372 ... 4816  794 3727]
 [   2 1642 1525 ... 1487 2456 3748]
 ...
 [4997 4493 2671 ... 3065 2109 1974]
 [4998 2374 2328 ...  618 4261 2259]
 [4999 4256 4462 ... 3640 4070 3936]]
Scaled residual std at t=223: [3.12937207 2.24784599 2.21497842]
start_idx is 0; end_idx is 5000
this is 0 times / overall 2000 times
this is 100 times / overall 2000 times
this is 200 times / overall 2000 times
this is 300 times / overall 2000 times
this is 400 times / overall 2000 times
this is 500 times / overall 2000 times
this is 600 times / overall 2000 times
this is 700 times / overall 2000 times
this is 800 times / overall 2000 times
this is 900 times / overall 2000 times
this is 1000 times / overall 2000 times
this is 1100 times / overall 2000 times
this is 1200 times / overall 2000 times
this is 1300 times / overall 2000 times
this is 1400 times / overall 2000 times
this is 1500 times / overall 2000 times
this is 1600 times / overall 2000 times
this is 1700 times / overall 2000 times
this is 1800 times / overall 2000 times
this is 1900 times / overall 2000 times
this is 223 times which has already done.
----------------------------------------------------------------------------------------------------
this is 224 times / overall 1000 times
1.6212503827140674 1.1221752868881862 1.1227027367615128
----------------------------------------------------------------------------------------------------
find index iteration: 0 5000
short indx is [[   0 2971 2301 ... 4898   87  224]
 [   1 1471 3372 ... 3249 1124 3670]
 [   2 2995  375 ... 3673 4488 2886]
 ...
 [4997 2671 4493 ... 2965 1357 1419]
 [4998  134 4379 ...  561 1183 4543]
 [4999 4256  809 ...  637 2894 1974]]
Scaled residual std at t=224: [3.24250077 2.24435057 2.24540547]
start_idx is 0; end_idx is 5000
this is 0 times / overall 2000 times
this is 100 times / overall 2000 times
this is 200 times / overall 2000 times
this is 300 times / overall 2000 times
this is 400 times / overall 2000 times
this is 500 times / overall 2000 times
this is 600 times / overall 2000 times
this is 700 times / overall 2000 times
this is 800 times / overall 2000 times
this is 900 times / overall 2000 times
this is 1000 times / overall 2000 times
this is 1100 times / overall 2000 times
this is 1200 times / overall 2000 times
this is 1300 times / overall 2000 times
this is 1400 times / overall 2000 times
this is 1500 times / overall 2000 times
this is 1600 times / overall 2000 times
this is 1700 times / overall 2000 times
this is 1800 times / overall 2000 times
this is 1900 times / overall 2000 times
this is 224 times which has already done.
----------------------------------------------------------------------------------------------------
this is 225 times / overall 1000 times
1.5761448936314093 1.1220459610597993 1.1198825868411593
----------------------------------------------------------------------------------------------------
find index iteration: 0 5000
short indx is [[   0 2971 2301 ... 3465 1811 4190]
 [   1 3372 1471 ... 4976 3441 2030]
 [   2 1278 1510 ... 4742 2334 4731]
 ...
 [4997 4493 1250 ... 4546 1962 4383]
 [4998 2374  195 ... 4773 1856 2039]
 [4999 2977  490 ...  686 3571 4742]]
Scaled residual std at t=225: [3.15228979 2.24409192 2.23976517]
start_idx is 0; end_idx is 5000
this is 0 times / overall 2000 times
this is 100 times / overall 2000 times
this is 200 times / overall 2000 times
this is 300 times / overall 2000 times
this is 400 times / overall 2000 times
this is 500 times / overall 2000 times
this is 600 times / overall 2000 times
this is 700 times / overall 2000 times
this is 800 times / overall 2000 times
this is 900 times / overall 2000 times
this is 1000 times / overall 2000 times
this is 1100 times / overall 2000 times
this is 1200 times / overall 2000 times
this is 1300 times / overall 2000 times
this is 1400 times / overall 2000 times
this is 1500 times / overall 2000 times
this is 1600 times / overall 2000 times
this is 1700 times / overall 2000 times
this is 1800 times / overall 2000 times
this is 1900 times / overall 2000 times
this is 225 times which has already done.
----------------------------------------------------------------------------------------------------
this is 226 times / overall 1000 times
1.5996526426486002 1.1177355874942172 1.133585896179768
----------------------------------------------------------------------------------------------------
find index iteration: 0 5000
short indx is [[   0 2971 2301 ... 3032 3230  337]
 [   1 3372 1471 ... 1927 4610 1561]
 [   2 1278  644 ... 1359 3663 4854]
 ...
 [4997 3047 4493 ... 1419 2393 3196]
 [4998 2328  195 ... 1290  842 4063]
 [4999  809  487 ... 3083 1538 1567]]
Scaled residual std at t=226: [3.19930529 2.23547117 2.26717179]
start_idx is 0; end_idx is 5000
this is 0 times / overall 2000 times
this is 100 times / overall 2000 times
this is 200 times / overall 2000 times
this is 300 times / overall 2000 times
this is 400 times / overall 2000 times
this is 500 times / overall 2000 times
this is 600 times / overall 2000 times
this is 700 times / overall 2000 times
this is 800 times / overall 2000 times
this is 900 times / overall 2000 times
this is 1000 times / overall 2000 times
this is 1100 times / overall 2000 times
this is 1200 times / overall 2000 times
this is 1300 times / overall 2000 times
this is 1400 times / overall 2000 times
this is 1500 times / overall 2000 times
this is 1600 times / overall 2000 times
this is 1700 times / overall 2000 times
this is 1800 times / overall 2000 times
this is 1900 times / overall 2000 times
this is 226 times which has already done.
----------------------------------------------------------------------------------------------------
this is 227 times / overall 1000 times
1.578603975675949 1.1095363314969398 1.1205424934477153
----------------------------------------------------------------------------------------------------
find index iteration: 0 5000
short indx is [[   0 2301 2971 ... 4662 3858 3792]
 [   1 3372 1471 ...  773 3510 3192]
 [   2  209 3383 ... 1386  576 1889]
 ...
 [4997 4493 2671 ...   78 2368 4581]
 [4998 2233 2328 ...  598 4921 2293]
 [4999  809 1642 ... 4185 4277 2600]]
Scaled residual std at t=227: [3.15720795 2.21907266 2.24108499]
start_idx is 0; end_idx is 5000
this is 0 times / overall 2000 times
this is 100 times / overall 2000 times
this is 200 times / overall 2000 times
this is 300 times / overall 2000 times
this is 400 times / overall 2000 times
this is 500 times / overall 2000 times
this is 600 times / overall 2000 times
this is 700 times / overall 2000 times
this is 800 times / overall 2000 times
this is 900 times / overall 2000 times
this is 1000 times / overall 2000 times
this is 1100 times / overall 2000 times
this is 1200 times / overall 2000 times
this is 1300 times / overall 2000 times
this is 1400 times / overall 2000 times
this is 1500 times / overall 2000 times
this is 1600 times / overall 2000 times
this is 1700 times / overall 2000 times
this is 1800 times / overall 2000 times
this is 1900 times / overall 2000 times
this is 227 times which has already done.
----------------------------------------------------------------------------------------------------
this is 228 times / overall 1000 times
1.5564524521062455 1.1272871313508086 1.1175693255108643
----------------------------------------------------------------------------------------------------
find index iteration: 0 5000
short indx is [[   0 2971 2301 ...  971 2602 1123]
 [   1 3372  771 ... 2904 1037 2530]
 [   2  644 1544 ... 2608 3197 3186]
 ...
 [4997 4493 2671 ... 4602  559 4264]
 [4998 4265 4040 ... 4423 3713 2189]
 [4999 1089  809 ... 4258 2167 4417]]
Scaled residual std at t=228: [3.1129049  2.25457426 2.23513865]
start_idx is 0; end_idx is 5000
this is 0 times / overall 2000 times
this is 100 times / overall 2000 times
this is 200 times / overall 2000 times
this is 300 times / overall 2000 times
this is 400 times / overall 2000 times
this is 500 times / overall 2000 times
this is 600 times / overall 2000 times
this is 700 times / overall 2000 times
this is 800 times / overall 2000 times
this is 900 times / overall 2000 times
this is 1000 times / overall 2000 times
this is 1100 times / overall 2000 times
this is 1200 times / overall 2000 times
this is 1300 times / overall 2000 times
this is 1400 times / overall 2000 times
this is 1500 times / overall 2000 times
this is 1600 times / overall 2000 times
this is 1700 times / overall 2000 times
this is 1800 times / overall 2000 times
this is 1900 times / overall 2000 times
this is 228 times which has already done.
----------------------------------------------------------------------------------------------------
this is 229 times / overall 1000 times
1.6010566403648834 1.1278201929136427 1.1326190112213925
----------------------------------------------------------------------------------------------------
find index iteration: 0 5000
short indx is [[   0 2301 2971 ... 3941 4755  762]
 [   1  771 3372 ... 1124 2897 3872]
 [   2  209 1857 ... 1082 2593  959]
 ...
 [4997 4493 1250 ... 1421 1386   22]
 [4998 2721 4265 ... 1543 4161 3464]
 [4999 3124 1812 ...  842 3347 2697]]
Scaled residual std at t=229: [3.20211328 2.25564039 2.26523802]
start_idx is 0; end_idx is 5000
this is 0 times / overall 2000 times
this is 100 times / overall 2000 times
this is 200 times / overall 2000 times
this is 300 times / overall 2000 times
this is 400 times / overall 2000 times
this is 500 times / overall 2000 times
this is 600 times / overall 2000 times
this is 700 times / overall 2000 times
this is 800 times / overall 2000 times
this is 900 times / overall 2000 times
this is 1000 times / overall 2000 times
this is 1100 times / overall 2000 times
this is 1200 times / overall 2000 times
this is 1300 times / overall 2000 times
this is 1400 times / overall 2000 times
this is 1500 times / overall 2000 times
this is 1600 times / overall 2000 times
this is 1700 times / overall 2000 times
this is 1800 times / overall 2000 times
this is 1900 times / overall 2000 times
this is 229 times which has already done.
----------------------------------------------------------------------------------------------------
this is 230 times / overall 1000 times
1.5839477334322363 1.1373690343826022 1.0997647194903548
----------------------------------------------------------------------------------------------------
find index iteration: 0 5000
short indx is [[   0 2301 2971 ... 4368 1744 2323]
 [   1 3372  771 ...  673 3218  308]
 [   2  209 3838 ...  854 2329 1712]
 ...
 [4997 3177 1522 ... 3196 2143 1390]
 [4998 2721 2770 ... 3493 1573 3636]
 [4999 1089 3124 ... 4590 2642 1318]]
Scaled residual std at t=230: [3.16789547 2.27473807 2.19952944]
start_idx is 0; end_idx is 5000
this is 0 times / overall 2000 times
this is 100 times / overall 2000 times
this is 200 times / overall 2000 times
this is 300 times / overall 2000 times
this is 400 times / overall 2000 times
this is 500 times / overall 2000 times
this is 600 times / overall 2000 times
this is 700 times / overall 2000 times
this is 800 times / overall 2000 times
this is 900 times / overall 2000 times
this is 1000 times / overall 2000 times
this is 1100 times / overall 2000 times
this is 1200 times / overall 2000 times
this is 1300 times / overall 2000 times
this is 1400 times / overall 2000 times
this is 1500 times / overall 2000 times
this is 1600 times / overall 2000 times
this is 1700 times / overall 2000 times
this is 1800 times / overall 2000 times
this is 1900 times / overall 2000 times
this is 230 times which has already done.
----------------------------------------------------------------------------------------------------
this is 231 times / overall 1000 times
1.6032358080639286 1.1415580835133803 1.119491679875875
----------------------------------------------------------------------------------------------------
find index iteration: 0 5000
short indx is [[   0 2301 3906 ... 2987  109  369]
 [   1  771 3372 ... 2908 2584 2441]
 [   2  451 4727 ... 1594 3581 2329]
 ...
 [4997 2671 3177 ... 1408 2806  775]
 [4998  134 2770 ... 4605 2059 2614]
 [4999 3124 3005 ...  670 1219 4970]]
Scaled residual std at t=231: [3.20647162 2.28311617 2.23898336]
start_idx is 0; end_idx is 5000
this is 0 times / overall 2000 times
this is 100 times / overall 2000 times
this is 200 times / overall 2000 times
this is 300 times / overall 2000 times
this is 400 times / overall 2000 times
this is 500 times / overall 2000 times
this is 600 times / overall 2000 times
this is 700 times / overall 2000 times
this is 800 times / overall 2000 times
this is 900 times / overall 2000 times
this is 1000 times / overall 2000 times
this is 1100 times / overall 2000 times
this is 1200 times / overall 2000 times
this is 1300 times / overall 2000 times
this is 1400 times / overall 2000 times
this is 1500 times / overall 2000 times
this is 1600 times / overall 2000 times
this is 1700 times / overall 2000 times
this is 1800 times / overall 2000 times
this is 1900 times / overall 2000 times
this is 231 times which has already done.
----------------------------------------------------------------------------------------------------
this is 232 times / overall 1000 times
1.5873088686345282 1.1235770603295607 1.1269054415555169
----------------------------------------------------------------------------------------------------
find index iteration: 0 5000
short indx is [[   0 2301 3228 ... 4843 1407  117]
 [   1  771 3375 ... 2974 4523  341]
 [   2  451 3487 ...  393  873 4754]
 ...
 [4997 2178 2671 ... 4032 1558 4728]
 [4998 1993 1424 ... 3558  446 4490]
 [4999 1089  755 ...  104 1386   26]]
Scaled residual std at t=232: [3.17461774 2.24715412 2.25381088]
start_idx is 0; end_idx is 5000
this is 0 times / overall 2000 times
this is 100 times / overall 2000 times
this is 200 times / overall 2000 times
this is 300 times / overall 2000 times
this is 400 times / overall 2000 times
this is 500 times / overall 2000 times
this is 600 times / overall 2000 times
this is 700 times / overall 2000 times
this is 800 times / overall 2000 times
this is 900 times / overall 2000 times
this is 1000 times / overall 2000 times
this is 1100 times / overall 2000 times
this is 1200 times / overall 2000 times
this is 1300 times / overall 2000 times
this is 1400 times / overall 2000 times
this is 1500 times / overall 2000 times
this is 1600 times / overall 2000 times
this is 1700 times / overall 2000 times
this is 1800 times / overall 2000 times
this is 1900 times / overall 2000 times
this is 232 times which has already done.
----------------------------------------------------------------------------------------------------
this is 233 times / overall 1000 times
1.600717943323338 1.1180344688658908 1.1216970750774073
----------------------------------------------------------------------------------------------------
find index iteration: 0 5000
short indx is [[   0 2301 3228 ... 2952 4917 3310]
 [   1  771 3375 ... 4432 1366  501]
 [   2 1472  158 ... 1088 3289 2453]
 ...
 [4997 2178  707 ... 1363  381 3887]
 [4998 2145 1993 ...  467 3471 3827]
 [4999  756 3939 ... 2336   28 4422]]
Scaled residual std at t=233: [3.20143589 2.23606894 2.24339415]
start_idx is 0; end_idx is 5000
this is 0 times / overall 2000 times
this is 100 times / overall 2000 times
this is 200 times / overall 2000 times
this is 300 times / overall 2000 times
this is 400 times / overall 2000 times
this is 500 times / overall 2000 times
this is 600 times / overall 2000 times
this is 700 times / overall 2000 times
this is 800 times / overall 2000 times
this is 900 times / overall 2000 times
this is 1000 times / overall 2000 times
this is 1100 times / overall 2000 times
this is 1200 times / overall 2000 times
this is 1300 times / overall 2000 times
this is 1400 times / overall 2000 times
this is 1500 times / overall 2000 times
this is 1600 times / overall 2000 times
this is 1700 times / overall 2000 times
this is 1800 times / overall 2000 times
this is 1900 times / overall 2000 times
this is 233 times which has already done.
----------------------------------------------------------------------------------------------------
this is 234 times / overall 1000 times
1.5762952444238156 1.1309042281037367 1.1203718084982504
----------------------------------------------------------------------------------------------------
find index iteration: 0 5000
short indx is [[   0 2301 3622 ... 4569 2484  610]
 [   1  771 3372 ... 3599 2908 1494]
 [   2  158 1472 ...  564 1858  265]
 ...
 [4997 3177 2178 ...  741    4 2953]
 [4998 4084 3025 ... 2427 3418 3366]
 [4999  755 4747 ... 4461 1195 3948]]
Scaled residual std at t=234: [3.15259049 2.26180846 2.24074362]
start_idx is 0; end_idx is 5000
this is 0 times / overall 2000 times
this is 100 times / overall 2000 times
this is 200 times / overall 2000 times
this is 300 times / overall 2000 times
this is 400 times / overall 2000 times
this is 500 times / overall 2000 times
this is 600 times / overall 2000 times
this is 700 times / overall 2000 times
this is 800 times / overall 2000 times
this is 900 times / overall 2000 times
this is 1000 times / overall 2000 times
this is 1100 times / overall 2000 times
this is 1200 times / overall 2000 times
this is 1300 times / overall 2000 times
this is 1400 times / overall 2000 times
this is 1500 times / overall 2000 times
this is 1600 times / overall 2000 times
this is 1700 times / overall 2000 times
this is 1800 times / overall 2000 times
this is 1900 times / overall 2000 times
this is 234 times which has already done.
----------------------------------------------------------------------------------------------------
this is 235 times / overall 1000 times
1.6009325066497855 1.1100995083608336 1.107429566538597
----------------------------------------------------------------------------------------------------
find index iteration: 0 5000
short indx is [[   0 2301 3622 ... 1914 2217 4433]
 [   1  771 3372 ... 3979 2714 3195]
 [   2  158 1472 ... 2652 1490 3792]
 ...
 [4997 3177 4506 ... 1948 3193 3196]
 [4998 3025 1170 ...  611 1220 3452]
 [4999  755 3939 ... 2383 4733 4198]]
Scaled residual std at t=235: [3.20186501 2.22019902 2.21485913]
start_idx is 0; end_idx is 5000
this is 0 times / overall 2000 times
this is 100 times / overall 2000 times
this is 200 times / overall 2000 times
this is 300 times / overall 2000 times
this is 400 times / overall 2000 times
this is 500 times / overall 2000 times
this is 600 times / overall 2000 times
this is 700 times / overall 2000 times
this is 800 times / overall 2000 times
this is 900 times / overall 2000 times
this is 1000 times / overall 2000 times
this is 1100 times / overall 2000 times
this is 1200 times / overall 2000 times
this is 1300 times / overall 2000 times
this is 1400 times / overall 2000 times
this is 1500 times / overall 2000 times
this is 1600 times / overall 2000 times
this is 1700 times / overall 2000 times
this is 1800 times / overall 2000 times
this is 1900 times / overall 2000 times
this is 235 times which has already done.
----------------------------------------------------------------------------------------------------
this is 236 times / overall 1000 times
1.5662407343355416 1.1282625399221053 1.122079013664811
----------------------------------------------------------------------------------------------------
find index iteration: 0 5000
short indx is [[   0 2301  620 ... 2311 1208 4106]
 [   1  771 3372 ...  962  791 1031]
 [   2  954  783 ...  492 3151  439]
 ...
 [4997  965 3291 ...  201 4946  245]
 [4998 1105  312 ...  891  416   11]
 [4999  756  755 ... 2316  190 4600]]
Scaled residual std at t=236: [3.13248147 2.25652508 2.24415803]
start_idx is 0; end_idx is 5000
this is 0 times / overall 2000 times
this is 100 times / overall 2000 times
this is 200 times / overall 2000 times
this is 300 times / overall 2000 times
this is 400 times / overall 2000 times
this is 500 times / overall 2000 times
this is 600 times / overall 2000 times
this is 700 times / overall 2000 times
this is 800 times / overall 2000 times
this is 900 times / overall 2000 times
this is 1000 times / overall 2000 times
this is 1100 times / overall 2000 times
this is 1200 times / overall 2000 times
this is 1300 times / overall 2000 times
this is 1400 times / overall 2000 times
this is 1500 times / overall 2000 times
this is 1600 times / overall 2000 times
this is 1700 times / overall 2000 times
this is 1800 times / overall 2000 times
this is 1900 times / overall 2000 times
this is 236 times which has already done.
----------------------------------------------------------------------------------------------------
this is 237 times / overall 1000 times
1.5982048628927599 1.10623557885087 1.1134467846022769
----------------------------------------------------------------------------------------------------
find index iteration: 0 5000
short indx is [[   0 3906 2301 ... 4163 3467 1094]
 [   1  771 3372 ... 3569 4312  331]
 [   2 4552 2289 ... 2733 3989 3063]
 ...
 [4997 3385  965 ... 3990 1711 1474]
 [4998 1388 1170 ... 3471  530 3819]
 [4999  813  756 ... 2306 4678 4384]]
Scaled residual std at t=237: [3.19640973 2.21247116 2.22689357]
start_idx is 0; end_idx is 5000
this is 0 times / overall 2000 times
this is 100 times / overall 2000 times
this is 200 times / overall 2000 times
this is 300 times / overall 2000 times
this is 400 times / overall 2000 times
this is 500 times / overall 2000 times
this is 600 times / overall 2000 times
this is 700 times / overall 2000 times
this is 800 times / overall 2000 times
this is 900 times / overall 2000 times
this is 1000 times / overall 2000 times
this is 1100 times / overall 2000 times
this is 1200 times / overall 2000 times
this is 1300 times / overall 2000 times
this is 1400 times / overall 2000 times
this is 1500 times / overall 2000 times
this is 1600 times / overall 2000 times
this is 1700 times / overall 2000 times
this is 1800 times / overall 2000 times
this is 1900 times / overall 2000 times
this is 237 times which has already done.
----------------------------------------------------------------------------------------------------
this is 238 times / overall 1000 times
1.612497989584663 1.1176403965944592 1.1209648260406189
----------------------------------------------------------------------------------------------------
find index iteration: 0 5000
short indx is [[   0 3906 2301 ... 4353 2120 4157]
 [   1  771 3372 ... 1041 4102 4971]
 [   2 4552 2289 ... 1839 1490 3558]
 ...
 [4997 3291 2274 ... 2740  201 3847]
 [4998 1105 1238 ... 4511 1045  945]
 [4999 4891  813 ... 3326 2832 1135]]
Scaled residual std at t=238: [3.22499598 2.23528079 2.24192965]
start_idx is 0; end_idx is 5000
this is 0 times / overall 2000 times
this is 100 times / overall 2000 times
this is 200 times / overall 2000 times
this is 300 times / overall 2000 times
this is 400 times / overall 2000 times
this is 500 times / overall 2000 times
this is 600 times / overall 2000 times
this is 700 times / overall 2000 times
this is 800 times / overall 2000 times
this is 900 times / overall 2000 times
this is 1000 times / overall 2000 times
this is 1100 times / overall 2000 times
this is 1200 times / overall 2000 times
this is 1300 times / overall 2000 times
this is 1400 times / overall 2000 times
this is 1500 times / overall 2000 times
this is 1600 times / overall 2000 times
this is 1700 times / overall 2000 times
this is 1800 times / overall 2000 times
this is 1900 times / overall 2000 times
this is 238 times which has already done.
----------------------------------------------------------------------------------------------------
this is 239 times / overall 1000 times
1.5870263566874845 1.1194255038093823 1.1215964481874368
----------------------------------------------------------------------------------------------------
find index iteration: 0 5000
short indx is [[   0 2301 3906 ... 2441  203 4952]
 [   1  771 3372 ... 2976 2083 3102]
 [   2 4552 3194 ... 3327 4050 2570]
 ...
 [4997 2274 3291 ... 2210 4278 4156]
 [4998 2963 1170 ... 4741  282 2575]
 [4999 4891  756 ... 1219 4334 1333]]
Scaled residual std at t=239: [3.17405271 2.23885101 2.2431929 ]
start_idx is 0; end_idx is 5000
this is 0 times / overall 2000 times
this is 100 times / overall 2000 times
this is 200 times / overall 2000 times
this is 300 times / overall 2000 times
this is 400 times / overall 2000 times
this is 500 times / overall 2000 times
this is 600 times / overall 2000 times
this is 700 times / overall 2000 times
this is 800 times / overall 2000 times
this is 900 times / overall 2000 times
this is 1000 times / overall 2000 times
this is 1100 times / overall 2000 times
this is 1200 times / overall 2000 times
this is 1300 times / overall 2000 times
this is 1400 times / overall 2000 times
this is 1500 times / overall 2000 times
this is 1600 times / overall 2000 times
this is 1700 times / overall 2000 times
this is 1800 times / overall 2000 times
this is 1900 times / overall 2000 times
this is 239 times which has already done.
----------------------------------------------------------------------------------------------------
this is 240 times / overall 1000 times
1.578271357299913 1.1214849293321711 1.1126038302309904
----------------------------------------------------------------------------------------------------
find index iteration: 0 5000
short indx is [[   0 2301 3906 ... 3988 4423 4579]
 [   1  771 3372 ... 3025 4270 1244]
 [   2 4552 4991 ... 2140 3579 3348]
 ...
 [4997 2274 3177 ... 3694 3948  262]
 [4998 2963 1105 ... 1037  472 4966]
 [4999  616 3996 ... 3164  442 1317]]
Scaled residual std at t=240: [3.15654271 2.24296986 2.22520766]
start_idx is 0; end_idx is 5000
this is 0 times / overall 2000 times
this is 100 times / overall 2000 times
this is 200 times / overall 2000 times
this is 300 times / overall 2000 times
this is 400 times / overall 2000 times
this is 500 times / overall 2000 times
this is 600 times / overall 2000 times
this is 700 times / overall 2000 times
this is 800 times / overall 2000 times
this is 900 times / overall 2000 times
this is 1000 times / overall 2000 times
this is 1100 times / overall 2000 times
this is 1200 times / overall 2000 times
this is 1300 times / overall 2000 times
this is 1400 times / overall 2000 times
this is 1500 times / overall 2000 times
this is 1600 times / overall 2000 times
this is 1700 times / overall 2000 times
this is 1800 times / overall 2000 times
this is 1900 times / overall 2000 times
this is 240 times which has already done.
----------------------------------------------------------------------------------------------------
this is 241 times / overall 1000 times
1.5925553351245687 1.1330327315737099 1.0991316525145067
----------------------------------------------------------------------------------------------------
find index iteration: 0 5000
short indx is [[   0 1072 1931 ... 1443 1784 2544]
 [   1 3372  771 ... 4405 4003 1431]
 [   2 3194 4991 ... 4197 2303  214]
 ...
 [4997 3177 2274 ... 4355 2869 4996]
 [4998 1105 1238 ... 3568 4311 3459]
 [4999 3996 1525 ... 4378 4972 4650]]
Scaled residual std at t=241: [3.18511067 2.26606546 2.19826331]
start_idx is 0; end_idx is 5000
this is 0 times / overall 2000 times
this is 100 times / overall 2000 times
this is 200 times / overall 2000 times
this is 300 times / overall 2000 times
this is 400 times / overall 2000 times
this is 500 times / overall 2000 times
this is 600 times / overall 2000 times
this is 700 times / overall 2000 times
this is 800 times / overall 2000 times
this is 900 times / overall 2000 times
this is 1000 times / overall 2000 times
this is 1100 times / overall 2000 times
this is 1200 times / overall 2000 times
this is 1300 times / overall 2000 times
this is 1400 times / overall 2000 times
this is 1500 times / overall 2000 times
this is 1600 times / overall 2000 times
this is 1700 times / overall 2000 times
this is 1800 times / overall 2000 times
this is 1900 times / overall 2000 times
this is 241 times which has already done.
----------------------------------------------------------------------------------------------------
this is 242 times / overall 1000 times
1.5898738405697 1.1260774054727702 1.134897956311532
----------------------------------------------------------------------------------------------------
find index iteration: 0 5000
short indx is [[   0 3834 2301 ... 1437   65 1718]
 [   1  771 4925 ... 4003  467 3551]
 [   2 3812 4392 ... 2303 1431 2094]
 ...
 [4997 3177 2274 ... 2800 3159 3760]
 [4998 2963 1412 ... 1477 1709 2246]
 [4999  756 2087 ... 1765 4758 2249]]
Scaled residual std at t=242: [3.17974768 2.25215481 2.26979591]
start_idx is 0; end_idx is 5000
this is 0 times / overall 2000 times
this is 100 times / overall 2000 times
this is 200 times / overall 2000 times
this is 300 times / overall 2000 times
this is 400 times / overall 2000 times
this is 500 times / overall 2000 times
this is 600 times / overall 2000 times
this is 700 times / overall 2000 times
this is 800 times / overall 2000 times
this is 900 times / overall 2000 times
this is 1000 times / overall 2000 times
this is 1100 times / overall 2000 times
this is 1200 times / overall 2000 times
this is 1300 times / overall 2000 times
this is 1400 times / overall 2000 times
this is 1500 times / overall 2000 times
this is 1600 times / overall 2000 times
this is 1700 times / overall 2000 times
this is 1800 times / overall 2000 times
this is 1900 times / overall 2000 times
this is 242 times which has already done.
----------------------------------------------------------------------------------------------------
this is 243 times / overall 1000 times
1.6038647400730606 1.110532068623711 1.1220957704661654
----------------------------------------------------------------------------------------------------
find index iteration: 0 5000
short indx is [[   0 2301 3834 ... 1756 2599 3254]
 [   1  771 3372 ... 3605 4763  630]
 [   2 4392 1799 ... 1943 3613 2972]
 ...
 [4997 3177 3385 ... 3778  895  909]
 [4998 1232 2963 ... 1477 1312 1586]
 [4999 3300 2992 ... 3217 3717 3139]]
Scaled residual std at t=243: [3.20772948 2.22106414 2.24419154]
start_idx is 0; end_idx is 5000
this is 0 times / overall 2000 times
this is 100 times / overall 2000 times
this is 200 times / overall 2000 times
this is 300 times / overall 2000 times
this is 400 times / overall 2000 times
this is 500 times / overall 2000 times
this is 600 times / overall 2000 times
this is 700 times / overall 2000 times
this is 800 times / overall 2000 times
this is 900 times / overall 2000 times
this is 1000 times / overall 2000 times
this is 1100 times / overall 2000 times
this is 1200 times / overall 2000 times
this is 1300 times / overall 2000 times
this is 1400 times / overall 2000 times
this is 1500 times / overall 2000 times
this is 1600 times / overall 2000 times
this is 1700 times / overall 2000 times
this is 1800 times / overall 2000 times
this is 1900 times / overall 2000 times
this is 243 times which has already done.
----------------------------------------------------------------------------------------------------
this is 244 times / overall 1000 times
1.5769506793144317 1.1365778949977505 1.1190067095137866
----------------------------------------------------------------------------------------------------
find index iteration: 0 5000
short indx is [[   0 1072 2301 ...  492 2690 2730]
 [   1  771 3372 ... 2213   78 4310]
 [   2 4392 3194 ... 1692 1514 3237]
 ...
 [4997 3385 3177 ... 1218 3937 3660]
 [4998 3859 1232 ... 2710 1436 1878]
 [4999 2992  226 ... 1369  116 1591]]
Scaled residual std at t=244: [3.15390136 2.27315579 2.23801342]
start_idx is 0; end_idx is 5000
this is 0 times / overall 2000 times
this is 100 times / overall 2000 times
this is 200 times / overall 2000 times
this is 300 times / overall 2000 times
this is 400 times / overall 2000 times
this is 500 times / overall 2000 times
this is 600 times / overall 2000 times
this is 700 times / overall 2000 times
this is 800 times / overall 2000 times
this is 900 times / overall 2000 times
this is 1000 times / overall 2000 times
this is 1100 times / overall 2000 times
this is 1200 times / overall 2000 times
this is 1300 times / overall 2000 times
this is 1400 times / overall 2000 times
this is 1500 times / overall 2000 times
this is 1600 times / overall 2000 times
this is 1700 times / overall 2000 times
this is 1800 times / overall 2000 times
this is 1900 times / overall 2000 times
this is 244 times which has already done.
----------------------------------------------------------------------------------------------------
this is 245 times / overall 1000 times
1.5678710761886163 1.1051310805069392 1.1247044241010173
----------------------------------------------------------------------------------------------------
find index iteration: 0 5000
short indx is [[   0 2301 3228 ... 3785 4965 4512]
 [   1  771 3372 ... 2087 4520 2031]
 [   2 1869 4552 ... 4724  394  128]
 ...
 [4997 3385 3177 ...  501 1025 1018]
 [4998 4803 3859 ... 2079 4254 2494]
 [4999 4599 2992 ...  284 1501 1465]]
Scaled residual std at t=245: [3.13574215 2.21026216 2.24940885]
start_idx is 0; end_idx is 5000
this is 0 times / overall 2000 times
this is 100 times / overall 2000 times
this is 200 times / overall 2000 times
this is 300 times / overall 2000 times
this is 400 times / overall 2000 times
this is 500 times / overall 2000 times
this is 600 times / overall 2000 times
this is 700 times / overall 2000 times
this is 800 times / overall 2000 times
this is 900 times / overall 2000 times
this is 1000 times / overall 2000 times
this is 1100 times / overall 2000 times
this is 1200 times / overall 2000 times
this is 1300 times / overall 2000 times
this is 1400 times / overall 2000 times
this is 1500 times / overall 2000 times
this is 1600 times / overall 2000 times
this is 1700 times / overall 2000 times
this is 1800 times / overall 2000 times
this is 1900 times / overall 2000 times
this is 245 times which has already done.
----------------------------------------------------------------------------------------------------
this is 246 times / overall 1000 times
1.5728620989323716 1.1240297665842003 1.1420796681163692
----------------------------------------------------------------------------------------------------
find index iteration: 0 5000
short indx is [[   0 1072 3228 ... 2431   42 4952]
 [   1  771 3372 ... 2301 4107 2714]
 [   2  813 1869 ...  628  557   29]
 ...
 [4997 3177 3385 ... 4093 3144 4346]
 [4998 4803  759 ... 2970 3692 1914]
 [4999 3124  226 ...   44 2010 3327]]
Scaled residual std at t=246: [3.1457242  2.24805953 2.28415934]
start_idx is 0; end_idx is 5000
this is 0 times / overall 2000 times
this is 100 times / overall 2000 times
this is 200 times / overall 2000 times
this is 300 times / overall 2000 times
this is 400 times / overall 2000 times
this is 500 times / overall 2000 times
this is 600 times / overall 2000 times
this is 700 times / overall 2000 times
this is 800 times / overall 2000 times
this is 900 times / overall 2000 times
this is 1000 times / overall 2000 times
this is 1100 times / overall 2000 times
this is 1200 times / overall 2000 times
this is 1300 times / overall 2000 times
this is 1400 times / overall 2000 times
this is 1500 times / overall 2000 times
this is 1600 times / overall 2000 times
this is 1700 times / overall 2000 times
this is 1800 times / overall 2000 times
this is 1900 times / overall 2000 times
this is 246 times which has already done.
----------------------------------------------------------------------------------------------------
this is 247 times / overall 1000 times
1.5829185947016748 1.120042937993476 1.1260967778559594
----------------------------------------------------------------------------------------------------
find index iteration: 0 5000
short indx is [[   0 4815 3190 ...   31 4406 4537]
 [   1  771 3372 ... 2743 4017 1416]
 [   2 2626  813 ... 3717 4220 2996]
 ...
 [4997 3385 3177 ...  473 2072 1151]
 [4998 3970 3969 ...  228 3992 2657]
 [4999 3124 3504 ... 4365 4350 4169]]
Scaled residual std at t=247: [3.16583719 2.24008588 2.25219356]
start_idx is 0; end_idx is 5000
this is 0 times / overall 2000 times
this is 100 times / overall 2000 times
this is 200 times / overall 2000 times
this is 300 times / overall 2000 times
this is 400 times / overall 2000 times
this is 500 times / overall 2000 times
this is 600 times / overall 2000 times
this is 700 times / overall 2000 times
this is 800 times / overall 2000 times
this is 900 times / overall 2000 times
this is 1000 times / overall 2000 times
this is 1100 times / overall 2000 times
this is 1200 times / overall 2000 times
this is 1300 times / overall 2000 times
this is 1400 times / overall 2000 times
this is 1500 times / overall 2000 times
this is 1600 times / overall 2000 times
this is 1700 times / overall 2000 times
this is 1800 times / overall 2000 times
this is 1900 times / overall 2000 times
this is 247 times which has already done.
----------------------------------------------------------------------------------------------------
this is 248 times / overall 1000 times
1.5541246744415644 1.1307142993587362 1.1240638154944278
----------------------------------------------------------------------------------------------------
find index iteration: 0 5000
short indx is [[   0 3190 3834 ... 1779 1499 1430]
 [   1  771 3372 ... 1851 4902 2539]
 [   2 2626 1869 ... 1495 2452 4231]
 ...
 [4997 3385 3240 ... 4937 4766 3847]
 [4998  941 3969 ... 1104  407 1263]
 [4999 1525  226 ... 2784  730  380]]
Scaled residual std at t=248: [3.10824935 2.2614286  2.24812763]
start_idx is 0; end_idx is 5000
this is 0 times / overall 2000 times
this is 100 times / overall 2000 times
this is 200 times / overall 2000 times
this is 300 times / overall 2000 times
this is 400 times / overall 2000 times
this is 500 times / overall 2000 times
this is 600 times / overall 2000 times
this is 700 times / overall 2000 times
this is 800 times / overall 2000 times
this is 900 times / overall 2000 times
this is 1000 times / overall 2000 times
this is 1100 times / overall 2000 times
this is 1200 times / overall 2000 times
this is 1300 times / overall 2000 times
this is 1400 times / overall 2000 times
this is 1500 times / overall 2000 times
this is 1600 times / overall 2000 times
this is 1700 times / overall 2000 times
this is 1800 times / overall 2000 times
this is 1900 times / overall 2000 times
this is 248 times which has already done.
----------------------------------------------------------------------------------------------------
this is 249 times / overall 1000 times
1.601356714497227 1.1185216202988641 1.1149162701493203
----------------------------------------------------------------------------------------------------
find index iteration: 0 5000
short indx is [[   0 3190 3834 ... 1298   68  633]
 [   1  771 4925 ... 3155 1938 3778]
 [   2 1869 3812 ... 2512 3860 3717]
 ...
 [4997 3385 2274 ... 3069 1498 2628]
 [4998 3970  941 ... 2334  977  573]
 [4999 4005  273 ... 1646 2188 1486]]
Scaled residual std at t=249: [3.20271343 2.23704324 2.22983254]
start_idx is 0; end_idx is 5000
this is 0 times / overall 2000 times
this is 100 times / overall 2000 times
this is 200 times / overall 2000 times
this is 300 times / overall 2000 times
this is 400 times / overall 2000 times
this is 500 times / overall 2000 times
this is 600 times / overall 2000 times
this is 700 times / overall 2000 times
this is 800 times / overall 2000 times
this is 900 times / overall 2000 times
this is 1000 times / overall 2000 times
this is 1100 times / overall 2000 times
this is 1200 times / overall 2000 times
this is 1300 times / overall 2000 times
this is 1400 times / overall 2000 times
this is 1500 times / overall 2000 times
this is 1600 times / overall 2000 times
this is 1700 times / overall 2000 times
this is 1800 times / overall 2000 times
this is 1900 times / overall 2000 times
this is 249 times which has already done.
----------------------------------------------------------------------------------------------------
this is 250 times / overall 1000 times
1.594264364532795 1.1279697326997074 1.131584524778958
----------------------------------------------------------------------------------------------------
find index iteration: 0 5000
short indx is [[   0 3190 4300 ... 2297 2799 2811]
 [   1  771 4925 ... 1117 1643 2605]
 [   2 1869 4730 ... 3257 3779 2966]
 ...
 [4997 3385  340 ... 4699 2799 3302]
 [4998 3970  941 ... 4500 1310 4984]
 [4999 1525  273 ... 4834 1104 3114]]
Scaled residual std at t=250: [3.18852873 2.25593947 2.26316905]
start_idx is 0; end_idx is 5000
this is 0 times / overall 2000 times
this is 100 times / overall 2000 times
this is 200 times / overall 2000 times
this is 300 times / overall 2000 times
this is 400 times / overall 2000 times
this is 500 times / overall 2000 times
this is 600 times / overall 2000 times
this is 700 times / overall 2000 times
this is 800 times / overall 2000 times
this is 900 times / overall 2000 times
this is 1000 times / overall 2000 times
this is 1100 times / overall 2000 times
this is 1200 times / overall 2000 times
this is 1300 times / overall 2000 times
this is 1400 times / overall 2000 times
this is 1500 times / overall 2000 times
this is 1600 times / overall 2000 times
this is 1700 times / overall 2000 times
this is 1800 times / overall 2000 times
this is 1900 times / overall 2000 times
this is 250 times which has already done.
----------------------------------------------------------------------------------------------------
this is 251 times / overall 1000 times
1.5560522809792556 1.1199392984583703 1.1011873477065153
----------------------------------------------------------------------------------------------------
find index iteration: 0 5000
short indx is [[   0 3190 4300 ... 3146 4400 1696]
 [   1  771 4925 ... 4271 2113  721]
 [   2  813 1869 ... 3348 2598  344]
 ...
 [4997  340  299 ... 2698 2398 4833]
 [4998 4706 3970 ... 4421 2883 3762]
 [4999  660  632 ...  248 4530 2220]]
Scaled residual std at t=251: [3.11210456 2.2398786  2.2023747 ]
start_idx is 0; end_idx is 5000
this is 0 times / overall 2000 times
this is 100 times / overall 2000 times
this is 200 times / overall 2000 times
this is 300 times / overall 2000 times
this is 400 times / overall 2000 times
this is 500 times / overall 2000 times
this is 600 times / overall 2000 times
this is 700 times / overall 2000 times
this is 800 times / overall 2000 times
this is 900 times / overall 2000 times
this is 1000 times / overall 2000 times
this is 1100 times / overall 2000 times
this is 1200 times / overall 2000 times
this is 1300 times / overall 2000 times
this is 1400 times / overall 2000 times
this is 1500 times / overall 2000 times
this is 1600 times / overall 2000 times
this is 1700 times / overall 2000 times
this is 1800 times / overall 2000 times
this is 1900 times / overall 2000 times
this is 251 times which has already done.
----------------------------------------------------------------------------------------------------
this is 252 times / overall 1000 times
1.5901943251715862 1.1274651950142334 1.1018635574010016
----------------------------------------------------------------------------------------------------
find index iteration: 0 5000
short indx is [[   0 3190 4300 ...   22  461 1332]
 [   1  771  847 ... 4182  933 3257]
 [   2  813 1869 ... 2638  989 1719]
 ...
 [4997  340  299 ... 2799 3615  727]
 [4998 2749 3998 ... 1663 2351 3747]
 [4999  660 4509 ...  138 2570 1830]]
Scaled residual std at t=252: [3.18038865 2.25493039 2.20372711]
start_idx is 0; end_idx is 5000
this is 0 times / overall 2000 times
this is 100 times / overall 2000 times
this is 200 times / overall 2000 times
this is 300 times / overall 2000 times
this is 400 times / overall 2000 times
this is 500 times / overall 2000 times
this is 600 times / overall 2000 times
this is 700 times / overall 2000 times
this is 800 times / overall 2000 times
this is 900 times / overall 2000 times
this is 1000 times / overall 2000 times
this is 1100 times / overall 2000 times
this is 1200 times / overall 2000 times
this is 1300 times / overall 2000 times
this is 1400 times / overall 2000 times
this is 1500 times / overall 2000 times
this is 1600 times / overall 2000 times
this is 1700 times / overall 2000 times
this is 1800 times / overall 2000 times
this is 1900 times / overall 2000 times
this is 252 times which has already done.
----------------------------------------------------------------------------------------------------
this is 253 times / overall 1000 times
1.5825539479920192 1.1312183568917022 1.125822803995102
----------------------------------------------------------------------------------------------------
find index iteration: 0 5000
short indx is [[   0 3190 1072 ... 3068 4607  322]
 [   1  771  847 ...  931 1407 4883]
 [   2 1869  674 ... 1367 2343 4456]
 ...
 [4997  299  779 ... 3721 2439 2906]
 [4998 4706 3970 ... 3762  819   83]
 [4999  660 4509 ...  885 3139 3986]]
Scaled residual std at t=253: [3.1651079  2.26243671 2.25164561]
start_idx is 0; end_idx is 5000
this is 0 times / overall 2000 times
this is 100 times / overall 2000 times
this is 200 times / overall 2000 times
this is 300 times / overall 2000 times
this is 400 times / overall 2000 times
this is 500 times / overall 2000 times
this is 600 times / overall 2000 times
this is 700 times / overall 2000 times
this is 800 times / overall 2000 times
this is 900 times / overall 2000 times
this is 1000 times / overall 2000 times
this is 1100 times / overall 2000 times
this is 1200 times / overall 2000 times
this is 1300 times / overall 2000 times
this is 1400 times / overall 2000 times
this is 1500 times / overall 2000 times
this is 1600 times / overall 2000 times
this is 1700 times / overall 2000 times
this is 1800 times / overall 2000 times
this is 1900 times / overall 2000 times
this is 253 times which has already done.
----------------------------------------------------------------------------------------------------
this is 254 times / overall 1000 times
1.5675849198347935 1.1142504801137536 1.118966485990422
----------------------------------------------------------------------------------------------------
find index iteration: 0 5000
short indx is [[   0 4300 3834 ... 3438 4125 3875]
 [   1  771 1118 ... 2112 3656 2175]
 [   2  674 2995 ... 3793 3710  639]
 ...
 [4997  779  299 ...  303 2240 4949]
 [4998 2344 3970 ... 2656 3891 2484]
 [4999  416  660 ... 2687 2696  829]]
Scaled residual std at t=254: [3.13516984 2.22850096 2.23793297]
start_idx is 0; end_idx is 5000
this is 0 times / overall 2000 times
this is 100 times / overall 2000 times
this is 200 times / overall 2000 times
this is 300 times / overall 2000 times
this is 400 times / overall 2000 times
this is 500 times / overall 2000 times
this is 600 times / overall 2000 times
this is 700 times / overall 2000 times
this is 800 times / overall 2000 times
this is 900 times / overall 2000 times
this is 1000 times / overall 2000 times
this is 1100 times / overall 2000 times
this is 1200 times / overall 2000 times
this is 1300 times / overall 2000 times
this is 1400 times / overall 2000 times
this is 1500 times / overall 2000 times
this is 1600 times / overall 2000 times
this is 1700 times / overall 2000 times
this is 1800 times / overall 2000 times
this is 1900 times / overall 2000 times
this is 254 times which has already done.
----------------------------------------------------------------------------------------------------
this is 255 times / overall 1000 times
1.60539231501656 1.1237476827986526 1.1207490646297602
----------------------------------------------------------------------------------------------------
find index iteration: 0 5000
short indx is [[   0 4815 3834 ... 1587  486 4232]
 [   1  771  847 ... 4789 3155 4394]
 [   2  674 4763 ... 4790 3542 1858]
 ...
 [4997  299  112 ... 1520 1049 4731]
 [4998 3970 2485 ... 3452 2214 2366]
 [4999  660  273 ... 4754 4082 2897]]
Scaled residual std at t=255: [3.21078463 2.24749537 2.24149813]
start_idx is 0; end_idx is 5000
this is 0 times / overall 2000 times
this is 100 times / overall 2000 times
this is 200 times / overall 2000 times
this is 300 times / overall 2000 times
this is 400 times / overall 2000 times
this is 500 times / overall 2000 times
this is 600 times / overall 2000 times
this is 700 times / overall 2000 times
this is 800 times / overall 2000 times
this is 900 times / overall 2000 times
this is 1000 times / overall 2000 times
this is 1100 times / overall 2000 times
this is 1200 times / overall 2000 times
this is 1300 times / overall 2000 times
this is 1400 times / overall 2000 times
this is 1500 times / overall 2000 times
this is 1600 times / overall 2000 times
this is 1700 times / overall 2000 times
this is 1800 times / overall 2000 times
this is 1900 times / overall 2000 times
this is 255 times which has already done.
----------------------------------------------------------------------------------------------------
this is 256 times / overall 1000 times
1.5681460029410528 1.1214767894272002 1.08494681597479
----------------------------------------------------------------------------------------------------
find index iteration: 0 5000
short indx is [[   0 4815 3834 ...  285 4489 1587]
 [   1  771  847 ... 4782 2955 2929]
 [   2 4763  674 ... 2021 2160 1953]
 ...
 [4997  299 1250 ...  982 2383 4861]
 [4998 4706 1511 ... 2366 2539  143]
 [4999  273 4993 ... 1528 2343  313]]
Scaled residual std at t=256: [3.13629201 2.24295358 2.16989363]
start_idx is 0; end_idx is 5000
this is 0 times / overall 2000 times
this is 100 times / overall 2000 times
this is 200 times / overall 2000 times
this is 300 times / overall 2000 times
this is 400 times / overall 2000 times
this is 500 times / overall 2000 times
this is 600 times / overall 2000 times
this is 700 times / overall 2000 times
this is 800 times / overall 2000 times
this is 900 times / overall 2000 times
this is 1000 times / overall 2000 times
this is 1100 times / overall 2000 times
this is 1200 times / overall 2000 times
this is 1300 times / overall 2000 times
this is 1400 times / overall 2000 times
this is 1500 times / overall 2000 times
this is 1600 times / overall 2000 times
this is 1700 times / overall 2000 times
this is 1800 times / overall 2000 times
this is 1900 times / overall 2000 times
this is 256 times which has already done.
----------------------------------------------------------------------------------------------------
this is 257 times / overall 1000 times
1.588606449334643 1.1258950709200954 1.0865160934629985
----------------------------------------------------------------------------------------------------
find index iteration: 0 5000
short indx is [[   0 4815 2301 ... 3236 2844  380]
 [   1  771  847 ... 4523 2221  675]
 [   2  674 3812 ... 2349  959  572]
 ...
 [4997  299 1250 ... 3348 3035 4861]
 [4998 1511 2344 ...  324 3792 2824]
 [4999  273  191 ...  507 3908 4320]]
Scaled residual std at t=257: [3.1772129  2.25179014 2.17303219]
start_idx is 0; end_idx is 5000
this is 0 times / overall 2000 times
this is 100 times / overall 2000 times
this is 200 times / overall 2000 times
this is 300 times / overall 2000 times
this is 400 times / overall 2000 times
this is 500 times / overall 2000 times
this is 600 times / overall 2000 times
this is 700 times / overall 2000 times
this is 800 times / overall 2000 times
this is 900 times / overall 2000 times
this is 1000 times / overall 2000 times
this is 1100 times / overall 2000 times
this is 1200 times / overall 2000 times
this is 1300 times / overall 2000 times
this is 1400 times / overall 2000 times
this is 1500 times / overall 2000 times
this is 1600 times / overall 2000 times
this is 1700 times / overall 2000 times
this is 1800 times / overall 2000 times
this is 1900 times / overall 2000 times
this is 257 times which has already done.
----------------------------------------------------------------------------------------------------
this is 258 times / overall 1000 times
1.5625033634267644 1.131950819078992 1.1206007878068387
----------------------------------------------------------------------------------------------------
find index iteration: 0 5000
short indx is [[   0 4815 2301 ... 2306 1680 3984]
 [   1  771  847 ...  339 2624 1494]
 [   2  674 4763 ... 4008  970  258]
 ...
 [4997  299 1250 ...  829 3524 1984]
 [4998 2344 1511 ... 4449 4893   87]
 [4999  273  191 ... 4796 2368 3633]]
Scaled residual std at t=258: [3.12500673 2.26390164 2.24120158]
start_idx is 0; end_idx is 5000
this is 0 times / overall 2000 times
this is 100 times / overall 2000 times
this is 200 times / overall 2000 times
this is 300 times / overall 2000 times
this is 400 times / overall 2000 times
this is 500 times / overall 2000 times
this is 600 times / overall 2000 times
this is 700 times / overall 2000 times
this is 800 times / overall 2000 times
this is 900 times / overall 2000 times
this is 1000 times / overall 2000 times
this is 1100 times / overall 2000 times
this is 1200 times / overall 2000 times
this is 1300 times / overall 2000 times
this is 1400 times / overall 2000 times
this is 1500 times / overall 2000 times
this is 1600 times / overall 2000 times
this is 1700 times / overall 2000 times
this is 1800 times / overall 2000 times
this is 1900 times / overall 2000 times
this is 258 times which has already done.
----------------------------------------------------------------------------------------------------
this is 259 times / overall 1000 times
1.5749670307562584 1.1026914774334091 1.120861151311614
----------------------------------------------------------------------------------------------------
find index iteration: 0 5000
short indx is [[   0 4815 2301 ...  566 2778 4782]
 [   1  771 1118 ... 2621 2031  956]
 [   2  674 2402 ... 3724 4866 1533]
 ...
 [4997  299  340 ... 4383 1742 3122]
 [4998  941 2420 ... 3778 4721   62]
 [4999  191  660 ... 4429 2133  425]]
Scaled residual std at t=259: [3.14993406 2.20538295 2.2417223 ]
start_idx is 0; end_idx is 5000
this is 0 times / overall 2000 times
this is 100 times / overall 2000 times
this is 200 times / overall 2000 times
this is 300 times / overall 2000 times
this is 400 times / overall 2000 times
this is 500 times / overall 2000 times
this is 600 times / overall 2000 times
this is 700 times / overall 2000 times
this is 800 times / overall 2000 times
this is 900 times / overall 2000 times
this is 1000 times / overall 2000 times
this is 1100 times / overall 2000 times
this is 1200 times / overall 2000 times
this is 1300 times / overall 2000 times
this is 1400 times / overall 2000 times
this is 1500 times / overall 2000 times
this is 1600 times / overall 2000 times
this is 1700 times / overall 2000 times
this is 1800 times / overall 2000 times
this is 1900 times / overall 2000 times
this is 259 times which has already done.
----------------------------------------------------------------------------------------------------
this is 260 times / overall 1000 times
1.5597264934705475 1.134594262242555 1.1370193295353572
----------------------------------------------------------------------------------------------------
find index iteration: 0 5000
short indx is [[   0 3622 4815 ... 4255 2643 4234]
 [   1  771 3746 ...  374 3220 2704]
 [   2 1065 2402 ... 1644 2308 2098]
 ...
 [4997  299 1250 ...  267  907  121]
 [4998 2420 4706 ... 3553 4120  661]
 [4999  660  191 ... 1748 2161 3660]]
Scaled residual std at t=260: [3.11945299 2.26918852 2.27403866]
start_idx is 0; end_idx is 5000
this is 0 times / overall 2000 times
this is 100 times / overall 2000 times
this is 200 times / overall 2000 times
this is 300 times / overall 2000 times
this is 400 times / overall 2000 times
this is 500 times / overall 2000 times
this is 600 times / overall 2000 times
this is 700 times / overall 2000 times
this is 800 times / overall 2000 times
this is 900 times / overall 2000 times
this is 1000 times / overall 2000 times
this is 1100 times / overall 2000 times
this is 1200 times / overall 2000 times
this is 1300 times / overall 2000 times
this is 1400 times / overall 2000 times
this is 1500 times / overall 2000 times
this is 1600 times / overall 2000 times
this is 1700 times / overall 2000 times
this is 1800 times / overall 2000 times
this is 1900 times / overall 2000 times
this is 260 times which has already done.
----------------------------------------------------------------------------------------------------
this is 261 times / overall 1000 times
1.6206413467984209 1.1121082838525365 1.1020469331956302
----------------------------------------------------------------------------------------------------
find index iteration: 0 5000
short indx is [[   0 4815 2301 ... 3864 4447 4552]
 [   1  771 3746 ... 4973 3753 3670]
 [   2 4763 1065 ... 1862  328 1199]
 ...
 [4997  299  340 ... 2201  131 2843]
 [4998 4706 2485 ... 2779 1667 4060]
 [4999  660  191 ... 2822  641 3697]]
Scaled residual std at t=261: [3.24128269 2.22421657 2.20409387]
start_idx is 0; end_idx is 5000
this is 0 times / overall 2000 times
this is 100 times / overall 2000 times
this is 200 times / overall 2000 times
this is 300 times / overall 2000 times
this is 400 times / overall 2000 times
this is 500 times / overall 2000 times
this is 600 times / overall 2000 times
this is 700 times / overall 2000 times
this is 800 times / overall 2000 times
this is 900 times / overall 2000 times
this is 1000 times / overall 2000 times
this is 1100 times / overall 2000 times
this is 1200 times / overall 2000 times
this is 1300 times / overall 2000 times
this is 1400 times / overall 2000 times
this is 1500 times / overall 2000 times
this is 1600 times / overall 2000 times
this is 1700 times / overall 2000 times
this is 1800 times / overall 2000 times
this is 1900 times / overall 2000 times
this is 261 times which has already done.
----------------------------------------------------------------------------------------------------
this is 262 times / overall 1000 times
1.5779697446077439 1.1238051783215999 1.1267121328959537
----------------------------------------------------------------------------------------------------
find index iteration: 0 5000
short indx is [[   0 4815 2301 ... 3005  785 1780]
 [   1  771 4925 ... 4134 1587 4861]
 [   2 4763 1065 ... 4114 3211  120]
 ...
 [4997  299 3047 ... 1084 1699 3591]
 [4998 3806 2485 ... 1518   50 3977]
 [4999  191 4679 ... 3326 2513 3808]]
Scaled residual std at t=262: [3.15593949 2.24761036 2.25342427]
start_idx is 0; end_idx is 5000
this is 0 times / overall 2000 times
this is 100 times / overall 2000 times
this is 200 times / overall 2000 times
this is 300 times / overall 2000 times
this is 400 times / overall 2000 times
this is 500 times / overall 2000 times
this is 600 times / overall 2000 times
this is 700 times / overall 2000 times
this is 800 times / overall 2000 times
this is 900 times / overall 2000 times
this is 1000 times / overall 2000 times
this is 1100 times / overall 2000 times
this is 1200 times / overall 2000 times
this is 1300 times / overall 2000 times
this is 1400 times / overall 2000 times
this is 1500 times / overall 2000 times
this is 1600 times / overall 2000 times
this is 1700 times / overall 2000 times
this is 1800 times / overall 2000 times
this is 1900 times / overall 2000 times
this is 262 times which has already done.
----------------------------------------------------------------------------------------------------
this is 263 times / overall 1000 times
1.5687743565106431 1.13239336041926 1.1122066267399817
----------------------------------------------------------------------------------------------------
find index iteration: 0 5000
short indx is [[   0 4815 2434 ... 4782  317  380]
 [   1  771 4925 ... 2665 4412 4723]
 [   2 3258 2402 ... 4870  165 2639]
 ...
 [4997  299 1250 ... 1091 4934  207]
 [4998 2485  952 ... 1776 1009 3004]
 [4999 2272 4536 ...  674 2812 1901]]
Scaled residual std at t=263: [3.13754871 2.26478672 2.22441325]
start_idx is 0; end_idx is 5000
this is 0 times / overall 2000 times
this is 100 times / overall 2000 times
this is 200 times / overall 2000 times
this is 300 times / overall 2000 times
this is 400 times / overall 2000 times
this is 500 times / overall 2000 times
this is 600 times / overall 2000 times
this is 700 times / overall 2000 times
this is 800 times / overall 2000 times
this is 900 times / overall 2000 times
this is 1000 times / overall 2000 times
this is 1100 times / overall 2000 times
this is 1200 times / overall 2000 times
this is 1300 times / overall 2000 times
this is 1400 times / overall 2000 times
this is 1500 times / overall 2000 times
this is 1600 times / overall 2000 times
this is 1700 times / overall 2000 times
this is 1800 times / overall 2000 times
this is 1900 times / overall 2000 times
this is 263 times which has already done.
----------------------------------------------------------------------------------------------------
this is 264 times / overall 1000 times
1.5629870836266029 1.107118711112061 1.1151871589888152
----------------------------------------------------------------------------------------------------
find index iteration: 0 5000
short indx is [[   0 2301 1095 ... 1270 1091  285]
 [   1  771 4925 ... 1396 4774 2599]
 [   2 2402 4763 ... 1081 3464 1640]
 ...
 [4997  299 1250 ...  750 2266 1132]
 [4998 2241 4084 ... 4295 2572 2522]
 [4999  660 1857 ... 4918 3165 3731]]
Scaled residual std at t=264: [3.12597417 2.21423742 2.23037432]
start_idx is 0; end_idx is 5000
this is 0 times / overall 2000 times
this is 100 times / overall 2000 times
this is 200 times / overall 2000 times
this is 300 times / overall 2000 times
this is 400 times / overall 2000 times
this is 500 times / overall 2000 times
this is 600 times / overall 2000 times
this is 700 times / overall 2000 times
this is 800 times / overall 2000 times
this is 900 times / overall 2000 times
this is 1000 times / overall 2000 times
this is 1100 times / overall 2000 times
this is 1200 times / overall 2000 times
this is 1300 times / overall 2000 times
this is 1400 times / overall 2000 times
this is 1500 times / overall 2000 times
this is 1600 times / overall 2000 times
this is 1700 times / overall 2000 times
this is 1800 times / overall 2000 times
this is 1900 times / overall 2000 times
this is 264 times which has already done.
----------------------------------------------------------------------------------------------------
this is 265 times / overall 1000 times
1.600418199734976 1.1091879025449718 1.125305910605301
----------------------------------------------------------------------------------------------------
find index iteration: 0 5000
short indx is [[   0 3228 4764 ... 1864 1962 2544]
 [   1  771 4925 ... 1835   41 4918]
 [   2 4763 3258 ... 3464 3615 4401]
 ...
 [4997  299 1250 ...  938 2111 4038]
 [4998 2344 2241 ... 2921  939 2111]
 [4999  660  191 ... 1845 4717 1543]]
Scaled residual std at t=265: [3.2008364  2.21837581 2.25061182]
start_idx is 0; end_idx is 5000
this is 0 times / overall 2000 times
this is 100 times / overall 2000 times
this is 200 times / overall 2000 times
this is 300 times / overall 2000 times
this is 400 times / overall 2000 times
this is 500 times / overall 2000 times
this is 600 times / overall 2000 times
this is 700 times / overall 2000 times
this is 800 times / overall 2000 times
this is 900 times / overall 2000 times
this is 1000 times / overall 2000 times
this is 1100 times / overall 2000 times
this is 1200 times / overall 2000 times
this is 1300 times / overall 2000 times
this is 1400 times / overall 2000 times
this is 1500 times / overall 2000 times
this is 1600 times / overall 2000 times
this is 1700 times / overall 2000 times
this is 1800 times / overall 2000 times
this is 1900 times / overall 2000 times
this is 265 times which has already done.
----------------------------------------------------------------------------------------------------
this is 266 times / overall 1000 times
1.5882306921468643 1.1183718937287235 1.1118747855833773
----------------------------------------------------------------------------------------------------
find index iteration: 0 5000
short indx is [[   0 3228 2434 ... 4029 1134 1557]
 [   1  771 4925 ... 4545 2838 2452]
 [   2 2313 3258 ...  297  303 1802]
 ...
 [4997  299 3291 ... 1191 3994 3542]
 [4998 2314 2241 ... 3350 2855 3559]
 [4999  660 4536 ... 1413  702 1394]]
Scaled residual std at t=266: [3.17646138 2.23674379 2.22374957]
start_idx is 0; end_idx is 5000
this is 0 times / overall 2000 times
this is 100 times / overall 2000 times
this is 200 times / overall 2000 times
this is 300 times / overall 2000 times
this is 400 times / overall 2000 times
this is 500 times / overall 2000 times
this is 600 times / overall 2000 times
this is 700 times / overall 2000 times
this is 800 times / overall 2000 times
this is 900 times / overall 2000 times
this is 1000 times / overall 2000 times
this is 1100 times / overall 2000 times
this is 1200 times / overall 2000 times
this is 1300 times / overall 2000 times
this is 1400 times / overall 2000 times
this is 1500 times / overall 2000 times
this is 1600 times / overall 2000 times
this is 1700 times / overall 2000 times
this is 1800 times / overall 2000 times
this is 1900 times / overall 2000 times
this is 266 times which has already done.
----------------------------------------------------------------------------------------------------
this is 267 times / overall 1000 times
1.5794014745075773 1.1038629298607112 1.1310522332496526
----------------------------------------------------------------------------------------------------
find index iteration: 0 5000
short indx is [[   0 3228 1979 ... 2183 4686  324]
 [   1  771 4925 ... 1830  191 4299]
 [   2 3258 4794 ... 4097 2907 3073]
 ...
 [4997  299 1250 ... 1779  479 1094]
 [4998 2314 3998 ... 2256 3066 1581]
 [4999 4536  834 ...  933 2904 4188]]
Scaled residual std at t=267: [3.15880295 2.20772586 2.26210447]
start_idx is 0; end_idx is 5000
this is 0 times / overall 2000 times
this is 100 times / overall 2000 times
this is 200 times / overall 2000 times
this is 300 times / overall 2000 times
this is 400 times / overall 2000 times
this is 500 times / overall 2000 times
this is 600 times / overall 2000 times
this is 700 times / overall 2000 times
this is 800 times / overall 2000 times
this is 900 times / overall 2000 times
this is 1000 times / overall 2000 times
this is 1100 times / overall 2000 times
this is 1200 times / overall 2000 times
this is 1300 times / overall 2000 times
this is 1400 times / overall 2000 times
this is 1500 times / overall 2000 times
this is 1600 times / overall 2000 times
this is 1700 times / overall 2000 times
this is 1800 times / overall 2000 times
this is 1900 times / overall 2000 times
this is 267 times which has already done.
----------------------------------------------------------------------------------------------------
this is 268 times / overall 1000 times
1.5877600962232485 1.1289588097562397 1.1148843910873636
----------------------------------------------------------------------------------------------------
find index iteration: 0 5000
short indx is [[   0 3228 2301 ... 2171 1233 4641]
 [   1  771 4925 ... 3615 3952 4087]
 [   2 4763 2440 ...  565 2358 1512]
 ...
 [4997 3291  299 ... 4069 1751  178]
 [4998 2314 2749 ... 2114 3977 1215]
 [4999  191 1441 ... 2101 2530 4948]]
Scaled residual std at t=268: [3.17552019 2.25791762 2.22976878]
start_idx is 0; end_idx is 5000
this is 0 times / overall 2000 times
this is 100 times / overall 2000 times
this is 200 times / overall 2000 times
this is 300 times / overall 2000 times
this is 400 times / overall 2000 times
this is 500 times / overall 2000 times
this is 600 times / overall 2000 times
this is 700 times / overall 2000 times
this is 800 times / overall 2000 times
this is 900 times / overall 2000 times
this is 1000 times / overall 2000 times
this is 1100 times / overall 2000 times
this is 1200 times / overall 2000 times
this is 1300 times / overall 2000 times
this is 1400 times / overall 2000 times
this is 1500 times / overall 2000 times
this is 1600 times / overall 2000 times
this is 1700 times / overall 2000 times
this is 1800 times / overall 2000 times
this is 1900 times / overall 2000 times
this is 268 times which has already done.
----------------------------------------------------------------------------------------------------
this is 269 times / overall 1000 times
1.571709991328514 1.1175090201960252 1.1480264806614366
----------------------------------------------------------------------------------------------------
find index iteration: 0 5000
short indx is [[   0 2301 2434 ...  225 3533 1997]
 [   1  771 4925 ...  711 1714 4129]
 [   2 3258 4763 ... 1557 3370 4505]
 ...
 [4997 1250 3047 ... 3504 4439 1427]
 [4998  941 2749 ... 2148 2073  871]
 [4999 3965 3534 ... 3840 4017   81]]
Scaled residual std at t=269: [3.14341998 2.23501804 2.29605296]
start_idx is 0; end_idx is 5000
this is 0 times / overall 2000 times
this is 100 times / overall 2000 times
this is 200 times / overall 2000 times
this is 300 times / overall 2000 times
this is 400 times / overall 2000 times
this is 500 times / overall 2000 times
this is 600 times / overall 2000 times
this is 700 times / overall 2000 times
this is 800 times / overall 2000 times
this is 900 times / overall 2000 times
this is 1000 times / overall 2000 times
this is 1100 times / overall 2000 times
this is 1200 times / overall 2000 times
this is 1300 times / overall 2000 times
this is 1400 times / overall 2000 times
this is 1500 times / overall 2000 times
this is 1600 times / overall 2000 times
this is 1700 times / overall 2000 times
this is 1800 times / overall 2000 times
this is 1900 times / overall 2000 times
this is 269 times which has already done.
----------------------------------------------------------------------------------------------------
this is 270 times / overall 1000 times
1.5694051355596632 1.1141666556725645 1.1261661717599896
----------------------------------------------------------------------------------------------------
find index iteration: 0 5000
short indx is [[   0 2301 4815 ... 3825  288  291]
 [   1  771 4925 ...  711 2804 2744]
 [   2 4763 3258 ... 3281 3823 2886]
 ...
 [4997 3047 3240 ... 3908 4037  513]
 [4998 3998 3303 ... 1341 4908 2482]
 [4999 4536 3733 ... 2553 3414 4905]]
Scaled residual std at t=270: [3.13881027 2.22833331 2.25233234]
start_idx is 0; end_idx is 5000
this is 0 times / overall 2000 times
this is 100 times / overall 2000 times
this is 200 times / overall 2000 times
this is 300 times / overall 2000 times
this is 400 times / overall 2000 times
this is 500 times / overall 2000 times
this is 600 times / overall 2000 times
this is 700 times / overall 2000 times
this is 800 times / overall 2000 times
this is 900 times / overall 2000 times
this is 1000 times / overall 2000 times
this is 1100 times / overall 2000 times
this is 1200 times / overall 2000 times
this is 1300 times / overall 2000 times
this is 1400 times / overall 2000 times
this is 1500 times / overall 2000 times
this is 1600 times / overall 2000 times
this is 1700 times / overall 2000 times
this is 1800 times / overall 2000 times
this is 1900 times / overall 2000 times
this is 270 times which has already done.
----------------------------------------------------------------------------------------------------
this is 271 times / overall 1000 times
1.5984367290775092 1.1116203491258398 1.0890807839178929
----------------------------------------------------------------------------------------------------
find index iteration: 0 5000
short indx is [[   0 2434 1622 ... 2635 1558 4475]
 [   1  771  847 ... 2349 1338 1824]
 [   2 4763 2440 ... 3135 3464 2502]
 ...
 [4997 3047  241 ... 2362 3104 3713]
 [4998 3970 3998 ... 2016 2843 3986]
 [4999 4536 4095 ... 3946 2904 4933]]
Scaled residual std at t=271: [3.19687346 2.2232407  2.17816157]
start_idx is 0; end_idx is 5000
this is 0 times / overall 2000 times
this is 100 times / overall 2000 times
this is 200 times / overall 2000 times
this is 300 times / overall 2000 times
this is 400 times / overall 2000 times
this is 500 times / overall 2000 times
this is 600 times / overall 2000 times
this is 700 times / overall 2000 times
this is 800 times / overall 2000 times
this is 900 times / overall 2000 times
this is 1000 times / overall 2000 times
this is 1100 times / overall 2000 times
this is 1200 times / overall 2000 times
this is 1300 times / overall 2000 times
this is 1400 times / overall 2000 times
this is 1500 times / overall 2000 times
this is 1600 times / overall 2000 times
this is 1700 times / overall 2000 times
this is 1800 times / overall 2000 times
this is 1900 times / overall 2000 times
this is 271 times which has already done.
----------------------------------------------------------------------------------------------------
this is 272 times / overall 1000 times
1.5954436736850577 1.120847324617612 1.130817611378152
----------------------------------------------------------------------------------------------------
find index iteration: 0 5000
short indx is [[   0 4815 2301 ... 4030 2382 2251]
 [   1  771  847 ... 4177 2248  145]
 [   2 2440 4763 ... 2169 4442 1675]
 ...
 [4997  465  241 ... 2402 2279 2444]
 [4998 2241 3998 ...  894   83 4186]
 [4999 4536 4488 ...  102 3220 2973]]
Scaled residual std at t=272: [3.19088735 2.24169465 2.26163522]
start_idx is 0; end_idx is 5000
this is 0 times / overall 2000 times
this is 100 times / overall 2000 times
this is 200 times / overall 2000 times
this is 300 times / overall 2000 times
this is 400 times / overall 2000 times
this is 500 times / overall 2000 times
this is 600 times / overall 2000 times
this is 700 times / overall 2000 times
this is 800 times / overall 2000 times
this is 900 times / overall 2000 times
this is 1000 times / overall 2000 times
this is 1100 times / overall 2000 times
this is 1200 times / overall 2000 times
this is 1300 times / overall 2000 times
this is 1400 times / overall 2000 times
this is 1500 times / overall 2000 times
this is 1600 times / overall 2000 times
this is 1700 times / overall 2000 times
this is 1800 times / overall 2000 times
this is 1900 times / overall 2000 times
this is 272 times which has already done.
----------------------------------------------------------------------------------------------------
this is 273 times / overall 1000 times
1.5723231242238016 1.105468339951765 1.1161422644771135
----------------------------------------------------------------------------------------------------
find index iteration: 0 5000
short indx is [[   0 2301 4815 ... 3472  683 4016]
 [   1  771 1118 ... 2721 1117 4662]
 [   2 2440 3258 ... 4211 1205 3702]
 ...
 [4997 2671 1250 ...  430  292 2481]
 [4998 3970  405 ... 1432 2356  785]
 [4999 2529  834 ... 2638 4912 3991]]
Scaled residual std at t=273: [3.14464625 2.21093668 2.23228453]
start_idx is 0; end_idx is 5000
this is 0 times / overall 2000 times
this is 100 times / overall 2000 times
this is 200 times / overall 2000 times
this is 300 times / overall 2000 times
this is 400 times / overall 2000 times
this is 500 times / overall 2000 times
this is 600 times / overall 2000 times
this is 700 times / overall 2000 times
this is 800 times / overall 2000 times
this is 900 times / overall 2000 times
this is 1000 times / overall 2000 times
this is 1100 times / overall 2000 times
this is 1200 times / overall 2000 times
this is 1300 times / overall 2000 times
this is 1400 times / overall 2000 times
this is 1500 times / overall 2000 times
this is 1600 times / overall 2000 times
this is 1700 times / overall 2000 times
this is 1800 times / overall 2000 times
this is 1900 times / overall 2000 times
this is 273 times which has already done.
----------------------------------------------------------------------------------------------------
this is 274 times / overall 1000 times
1.6211434071680426 1.0953761088772076 1.1200469343984811
----------------------------------------------------------------------------------------------------
find index iteration: 0 5000
short indx is [[   0 2301 4815 ...    6 4874 4829]
 [   1  771 1118 ...  286 4992  729]
 [   2 2440  509 ... 4429 2430 4416]
 ...
 [4997 2671 1250 ... 1300 2795 2759]
 [4998 4163  405 ...  228 3062 4345]
 [4999 1421 1975 ... 1365  362 4387]]
Scaled residual std at t=274: [3.24228681 2.19075222 2.24009387]
start_idx is 0; end_idx is 5000
this is 0 times / overall 2000 times
this is 100 times / overall 2000 times
this is 200 times / overall 2000 times
this is 300 times / overall 2000 times
this is 400 times / overall 2000 times
this is 500 times / overall 2000 times
this is 600 times / overall 2000 times
this is 700 times / overall 2000 times
this is 800 times / overall 2000 times
this is 900 times / overall 2000 times
this is 1000 times / overall 2000 times
this is 1100 times / overall 2000 times
this is 1200 times / overall 2000 times
this is 1300 times / overall 2000 times
this is 1400 times / overall 2000 times
this is 1500 times / overall 2000 times
this is 1600 times / overall 2000 times
this is 1700 times / overall 2000 times
this is 1800 times / overall 2000 times
this is 1900 times / overall 2000 times
this is 274 times which has already done.
----------------------------------------------------------------------------------------------------
this is 275 times / overall 1000 times
1.5560390522655227 1.1066411248086996 1.103574502663574
----------------------------------------------------------------------------------------------------
find index iteration: 0 5000
short indx is [[   0 4815 2301 ... 3254 2102 1878]
 [   1  771 1471 ... 2048 1943  802]
 [   2 2440 1065 ... 4348  984 2933]
 ...
 [4997  465 1250 ...  915 1277 1493]
 [4998 2241  405 ... 4534  399 4731]
 [4999 1421 1441 ... 2390   11 4778]]
Scaled residual std at t=275: [3.1120781  2.21328225 2.20714901]
start_idx is 0; end_idx is 5000
this is 0 times / overall 2000 times
this is 100 times / overall 2000 times
this is 200 times / overall 2000 times
this is 300 times / overall 2000 times
this is 400 times / overall 2000 times
this is 500 times / overall 2000 times
this is 600 times / overall 2000 times
this is 700 times / overall 2000 times
this is 800 times / overall 2000 times
this is 900 times / overall 2000 times
this is 1000 times / overall 2000 times
this is 1100 times / overall 2000 times
this is 1200 times / overall 2000 times
this is 1300 times / overall 2000 times
this is 1400 times / overall 2000 times
this is 1500 times / overall 2000 times
this is 1600 times / overall 2000 times
this is 1700 times / overall 2000 times
this is 1800 times / overall 2000 times
this is 1900 times / overall 2000 times
this is 275 times which has already done.
----------------------------------------------------------------------------------------------------
this is 276 times / overall 1000 times
1.6092854573981803 1.1121979071510242 1.140685718261156
----------------------------------------------------------------------------------------------------
find index iteration: 0 5000
short indx is [[   0 4815 2301 ...  829 3981 1847]
 [   1  771 2533 ... 4964 3969 3388]
 [   2 4794 3258 ... 3345 4778 2231]
 ...
 [4997  465 2671 ... 3628 1093 3850]
 [4998 2870 2241 ... 4879  552 1442]
 [4999 1421 4434 ... 4321 3734 1365]]
Scaled residual std at t=276: [3.21857091 2.22439581 2.28137144]
start_idx is 0; end_idx is 5000
this is 0 times / overall 2000 times
this is 100 times / overall 2000 times
this is 200 times / overall 2000 times
this is 300 times / overall 2000 times
this is 400 times / overall 2000 times
this is 500 times / overall 2000 times
this is 600 times / overall 2000 times
this is 700 times / overall 2000 times
this is 800 times / overall 2000 times
this is 900 times / overall 2000 times
this is 1000 times / overall 2000 times
this is 1100 times / overall 2000 times
this is 1200 times / overall 2000 times
this is 1300 times / overall 2000 times
this is 1400 times / overall 2000 times
this is 1500 times / overall 2000 times
this is 1600 times / overall 2000 times
this is 1700 times / overall 2000 times
this is 1800 times / overall 2000 times
this is 1900 times / overall 2000 times
this is 276 times which has already done.
----------------------------------------------------------------------------------------------------
this is 277 times / overall 1000 times
1.5937642475983038 1.1358190125211778 1.1219224497068818
----------------------------------------------------------------------------------------------------
find index iteration: 0 5000
short indx is [[   0 4815 3622 ...  296    6 4231]
 [   1  771 2533 ... 3421 2134   62]
 [   2 2440 4794 ... 4915 2635 3530]
 ...
 [4997  465  779 ... 4614 3001 2331]
 [4998 2870  405 ... 3037 2898 2096]
 [4999 1421 3534 ... 2517 2932  861]]
Scaled residual std at t=277: [3.1875285  2.27163803 2.2438449 ]
start_idx is 0; end_idx is 5000
this is 0 times / overall 2000 times
this is 100 times / overall 2000 times
this is 200 times / overall 2000 times
this is 300 times / overall 2000 times
this is 400 times / overall 2000 times
this is 500 times / overall 2000 times
this is 600 times / overall 2000 times
this is 700 times / overall 2000 times
this is 800 times / overall 2000 times
this is 900 times / overall 2000 times
this is 1000 times / overall 2000 times
this is 1100 times / overall 2000 times
this is 1200 times / overall 2000 times
this is 1300 times / overall 2000 times
this is 1400 times / overall 2000 times
this is 1500 times / overall 2000 times
this is 1600 times / overall 2000 times
this is 1700 times / overall 2000 times
this is 1800 times / overall 2000 times
this is 1900 times / overall 2000 times
this is 277 times which has already done.
----------------------------------------------------------------------------------------------------
this is 278 times / overall 1000 times
1.5631224525060465 1.1162424070848715 1.1220732539671103
----------------------------------------------------------------------------------------------------
find index iteration: 0 5000
short indx is [[   0 4815 2779 ... 2935  276 4971]
 [   1  771 4925 ... 1943 4472   70]
 [   2 2440 4387 ... 3062 3421 2697]
 ...
 [4997  779  465 ... 4345  796 2722]
 [4998 2870  405 ... 1233 1270 3057]
 [4999 3534  411 ...   81 1618  108]]
Scaled residual std at t=278: [3.12624491 2.23248481 2.24414651]
start_idx is 0; end_idx is 5000
this is 0 times / overall 2000 times
this is 100 times / overall 2000 times
this is 200 times / overall 2000 times
this is 300 times / overall 2000 times
this is 400 times / overall 2000 times
this is 500 times / overall 2000 times
this is 600 times / overall 2000 times
this is 700 times / overall 2000 times
this is 800 times / overall 2000 times
this is 900 times / overall 2000 times
this is 1000 times / overall 2000 times
this is 1100 times / overall 2000 times
this is 1200 times / overall 2000 times
this is 1300 times / overall 2000 times
this is 1400 times / overall 2000 times
this is 1500 times / overall 2000 times
this is 1600 times / overall 2000 times
this is 1700 times / overall 2000 times
this is 1800 times / overall 2000 times
this is 1900 times / overall 2000 times
this is 278 times which has already done.
----------------------------------------------------------------------------------------------------
this is 279 times / overall 1000 times
1.5806765006913908 1.1420249308167558 1.128783485211115
----------------------------------------------------------------------------------------------------
find index iteration: 0 5000
short indx is [[   0 4815 3834 ... 2874  926 1696]
 [   1  771 4925 ... 2764  809 3281]
 [   2 2440 1065 ... 3245 3943 4414]
 ...
 [4997  779  465 ... 1679 1975 1323]
 [4998 4830  405 ... 1751 1852 2039]
 [4999 3241 3719 ... 3186 2741  259]]
Scaled residual std at t=279: [3.161353   2.28404986 2.25756697]
start_idx is 0; end_idx is 5000
this is 0 times / overall 2000 times
this is 100 times / overall 2000 times
this is 200 times / overall 2000 times
this is 300 times / overall 2000 times
this is 400 times / overall 2000 times
this is 500 times / overall 2000 times
this is 600 times / overall 2000 times
this is 700 times / overall 2000 times
this is 800 times / overall 2000 times
this is 900 times / overall 2000 times
this is 1000 times / overall 2000 times
this is 1100 times / overall 2000 times
this is 1200 times / overall 2000 times
this is 1300 times / overall 2000 times
this is 1400 times / overall 2000 times
this is 1500 times / overall 2000 times
this is 1600 times / overall 2000 times
this is 1700 times / overall 2000 times
this is 1800 times / overall 2000 times
this is 1900 times / overall 2000 times
this is 279 times which has already done.
----------------------------------------------------------------------------------------------------
this is 280 times / overall 1000 times
1.5840441548122035 1.1187549904508456 1.0990161079126681
----------------------------------------------------------------------------------------------------
find index iteration: 0 5000
short indx is [[   0 4815 3834 ...  793  267 2212]
 [   1  771 2533 ... 3820 4923 4258]
 [   2 4387 2440 ... 2092   18 4471]
 ...
 [4997  465  779 ...  956 3515 1180]
 [4998 4830 1664 ... 1371 2510 1233]
 [4999 3719 3534 ...  970 2432 3132]]
Scaled residual std at t=280: [3.16808831 2.23750998 2.19803222]
start_idx is 0; end_idx is 5000
this is 0 times / overall 2000 times
this is 100 times / overall 2000 times
this is 200 times / overall 2000 times
this is 300 times / overall 2000 times
this is 400 times / overall 2000 times
this is 500 times / overall 2000 times
this is 600 times / overall 2000 times
this is 700 times / overall 2000 times
this is 800 times / overall 2000 times
this is 900 times / overall 2000 times
this is 1000 times / overall 2000 times
this is 1100 times / overall 2000 times
this is 1200 times / overall 2000 times
this is 1300 times / overall 2000 times
this is 1400 times / overall 2000 times
this is 1500 times / overall 2000 times
this is 1600 times / overall 2000 times
this is 1700 times / overall 2000 times
this is 1800 times / overall 2000 times
this is 1900 times / overall 2000 times
this is 280 times which has already done.
----------------------------------------------------------------------------------------------------
this is 281 times / overall 1000 times
1.5534481975424776 1.1242052271405611 1.1212214414503627
----------------------------------------------------------------------------------------------------
find index iteration: 0 5000
short indx is [[   0 4815 3834 ... 1669  911 4487]
 [   1  771 4925 ...  975 2098 3345]
 [   2 4387 1065 ...  132 2182 1063]
 ...
 [4997  465  779 ... 4200 3075 3259]
 [4998 4830 4163 ... 2100 2065 4345]
 [4999 1706  411 ...  469  141 1293]]
Scaled residual std at t=281: [3.1068964  2.24841045 2.24244288]
start_idx is 0; end_idx is 5000
this is 0 times / overall 2000 times
this is 100 times / overall 2000 times
this is 200 times / overall 2000 times
this is 300 times / overall 2000 times
this is 400 times / overall 2000 times
this is 500 times / overall 2000 times
this is 600 times / overall 2000 times
this is 700 times / overall 2000 times
this is 800 times / overall 2000 times
this is 900 times / overall 2000 times
this is 1000 times / overall 2000 times
this is 1100 times / overall 2000 times
this is 1200 times / overall 2000 times
this is 1300 times / overall 2000 times
this is 1400 times / overall 2000 times
this is 1500 times / overall 2000 times
this is 1600 times / overall 2000 times
this is 1700 times / overall 2000 times
this is 1800 times / overall 2000 times
this is 1900 times / overall 2000 times
this is 281 times which has already done.
----------------------------------------------------------------------------------------------------
this is 282 times / overall 1000 times
1.60106612775198 1.1180560605940721 1.1073861053828198
----------------------------------------------------------------------------------------------------
find index iteration: 0 5000
short indx is [[   0 4815 3834 ...  463 2386 2458]
 [   1 1118  580 ... 2570 2908 4853]
 [   2 2440 4387 ... 2188 1082 1426]
 ...
 [4997  465 2801 ... 4765 1310 2111]
 [4998 4830 3303 ... 3376 4103 1921]
 [4999  411 1421 ...  379 3246 4584]]
Scaled residual std at t=282: [3.20213226 2.23611212 2.21477221]
start_idx is 0; end_idx is 5000
this is 0 times / overall 2000 times
this is 100 times / overall 2000 times
this is 200 times / overall 2000 times
this is 300 times / overall 2000 times
this is 400 times / overall 2000 times
this is 500 times / overall 2000 times
this is 600 times / overall 2000 times
this is 700 times / overall 2000 times
this is 800 times / overall 2000 times
this is 900 times / overall 2000 times
this is 1000 times / overall 2000 times
this is 1100 times / overall 2000 times
this is 1200 times / overall 2000 times
this is 1300 times / overall 2000 times
this is 1400 times / overall 2000 times
this is 1500 times / overall 2000 times
this is 1600 times / overall 2000 times
this is 1700 times / overall 2000 times
this is 1800 times / overall 2000 times
this is 1900 times / overall 2000 times
this is 282 times which has already done.
----------------------------------------------------------------------------------------------------
this is 283 times / overall 1000 times
1.5880413836671887 1.1123259392035532 1.1016376217831343
----------------------------------------------------------------------------------------------------
find index iteration: 0 5000
short indx is [[   0 4815 3834 ... 3148 3610 4065]
 [   1 1118  771 ... 2427  573 2110]
 [   2 4728  509 ...  130 2477 4350]
 ...
 [4997  779  465 ...  995  907 1245]
 [4998 4163 3303 ...  137 3427 1452]
 [4999 3534  411 ... 1037 3220 2775]]
Scaled residual std at t=283: [3.17608277 2.22465188 2.20327524]
start_idx is 0; end_idx is 5000
this is 0 times / overall 2000 times
this is 100 times / overall 2000 times
this is 200 times / overall 2000 times
this is 300 times / overall 2000 times
this is 400 times / overall 2000 times
this is 500 times / overall 2000 times
this is 600 times / overall 2000 times
this is 700 times / overall 2000 times
this is 800 times / overall 2000 times
this is 900 times / overall 2000 times
this is 1000 times / overall 2000 times
this is 1100 times / overall 2000 times
this is 1200 times / overall 2000 times
this is 1300 times / overall 2000 times
this is 1400 times / overall 2000 times
this is 1500 times / overall 2000 times
this is 1600 times / overall 2000 times
this is 1700 times / overall 2000 times
this is 1800 times / overall 2000 times
this is 1900 times / overall 2000 times
this is 283 times which has already done.
----------------------------------------------------------------------------------------------------
this is 284 times / overall 1000 times
1.5870390107869787 1.1153618075095302 1.1271961475986607
----------------------------------------------------------------------------------------------------
find index iteration: 0 5000
short indx is [[   0  936 4815 ... 3401  322  275]
 [   1 4925 1118 ... 3298 1613 1505]
 [   2 4728   78 ... 1506 3187 3914]
 ...
 [4997  779 1250 ... 1256 4703   63]
 [4998 3303  325 ... 2374 2365 4856]
 [4999 3534  411 ... 2984 1202 2079]]
Scaled residual std at t=284: [3.17407802 2.23072362 2.2543923 ]
start_idx is 0; end_idx is 5000
this is 0 times / overall 2000 times
this is 100 times / overall 2000 times
this is 200 times / overall 2000 times
this is 300 times / overall 2000 times
this is 400 times / overall 2000 times
this is 500 times / overall 2000 times
this is 600 times / overall 2000 times
this is 700 times / overall 2000 times
this is 800 times / overall 2000 times
this is 900 times / overall 2000 times
this is 1000 times / overall 2000 times
this is 1100 times / overall 2000 times
this is 1200 times / overall 2000 times
this is 1300 times / overall 2000 times
this is 1400 times / overall 2000 times
this is 1500 times / overall 2000 times
this is 1600 times / overall 2000 times
this is 1700 times / overall 2000 times
this is 1800 times / overall 2000 times
this is 1900 times / overall 2000 times
this is 284 times which has already done.
----------------------------------------------------------------------------------------------------
this is 285 times / overall 1000 times
1.5804190428928262 1.1208825961939224 1.118748811537112
----------------------------------------------------------------------------------------------------
find index iteration: 0 5000
short indx is [[   0 2779  936 ... 1558 4498 4450]
 [   1 1118 4925 ... 1217 2284   78]
 [   2  509 4728 ... 1250  501 4953]
 ...
 [4997  779 4744 ... 4937  103 4598]
 [4998  325 3806 ... 3429 4600  738]
 [4999  718 3534 ... 1852 1748 4944]]
Scaled residual std at t=285: [3.16083809 2.24176519 2.23749762]
start_idx is 0; end_idx is 5000
this is 0 times / overall 2000 times
this is 100 times / overall 2000 times
this is 200 times / overall 2000 times
this is 300 times / overall 2000 times
this is 400 times / overall 2000 times
this is 500 times / overall 2000 times
this is 600 times / overall 2000 times
this is 700 times / overall 2000 times
this is 800 times / overall 2000 times
this is 900 times / overall 2000 times
this is 1000 times / overall 2000 times
this is 1100 times / overall 2000 times
this is 1200 times / overall 2000 times
this is 1300 times / overall 2000 times
this is 1400 times / overall 2000 times
this is 1500 times / overall 2000 times
this is 1600 times / overall 2000 times
this is 1700 times / overall 2000 times
this is 1800 times / overall 2000 times
this is 1900 times / overall 2000 times
this is 285 times which has already done.
----------------------------------------------------------------------------------------------------
this is 286 times / overall 1000 times
1.5855936560942723 1.1354771440147584 1.1199966119316633
----------------------------------------------------------------------------------------------------
find index iteration: 0 5000
short indx is [[   0 2779  936 ... 1764 3232 4301]
 [   1  771 4925 ... 1972 2581 2048]
 [   2  509 4728 ... 1906 3270 2702]
 ...
 [4997  779 1250 ... 3610 2173 2039]
 [4998  325 3806 ... 1508 3496 1973]
 [4999 1706  718 ... 2482  379 3954]]
Scaled residual std at t=286: [3.17118731 2.27095429 2.23999322]
start_idx is 0; end_idx is 5000
this is 0 times / overall 2000 times
this is 100 times / overall 2000 times
this is 200 times / overall 2000 times
this is 300 times / overall 2000 times
this is 400 times / overall 2000 times
this is 500 times / overall 2000 times
this is 600 times / overall 2000 times
this is 700 times / overall 2000 times
this is 800 times / overall 2000 times
this is 900 times / overall 2000 times
this is 1000 times / overall 2000 times
this is 1100 times / overall 2000 times
this is 1200 times / overall 2000 times
this is 1300 times / overall 2000 times
this is 1400 times / overall 2000 times
this is 1500 times / overall 2000 times
this is 1600 times / overall 2000 times
this is 1700 times / overall 2000 times
this is 1800 times / overall 2000 times
this is 1900 times / overall 2000 times
this is 286 times which has already done.
----------------------------------------------------------------------------------------------------
this is 287 times / overall 1000 times
1.5797741440288615 1.1171553952816038 1.115279340008945
----------------------------------------------------------------------------------------------------
find index iteration: 0 5000
short indx is [[   0  936 2779 ... 1597 2934 2717]
 [   1  771 2533 ... 2248 4059 2209]
 [   2  509 1107 ... 1130 2358 1926]
 ...
 [4997 1250  779 ...  533  569 1926]
 [4998 2125  325 ... 4969  768 3079]
 [4999 3911 3541 ... 4882 2257 2232]]
Scaled residual std at t=287: [3.15954829 2.23431079 2.23055868]
start_idx is 0; end_idx is 5000
this is 0 times / overall 2000 times
this is 100 times / overall 2000 times
this is 200 times / overall 2000 times
this is 300 times / overall 2000 times
this is 400 times / overall 2000 times
this is 500 times / overall 2000 times
this is 600 times / overall 2000 times
this is 700 times / overall 2000 times
this is 800 times / overall 2000 times
this is 900 times / overall 2000 times
this is 1000 times / overall 2000 times
this is 1100 times / overall 2000 times
this is 1200 times / overall 2000 times
this is 1300 times / overall 2000 times
this is 1400 times / overall 2000 times
this is 1500 times / overall 2000 times
this is 1600 times / overall 2000 times
this is 1700 times / overall 2000 times
this is 1800 times / overall 2000 times
this is 1900 times / overall 2000 times
this is 287 times which has already done.
----------------------------------------------------------------------------------------------------
this is 288 times / overall 1000 times
1.5975682839183492 1.114757202092396 1.1261278083542603
----------------------------------------------------------------------------------------------------
find index iteration: 0 5000
short indx is [[   0  936 2779 ... 1643 4669 2769]
 [   1  771 1118 ... 1857 2902 2676]
 [   2  509 4728 ... 3724 2891  229]
 ...
 [4997 1250 4089 ... 3894 2841  292]
 [4998 4163 2498 ... 2258 1933 2551]
 [4999 3911 2346 ... 2746 4484 1354]]
Scaled residual std at t=288: [3.19513657 2.2295144  2.25225562]
start_idx is 0; end_idx is 5000
this is 0 times / overall 2000 times
this is 100 times / overall 2000 times
this is 200 times / overall 2000 times
this is 300 times / overall 2000 times
this is 400 times / overall 2000 times
this is 500 times / overall 2000 times
this is 600 times / overall 2000 times
this is 700 times / overall 2000 times
this is 800 times / overall 2000 times
this is 900 times / overall 2000 times
this is 1000 times / overall 2000 times
this is 1100 times / overall 2000 times
this is 1200 times / overall 2000 times
this is 1300 times / overall 2000 times
this is 1400 times / overall 2000 times
this is 1500 times / overall 2000 times
this is 1600 times / overall 2000 times
this is 1700 times / overall 2000 times
this is 1800 times / overall 2000 times
this is 1900 times / overall 2000 times
this is 288 times which has already done.
----------------------------------------------------------------------------------------------------
this is 289 times / overall 1000 times
1.5920865639683086 1.1131123833082188 1.1104075428477163
----------------------------------------------------------------------------------------------------
find index iteration: 0 5000
short indx is [[   0  936 2779 ... 3508  338 3492]
 [   1 1118 4925 ... 4841 1736 3503]
 [   2  509 1869 ... 3069 3842 2655]
 ...
 [4997 1250  465 ... 4039 2665 3338]
 [4998 2870 2125 ... 1415 4213 3391]
 [4999 2346 3230 ... 2390 2686 3637]]
Scaled residual std at t=289: [3.18417313 2.22622477 2.22081509]
start_idx is 0; end_idx is 5000
this is 0 times / overall 2000 times
this is 100 times / overall 2000 times
this is 200 times / overall 2000 times
this is 300 times / overall 2000 times
this is 400 times / overall 2000 times
this is 500 times / overall 2000 times
this is 600 times / overall 2000 times
this is 700 times / overall 2000 times
this is 800 times / overall 2000 times
this is 900 times / overall 2000 times
this is 1000 times / overall 2000 times
this is 1100 times / overall 2000 times
this is 1200 times / overall 2000 times
this is 1300 times / overall 2000 times
this is 1400 times / overall 2000 times
this is 1500 times / overall 2000 times
this is 1600 times / overall 2000 times
this is 1700 times / overall 2000 times
this is 1800 times / overall 2000 times
this is 1900 times / overall 2000 times
this is 289 times which has already done.
----------------------------------------------------------------------------------------------------
this is 290 times / overall 1000 times
1.579100748598858 1.121561733674789 1.1043947169334862
----------------------------------------------------------------------------------------------------
find index iteration: 0 5000
short indx is [[   0  936 2434 ... 2417 2722 2667]
 [   1  771  847 ... 2100 1502 1632]
 [   2 1869 1107 ... 2298  260 1671]
 ...
 [4997 1250 4089 ... 3342 1600  899]
 [4998 2125   36 ... 3082 4948 1883]
 [4999 2758 2113 ...  312 2181 1453]]
Scaled residual std at t=290: [3.1582015  2.24312347 2.20878943]
start_idx is 0; end_idx is 5000
this is 0 times / overall 2000 times
this is 100 times / overall 2000 times
this is 200 times / overall 2000 times
this is 300 times / overall 2000 times
this is 400 times / overall 2000 times
this is 500 times / overall 2000 times
this is 600 times / overall 2000 times
this is 700 times / overall 2000 times
this is 800 times / overall 2000 times
this is 900 times / overall 2000 times
this is 1000 times / overall 2000 times
this is 1100 times / overall 2000 times
this is 1200 times / overall 2000 times
this is 1300 times / overall 2000 times
this is 1400 times / overall 2000 times
this is 1500 times / overall 2000 times
this is 1600 times / overall 2000 times
this is 1700 times / overall 2000 times
this is 1800 times / overall 2000 times
this is 1900 times / overall 2000 times
this is 290 times which has already done.
----------------------------------------------------------------------------------------------------
this is 291 times / overall 1000 times
1.567908693080914 1.1011018054034178 1.128155277836372
----------------------------------------------------------------------------------------------------
find index iteration: 0 5000
short indx is [[   0 3834 2434 ... 3511 2472 3540]
 [   1  771 1118 ... 2334 4107   62]
 [   2 1107 1869 ... 3148 3610 4616]
 ...
 [4997 1250 4089 ...  693 4868 2203]
 [4998 2125   36 ... 2695 1119 2447]
 [4999 2113 2758 ...  202 3076  563]]
Scaled residual std at t=291: [3.13581739 2.20220361 2.25631056]
start_idx is 0; end_idx is 5000
this is 0 times / overall 2000 times
this is 100 times / overall 2000 times
this is 200 times / overall 2000 times
this is 300 times / overall 2000 times
this is 400 times / overall 2000 times
this is 500 times / overall 2000 times
this is 600 times / overall 2000 times
this is 700 times / overall 2000 times
this is 800 times / overall 2000 times
this is 900 times / overall 2000 times
this is 1000 times / overall 2000 times
this is 1100 times / overall 2000 times
this is 1200 times / overall 2000 times
this is 1300 times / overall 2000 times
this is 1400 times / overall 2000 times
this is 1500 times / overall 2000 times
this is 1600 times / overall 2000 times
this is 1700 times / overall 2000 times
this is 1800 times / overall 2000 times
this is 1900 times / overall 2000 times
this is 291 times which has already done.
----------------------------------------------------------------------------------------------------
this is 292 times / overall 1000 times
1.6063445590941579 1.11018486241233 1.1360604076664318
----------------------------------------------------------------------------------------------------
find index iteration: 0 5000
short indx is [[   0 3834 2434 ... 2220  285  457]
 [   1  771 1118 ... 3951 1858 3021]
 [   2 1107 1869 ... 1082 3656 2717]
 ...
 [4997 1250 4089 ...  824 4320 3353]
 [4998 2125 1622 ...  683 1973   51]
 [4999 4012 2113 ... 2975 4298 2405]]
Scaled residual std at t=292: [3.21268912 2.22036972 2.27212082]
start_idx is 0; end_idx is 5000
this is 0 times / overall 2000 times
this is 100 times / overall 2000 times
this is 200 times / overall 2000 times
this is 300 times / overall 2000 times
this is 400 times / overall 2000 times
this is 500 times / overall 2000 times
this is 600 times / overall 2000 times
this is 700 times / overall 2000 times
this is 800 times / overall 2000 times
this is 900 times / overall 2000 times
this is 1000 times / overall 2000 times
this is 1100 times / overall 2000 times
this is 1200 times / overall 2000 times
this is 1300 times / overall 2000 times
this is 1400 times / overall 2000 times
this is 1500 times / overall 2000 times
this is 1600 times / overall 2000 times
this is 1700 times / overall 2000 times
this is 1800 times / overall 2000 times
this is 1900 times / overall 2000 times
this is 292 times which has already done.
----------------------------------------------------------------------------------------------------
this is 293 times / overall 1000 times
1.5451237388404664 1.1136507556460489 1.1229588030415933
----------------------------------------------------------------------------------------------------
find index iteration: 0 5000
short indx is [[   0 3834 4815 ... 2117    4 2500]
 [   1  771 1118 ... 4163 4325 1336]
 [   2  509 2965 ... 4058  687 1245]
 ...
 [4997 1250 4089 ... 3351  691 4745]
 [4998 1622 1821 ... 4508 2551  207]
 [4999 2758 3541 ... 2530 3967 3776]]
Scaled residual std at t=293: [3.09024748 2.22730151 2.24591761]
start_idx is 0; end_idx is 5000
this is 0 times / overall 2000 times
this is 100 times / overall 2000 times
this is 200 times / overall 2000 times
this is 300 times / overall 2000 times
this is 400 times / overall 2000 times
this is 500 times / overall 2000 times
this is 600 times / overall 2000 times
this is 700 times / overall 2000 times
this is 800 times / overall 2000 times
this is 900 times / overall 2000 times
this is 1000 times / overall 2000 times
this is 1100 times / overall 2000 times
this is 1200 times / overall 2000 times
this is 1300 times / overall 2000 times
this is 1400 times / overall 2000 times
this is 1500 times / overall 2000 times
this is 1600 times / overall 2000 times
this is 1700 times / overall 2000 times
this is 1800 times / overall 2000 times
this is 1900 times / overall 2000 times
this is 293 times which has already done.
----------------------------------------------------------------------------------------------------
this is 294 times / overall 1000 times
1.5785521450830886 1.1024934802535498 1.107453079170087
----------------------------------------------------------------------------------------------------
find index iteration: 0 5000
short indx is [[   0 3834 2779 ... 1874 3087 1587]
 [   1  771  685 ... 3008  333 1258]
 [   2  509 2696 ... 2773 1655  641]
 ...
 [4997 1250  779 ... 2330 1147 2713]
 [4998 1622 3380 ... 2778 4893 2173]
 [4999 2908 2758 ... 1035 3139 2030]]
Scaled residual std at t=294: [3.15710429 2.20498696 2.21490616]
start_idx is 0; end_idx is 5000
this is 0 times / overall 2000 times
this is 100 times / overall 2000 times
this is 200 times / overall 2000 times
this is 300 times / overall 2000 times
this is 400 times / overall 2000 times
this is 500 times / overall 2000 times
this is 600 times / overall 2000 times
this is 700 times / overall 2000 times
this is 800 times / overall 2000 times
this is 900 times / overall 2000 times
this is 1000 times / overall 2000 times
this is 1100 times / overall 2000 times
this is 1200 times / overall 2000 times
this is 1300 times / overall 2000 times
this is 1400 times / overall 2000 times
this is 1500 times / overall 2000 times
this is 1600 times / overall 2000 times
this is 1700 times / overall 2000 times
this is 1800 times / overall 2000 times
this is 1900 times / overall 2000 times
this is 294 times which has already done.
----------------------------------------------------------------------------------------------------
this is 295 times / overall 1000 times
1.593150666293855 1.1063502734967288 1.1132464639491002
----------------------------------------------------------------------------------------------------
find index iteration: 0 5000
short indx is [[   0 2779 2434 ... 4658 3782 2551]
 [   1  685 1118 ... 1437 3218 3778]
 [   2 1924  576 ... 1900 1090 4179]
 ...
 [4997 1250  779 ... 4620 2219  457]
 [4998 3806 2870 ... 4580 4624 4405]
 [4999 2908 3477 ... 1051 3841 2659]]
Scaled residual std at t=295: [3.18630133 2.21270055 2.22649293]
start_idx is 0; end_idx is 5000
this is 0 times / overall 2000 times
this is 100 times / overall 2000 times
this is 200 times / overall 2000 times
this is 300 times / overall 2000 times
this is 400 times / overall 2000 times
this is 500 times / overall 2000 times
this is 600 times / overall 2000 times
this is 700 times / overall 2000 times
this is 800 times / overall 2000 times
this is 900 times / overall 2000 times
this is 1000 times / overall 2000 times
this is 1100 times / overall 2000 times
this is 1200 times / overall 2000 times
this is 1300 times / overall 2000 times
this is 1400 times / overall 2000 times
this is 1500 times / overall 2000 times
this is 1600 times / overall 2000 times
this is 1700 times / overall 2000 times
this is 1800 times / overall 2000 times
this is 1900 times / overall 2000 times
this is 295 times which has already done.
----------------------------------------------------------------------------------------------------
this is 296 times / overall 1000 times
1.5744126324214094 1.1034072640647932 1.1168592100968018
----------------------------------------------------------------------------------------------------
find index iteration: 0 5000
short indx is [[   0 2779 2434 ... 4057 2582  756]
 [   1 1118  685 ... 3230  730 1959]
 [   2  509 2965 ... 3670 3246 4085]
 ...
 [4997 1250 1873 ... 4711  354 1788]
 [4998 3806 2870 ... 4324 3590 4573]
 [4999 4012 2346 ... 2195 2539 3299]]
Scaled residual std at t=296: [3.14882526 2.20681453 2.23371842]
start_idx is 0; end_idx is 5000
this is 0 times / overall 2000 times
this is 100 times / overall 2000 times
this is 200 times / overall 2000 times
this is 300 times / overall 2000 times
this is 400 times / overall 2000 times
this is 500 times / overall 2000 times
this is 600 times / overall 2000 times
this is 700 times / overall 2000 times
this is 800 times / overall 2000 times
this is 900 times / overall 2000 times
this is 1000 times / overall 2000 times
this is 1100 times / overall 2000 times
this is 1200 times / overall 2000 times
this is 1300 times / overall 2000 times
this is 1400 times / overall 2000 times
this is 1500 times / overall 2000 times
this is 1600 times / overall 2000 times
this is 1700 times / overall 2000 times
this is 1800 times / overall 2000 times
this is 1900 times / overall 2000 times
this is 296 times which has already done.
----------------------------------------------------------------------------------------------------
this is 297 times / overall 1000 times
1.5687726270750628 1.0948633451322827 1.1236684686863185
----------------------------------------------------------------------------------------------------
find index iteration: 0 5000
short indx is [[   0 3834 2779 ... 1051 2847 2331]
 [   1  685  771 ... 2493 2010 1710]
 [   2 4224 3968 ... 1859  212 3708]
 ...
 [4997 1250 4089 ... 1281 2396 1856]
 [4998 3806 4163 ... 4858 1786 4499]
 [4999 2908 3541 ... 4700 3961 2665]]
Scaled residual std at t=297: [3.13754525 2.18972669 2.24733694]
start_idx is 0; end_idx is 5000
this is 0 times / overall 2000 times
this is 100 times / overall 2000 times
this is 200 times / overall 2000 times
this is 300 times / overall 2000 times
this is 400 times / overall 2000 times
this is 500 times / overall 2000 times
this is 600 times / overall 2000 times
this is 700 times / overall 2000 times
this is 800 times / overall 2000 times
this is 900 times / overall 2000 times
this is 1000 times / overall 2000 times
this is 1100 times / overall 2000 times
this is 1200 times / overall 2000 times
this is 1300 times / overall 2000 times
this is 1400 times / overall 2000 times
this is 1500 times / overall 2000 times
this is 1600 times / overall 2000 times
this is 1700 times / overall 2000 times
this is 1800 times / overall 2000 times
this is 1900 times / overall 2000 times
this is 297 times which has already done.
----------------------------------------------------------------------------------------------------
this is 298 times / overall 1000 times
1.6042792393304732 1.0864816839976477 1.1323139364187045
----------------------------------------------------------------------------------------------------
find index iteration: 0 5000
short indx is [[   0 2779  573 ... 2482 2717 4166]
 [   1  685  771 ... 1601 1150  203]
 [   2 3968 2696 ... 1888 1877  159]
 ...
 [4997 2781 4089 ... 1145 1627  623]
 [4998 3806  953 ... 2353 3272 3549]
 [4999 3541 2908 ... 1684 3275 2122]]
Scaled residual std at t=298: [3.20855848 2.17296337 2.26462787]
start_idx is 0; end_idx is 5000
this is 0 times / overall 2000 times
this is 100 times / overall 2000 times
this is 200 times / overall 2000 times
this is 300 times / overall 2000 times
this is 400 times / overall 2000 times
this is 500 times / overall 2000 times
this is 600 times / overall 2000 times
this is 700 times / overall 2000 times
this is 800 times / overall 2000 times
this is 900 times / overall 2000 times
this is 1000 times / overall 2000 times
this is 1100 times / overall 2000 times
this is 1200 times / overall 2000 times
this is 1300 times / overall 2000 times
this is 1400 times / overall 2000 times
this is 1500 times / overall 2000 times
this is 1600 times / overall 2000 times
this is 1700 times / overall 2000 times
this is 1800 times / overall 2000 times
this is 1900 times / overall 2000 times
this is 298 times which has already done.
----------------------------------------------------------------------------------------------------
this is 299 times / overall 1000 times
1.5848412441643291 1.1182637271512261 1.106870226287668
----------------------------------------------------------------------------------------------------
find index iteration: 0 5000
short indx is [[   0 2779 3834 ...  327 3849 4166]
 [   1  685  771 ... 3275 2976 3218]
 [   2  576 2696 ... 2504 2867 1223]
 ...
 [4997  340 2781 ... 4993 4087 2677]
 [4998 3806 1038 ... 1030 3728 1997]
 [4999 4476 3541 ...  395 3779 2764]]
Scaled residual std at t=299: [3.16968249 2.23652745 2.21374045]
start_idx is 0; end_idx is 5000
this is 0 times / overall 2000 times
this is 100 times / overall 2000 times
this is 200 times / overall 2000 times
this is 300 times / overall 2000 times
this is 400 times / overall 2000 times
this is 500 times / overall 2000 times
this is 600 times / overall 2000 times
this is 700 times / overall 2000 times
this is 800 times / overall 2000 times
this is 900 times / overall 2000 times
this is 1000 times / overall 2000 times
this is 1100 times / overall 2000 times
this is 1200 times / overall 2000 times
this is 1300 times / overall 2000 times
this is 1400 times / overall 2000 times
this is 1500 times / overall 2000 times
this is 1600 times / overall 2000 times
this is 1700 times / overall 2000 times
this is 1800 times / overall 2000 times
this is 1900 times / overall 2000 times
this is 299 times which has already done.
----------------------------------------------------------------------------------------------------
this is 300 times / overall 1000 times
1.5591445570917697 1.1119045103450915 1.1210681561977809
----------------------------------------------------------------------------------------------------
find index iteration: 0 5000
short indx is [[   0 2779  573 ...  275 4567 1441]
 [   1  771  685 ... 1235 2704 1394]
 [   2 2696  576 ...  812 2302 1772]
 ...
 [4997  340 4089 ... 4446 2398 1311]
 [4998 3806  325 ... 4352 1955 2346]
 [4999 1918 2908 ... 2127 1140 1687]]
Scaled residual std at t=300: [3.11828911 2.22380902 2.24213631]
start_idx is 0; end_idx is 5000
this is 0 times / overall 2000 times
this is 100 times / overall 2000 times
this is 200 times / overall 2000 times
this is 300 times / overall 2000 times
this is 400 times / overall 2000 times
this is 500 times / overall 2000 times
this is 600 times / overall 2000 times
this is 700 times / overall 2000 times
this is 800 times / overall 2000 times
this is 900 times / overall 2000 times
this is 1000 times / overall 2000 times
this is 1100 times / overall 2000 times
this is 1200 times / overall 2000 times
this is 1300 times / overall 2000 times
this is 1400 times / overall 2000 times
this is 1500 times / overall 2000 times
this is 1600 times / overall 2000 times
this is 1700 times / overall 2000 times
this is 1800 times / overall 2000 times
this is 1900 times / overall 2000 times
this is 300 times which has already done.
----------------------------------------------------------------------------------------------------
this is 301 times / overall 1000 times
1.597420293774841 1.1141546697425946 1.1112859054685065
----------------------------------------------------------------------------------------------------
find index iteration: 0 5000
short indx is [[   0 2779 2434 ... 1450    4 2063]
 [   1  771  685 ... 2134 4411 2976]
 [   2 4949  576 ... 1671 2959 4465]
 ...
 [4997  340 3507 ... 1625 3132 1020]
 [4998 3806  325 ... 1329 2381 4284]
 [4999 2264 4981 ... 1855 1161 1031]]
Scaled residual std at t=301: [3.19484059 2.22830934 2.22257181]
start_idx is 0; end_idx is 5000
this is 0 times / overall 2000 times
this is 100 times / overall 2000 times
this is 200 times / overall 2000 times
this is 300 times / overall 2000 times
this is 400 times / overall 2000 times
this is 500 times / overall 2000 times
this is 600 times / overall 2000 times
this is 700 times / overall 2000 times
this is 800 times / overall 2000 times
this is 900 times / overall 2000 times
this is 1000 times / overall 2000 times
this is 1100 times / overall 2000 times
this is 1200 times / overall 2000 times
this is 1300 times / overall 2000 times
this is 1400 times / overall 2000 times
this is 1500 times / overall 2000 times
this is 1600 times / overall 2000 times
this is 1700 times / overall 2000 times
this is 1800 times / overall 2000 times
this is 1900 times / overall 2000 times
this is 301 times which has already done.
----------------------------------------------------------------------------------------------------
this is 302 times / overall 1000 times
1.5547738358438996 1.1124410982055573 1.1127913740561075
----------------------------------------------------------------------------------------------------
find index iteration: 0 5000
short indx is [[   0 2779  573 ...  316 4105 3438]
 [   1  771  685 ... 3541 4808  197]
 [   2 4949  576 ... 4969 2275 3983]
 ...
 [4997  340 3507 ...  108 2572 3506]
 [4998 3806 1038 ... 2761  679 1547]
 [4999 2908 3175 ...  398 2410  764]]
Scaled residual std at t=302: [3.10954767 2.2248822  2.22558275]
start_idx is 0; end_idx is 5000
this is 0 times / overall 2000 times
this is 100 times / overall 2000 times
this is 200 times / overall 2000 times
this is 300 times / overall 2000 times
this is 400 times / overall 2000 times
this is 500 times / overall 2000 times
this is 600 times / overall 2000 times
this is 700 times / overall 2000 times
this is 800 times / overall 2000 times
this is 900 times / overall 2000 times
this is 1000 times / overall 2000 times
this is 1100 times / overall 2000 times
this is 1200 times / overall 2000 times
this is 1300 times / overall 2000 times
this is 1400 times / overall 2000 times
this is 1500 times / overall 2000 times
this is 1600 times / overall 2000 times
this is 1700 times / overall 2000 times
this is 1800 times / overall 2000 times
this is 1900 times / overall 2000 times
this is 302 times which has already done.
----------------------------------------------------------------------------------------------------
this is 303 times / overall 1000 times
1.6018287008106538 1.1046192082380246 1.130322181841824
----------------------------------------------------------------------------------------------------
find index iteration: 0 5000
short indx is [[   0 2779  573 ... 4143 2967 1206]
 [   1  771  685 ... 2675 3774 3994]
 [   2 3196 4949 ... 2635 3747 3695]
 ...
 [4997  340 3240 ...  117  375 4331]
 [4998 3806 1038 ... 1236 2170 1185]
 [4999 2264 3390 ... 1854 2166 3753]]
Scaled residual std at t=303: [3.2036574  2.20923842 2.26064436]
start_idx is 0; end_idx is 5000
this is 0 times / overall 2000 times
this is 100 times / overall 2000 times
this is 200 times / overall 2000 times
this is 300 times / overall 2000 times
this is 400 times / overall 2000 times
this is 500 times / overall 2000 times
this is 600 times / overall 2000 times
this is 700 times / overall 2000 times
this is 800 times / overall 2000 times
this is 900 times / overall 2000 times
this is 1000 times / overall 2000 times
this is 1100 times / overall 2000 times
this is 1200 times / overall 2000 times
this is 1300 times / overall 2000 times
this is 1400 times / overall 2000 times
this is 1500 times / overall 2000 times
this is 1600 times / overall 2000 times
this is 1700 times / overall 2000 times
this is 1800 times / overall 2000 times
this is 1900 times / overall 2000 times
this is 303 times which has already done.
----------------------------------------------------------------------------------------------------
this is 304 times / overall 1000 times
1.5635695034660357 1.1117784452697983 1.1182912351797074
----------------------------------------------------------------------------------------------------
find index iteration: 0 5000
short indx is [[   0 2779 3834 ...  189 2866 2855]
 [   1  771  685 ... 1295 3870 1826]
 [   2  576 4949 ...  925 2221 2952]
 ...
 [4997 3240  340 ... 2517 2848 3887]
 [4998 3806 1038 ... 3573 1798  179]
 [4999 2908 2264 ... 4255 3037 3827]]
Scaled residual std at t=304: [3.12713901 2.22355689 2.23658247]
start_idx is 0; end_idx is 5000
this is 0 times / overall 2000 times
this is 100 times / overall 2000 times
this is 200 times / overall 2000 times
this is 300 times / overall 2000 times
this is 400 times / overall 2000 times
this is 500 times / overall 2000 times
this is 600 times / overall 2000 times
this is 700 times / overall 2000 times
this is 800 times / overall 2000 times
this is 900 times / overall 2000 times
this is 1000 times / overall 2000 times
this is 1100 times / overall 2000 times
this is 1200 times / overall 2000 times
this is 1300 times / overall 2000 times
this is 1400 times / overall 2000 times
this is 1500 times / overall 2000 times
this is 1600 times / overall 2000 times
this is 1700 times / overall 2000 times
this is 1800 times / overall 2000 times
this is 1900 times / overall 2000 times
this is 304 times which has already done.
----------------------------------------------------------------------------------------------------
this is 305 times / overall 1000 times
1.5665474912739552 1.1184389407747646 1.1081071917631407
----------------------------------------------------------------------------------------------------
find index iteration: 0 5000
short indx is [[   0  573 3834 ... 3858   20  172]
 [   1  771  685 ... 3774 1591  377]
 [   2  576 2696 ...  536 1792 3453]
 ...
 [4997 3240  340 ...  463 3130 3769]
 [4998 3514 1038 ... 2285 3920 3066]
 [4999 2908 1596 ... 4449 1850   10]]
Scaled residual std at t=305: [3.13309498 2.23687788 2.21621438]
start_idx is 0; end_idx is 5000
this is 0 times / overall 2000 times
this is 100 times / overall 2000 times
this is 200 times / overall 2000 times
this is 300 times / overall 2000 times
this is 400 times / overall 2000 times
this is 500 times / overall 2000 times
this is 600 times / overall 2000 times
this is 700 times / overall 2000 times
this is 800 times / overall 2000 times
this is 900 times / overall 2000 times
this is 1000 times / overall 2000 times
this is 1100 times / overall 2000 times
this is 1200 times / overall 2000 times
this is 1300 times / overall 2000 times
this is 1400 times / overall 2000 times
this is 1500 times / overall 2000 times
this is 1600 times / overall 2000 times
this is 1700 times / overall 2000 times
this is 1800 times / overall 2000 times
this is 1900 times / overall 2000 times
this is 305 times which has already done.
----------------------------------------------------------------------------------------------------
this is 306 times / overall 1000 times
1.5616401434844784 1.1154309129901883 1.1210516709795944
----------------------------------------------------------------------------------------------------
find index iteration: 0 5000
short indx is [[   0 3834  573 ...  214 4489  313]
 [   1  771  772 ... 3309 4435  744]
 [   2 3532 3196 ... 4986 4091  373]
 ...
 [4997 3240  340 ... 3522 2910  556]
 [4998 1435 3806 ...  782  149 2758]
 [4999  587 3853 ... 2567 4387 4651]]
Scaled residual std at t=306: [3.12328029 2.23086183 2.24210334]
start_idx is 0; end_idx is 5000
this is 0 times / overall 2000 times
this is 100 times / overall 2000 times
this is 200 times / overall 2000 times
this is 300 times / overall 2000 times
this is 400 times / overall 2000 times
this is 500 times / overall 2000 times
this is 600 times / overall 2000 times
this is 700 times / overall 2000 times
this is 800 times / overall 2000 times
this is 900 times / overall 2000 times
this is 1000 times / overall 2000 times
this is 1100 times / overall 2000 times
this is 1200 times / overall 2000 times
this is 1300 times / overall 2000 times
this is 1400 times / overall 2000 times
this is 1500 times / overall 2000 times
this is 1600 times / overall 2000 times
this is 1700 times / overall 2000 times
this is 1800 times / overall 2000 times
this is 1900 times / overall 2000 times
this is 306 times which has already done.
----------------------------------------------------------------------------------------------------
this is 307 times / overall 1000 times
1.5837162125064645 1.1346938971265077 1.0932796309635713
----------------------------------------------------------------------------------------------------
find index iteration: 0 5000
short indx is [[   0 2333 3834 ... 3863 2643 1245]
 [   1  771  685 ... 1367  328  312]
 [   2 2406 3532 ... 2562 1100  308]
 ...
 [4997 3240  340 ... 2754 4507  375]
 [4998 1435 2870 ... 3824 2967  125]
 [4999  874 1953 ... 4851 1492 1812]]
Scaled residual std at t=307: [3.16743243 2.26938779 2.18655926]
start_idx is 0; end_idx is 5000
this is 0 times / overall 2000 times
this is 100 times / overall 2000 times
this is 200 times / overall 2000 times
this is 300 times / overall 2000 times
this is 400 times / overall 2000 times
this is 500 times / overall 2000 times
this is 600 times / overall 2000 times
this is 700 times / overall 2000 times
this is 800 times / overall 2000 times
this is 900 times / overall 2000 times
this is 1000 times / overall 2000 times
this is 1100 times / overall 2000 times
this is 1200 times / overall 2000 times
this is 1300 times / overall 2000 times
this is 1400 times / overall 2000 times
this is 1500 times / overall 2000 times
this is 1600 times / overall 2000 times
this is 1700 times / overall 2000 times
this is 1800 times / overall 2000 times
this is 1900 times / overall 2000 times
this is 307 times which has already done.
----------------------------------------------------------------------------------------------------
this is 308 times / overall 1000 times
1.5689957556321603 1.1249372460628861 1.125728519067371
----------------------------------------------------------------------------------------------------
find index iteration: 0 5000
short indx is [[   0 2333 3834 ... 2571 2159 4370]
 [   1  771  772 ...  729 4070 2750]
 [   2  576  310 ... 4613 1360 2662]
 ...
 [4997  340 3240 ... 3452 1711  623]
 [4998 1435 2870 ... 4870  701 2676]
 [4999 2264 2908 ... 2686 1574 1288]]
Scaled residual std at t=308: [3.13799151 2.24987449 2.25145704]
start_idx is 0; end_idx is 5000
this is 0 times / overall 2000 times
this is 100 times / overall 2000 times
this is 200 times / overall 2000 times
this is 300 times / overall 2000 times
this is 400 times / overall 2000 times
this is 500 times / overall 2000 times
this is 600 times / overall 2000 times
this is 700 times / overall 2000 times
this is 800 times / overall 2000 times
this is 900 times / overall 2000 times
this is 1000 times / overall 2000 times
this is 1100 times / overall 2000 times
this is 1200 times / overall 2000 times
this is 1300 times / overall 2000 times
this is 1400 times / overall 2000 times
this is 1500 times / overall 2000 times
this is 1600 times / overall 2000 times
this is 1700 times / overall 2000 times
this is 1800 times / overall 2000 times
this is 1900 times / overall 2000 times
this is 308 times which has already done.
----------------------------------------------------------------------------------------------------
this is 309 times / overall 1000 times
1.6021112257975993 1.1158735884306685 1.122475131066995
----------------------------------------------------------------------------------------------------
find index iteration: 0 5000
short indx is [[   0 3834 2333 ... 1973 4376 3154]
 [   1  771  685 ... 1732 3378  511]
 [   2 1924  576 ... 4122 1606 4287]
 ...
 [4997  340 4089 ... 2167 2600 3943]
 [4998 1435 1038 ... 4384 2267 2256]
 [4999 2908 2113 ...  848 4651 1211]]
Scaled residual std at t=309: [3.20422245 2.23174718 2.24495026]
start_idx is 0; end_idx is 5000
this is 0 times / overall 2000 times
this is 100 times / overall 2000 times
this is 200 times / overall 2000 times
this is 300 times / overall 2000 times
this is 400 times / overall 2000 times
this is 500 times / overall 2000 times
this is 600 times / overall 2000 times
this is 700 times / overall 2000 times
this is 800 times / overall 2000 times
this is 900 times / overall 2000 times
this is 1000 times / overall 2000 times
this is 1100 times / overall 2000 times
this is 1200 times / overall 2000 times
this is 1300 times / overall 2000 times
this is 1400 times / overall 2000 times
this is 1500 times / overall 2000 times
this is 1600 times / overall 2000 times
this is 1700 times / overall 2000 times
this is 1800 times / overall 2000 times
this is 1900 times / overall 2000 times
this is 309 times which has already done.
----------------------------------------------------------------------------------------------------
this is 310 times / overall 1000 times
1.5926518398718887 1.1029982364225228 1.1172281802616002
----------------------------------------------------------------------------------------------------
find index iteration: 0 5000
short indx is [[   0 3834 2333 ... 2319 4350 1675]
 [   1  771  772 ... 2632 3629  802]
 [   2  576 2692 ... 1206 2086 1761]
 ...
 [4997 4089  340 ... 1323 4437 1861]
 [4998 1435 1038 ... 2865 1421 3540]
 [4999 2908 2264 ... 4995 1687 3162]]
Scaled residual std at t=310: [3.18530368 2.20599647 2.23445636]
start_idx is 0; end_idx is 5000
this is 0 times / overall 2000 times
this is 100 times / overall 2000 times
this is 200 times / overall 2000 times
this is 300 times / overall 2000 times
this is 400 times / overall 2000 times
this is 500 times / overall 2000 times
this is 600 times / overall 2000 times
this is 700 times / overall 2000 times
this is 800 times / overall 2000 times
this is 900 times / overall 2000 times
this is 1000 times / overall 2000 times
this is 1100 times / overall 2000 times
this is 1200 times / overall 2000 times
this is 1300 times / overall 2000 times
this is 1400 times / overall 2000 times
this is 1500 times / overall 2000 times
this is 1600 times / overall 2000 times
this is 1700 times / overall 2000 times
this is 1800 times / overall 2000 times
this is 1900 times / overall 2000 times
this is 310 times which has already done.
----------------------------------------------------------------------------------------------------
this is 311 times / overall 1000 times
1.5843695474626864 1.1253520576047857 1.12601132720419
----------------------------------------------------------------------------------------------------
find index iteration: 0 5000
short indx is [[   0 3834  573 ... 1727 3928 3961]
 [   1  771  772 ... 4957  440 3498]
 [   2 2692  576 ... 2383 3929 3182]
 ...
 [4997 3112 4089 ... 4172 2576 2024]
 [4998 1435 2870 ... 4749 3687 4629]
 [4999 2113 2908 ... 1272  674 1797]]
Scaled residual std at t=311: [3.16873909 2.25070412 2.25202265]
start_idx is 0; end_idx is 5000
this is 0 times / overall 2000 times
this is 100 times / overall 2000 times
this is 200 times / overall 2000 times
this is 300 times / overall 2000 times
this is 400 times / overall 2000 times
this is 500 times / overall 2000 times
this is 600 times / overall 2000 times
this is 700 times / overall 2000 times
this is 800 times / overall 2000 times
this is 900 times / overall 2000 times
this is 1000 times / overall 2000 times
this is 1100 times / overall 2000 times
this is 1200 times / overall 2000 times
this is 1300 times / overall 2000 times
this is 1400 times / overall 2000 times
this is 1500 times / overall 2000 times
this is 1600 times / overall 2000 times
this is 1700 times / overall 2000 times
this is 1800 times / overall 2000 times
this is 1900 times / overall 2000 times
this is 311 times which has already done.
----------------------------------------------------------------------------------------------------
this is 312 times / overall 1000 times
1.5821088646596153 1.1162601325915167 1.113905415974098
----------------------------------------------------------------------------------------------------
find index iteration: 0 5000
short indx is [[   0 3834 2333 ...  165 4410 4760]
 [   1  771  772 ...  376 4883 3253]
 [   2  310 3968 ... 4485 3980 1704]
 ...
 [4997 3112 4089 ... 3631 1570 3269]
 [4998 1038 1435 ... 2972 3173 3837]
 [4999 2264 2908 ... 2868 3058  731]]
Scaled residual std at t=312: [3.16421773 2.23252027 2.22781083]
start_idx is 0; end_idx is 5000
this is 0 times / overall 2000 times
this is 100 times / overall 2000 times
this is 200 times / overall 2000 times
this is 300 times / overall 2000 times
this is 400 times / overall 2000 times
this is 500 times / overall 2000 times
this is 600 times / overall 2000 times
this is 700 times / overall 2000 times
this is 800 times / overall 2000 times
this is 900 times / overall 2000 times
this is 1000 times / overall 2000 times
this is 1100 times / overall 2000 times
this is 1200 times / overall 2000 times
this is 1300 times / overall 2000 times
this is 1400 times / overall 2000 times
this is 1500 times / overall 2000 times
this is 1600 times / overall 2000 times
this is 1700 times / overall 2000 times
this is 1800 times / overall 2000 times
this is 1900 times / overall 2000 times
this is 312 times which has already done.
----------------------------------------------------------------------------------------------------
this is 313 times / overall 1000 times
1.5853920033435176 1.1128244217468737 1.1082935182383928
----------------------------------------------------------------------------------------------------
find index iteration: 0 5000
short indx is [[   0 3834 2119 ... 1852 4994 1977]
 [   1  771  685 ... 4749 4957 2473]
 [   2  310 2640 ... 2802  521  885]
 ...
 [4997 3112  340 ... 4809 2643 1372]
 [4998 1435 3970 ... 1556  713 4746]
 [4999 2264  587 ... 1864  791 3441]]
Scaled residual std at t=313: [3.17078401 2.22564884 2.21658704]
start_idx is 0; end_idx is 5000
this is 0 times / overall 2000 times
this is 100 times / overall 2000 times
this is 200 times / overall 2000 times
this is 300 times / overall 2000 times
this is 400 times / overall 2000 times
this is 500 times / overall 2000 times
this is 600 times / overall 2000 times
this is 700 times / overall 2000 times
this is 800 times / overall 2000 times
this is 900 times / overall 2000 times
this is 1000 times / overall 2000 times
this is 1100 times / overall 2000 times
this is 1200 times / overall 2000 times
this is 1300 times / overall 2000 times
this is 1400 times / overall 2000 times
this is 1500 times / overall 2000 times
this is 1600 times / overall 2000 times
this is 1700 times / overall 2000 times
this is 1800 times / overall 2000 times
this is 1900 times / overall 2000 times
this is 313 times which has already done.
----------------------------------------------------------------------------------------------------
this is 314 times / overall 1000 times
1.614655557444545 1.1221795587161165 1.1220527000851526
----------------------------------------------------------------------------------------------------
find index iteration: 0 5000
short indx is [[   0 3834  573 ... 3423 3297  434]
 [   1  771  685 ... 4749 3356 2888]
 [   2  310  576 ... 2278 3191 4294]
 ...
 [4997 3112 1980 ...  372 1335 4946]
 [4998 1435 3970 ...  306 1874  757]
 [4999 4856  587 ... 1561 2222 2166]]
Scaled residual std at t=314: [3.22931111 2.24435912 2.2441054 ]
start_idx is 0; end_idx is 5000
this is 0 times / overall 2000 times
this is 100 times / overall 2000 times
this is 200 times / overall 2000 times
this is 300 times / overall 2000 times
this is 400 times / overall 2000 times
this is 500 times / overall 2000 times
this is 600 times / overall 2000 times
this is 700 times / overall 2000 times
this is 800 times / overall 2000 times
this is 900 times / overall 2000 times
this is 1000 times / overall 2000 times
this is 1100 times / overall 2000 times
this is 1200 times / overall 2000 times
this is 1300 times / overall 2000 times
this is 1400 times / overall 2000 times
this is 1500 times / overall 2000 times
this is 1600 times / overall 2000 times
this is 1700 times / overall 2000 times
this is 1800 times / overall 2000 times
this is 1900 times / overall 2000 times
this is 314 times which has already done.
----------------------------------------------------------------------------------------------------
this is 315 times / overall 1000 times
1.575932073782036 1.1237844264654977 1.0976381869078684
----------------------------------------------------------------------------------------------------
find index iteration: 0 5000
short indx is [[   0 3834  573 ... 1992 1427 4967]
 [   1  771  685 ...  202 2248 1532]
 [   2 4949 3968 ... 3709 3432 3534]
 ...
 [4997 3112 4089 ... 1579  354 1740]
 [4998 3970 2611 ... 3181 4179 3031]
 [4999 4981 2350 ... 4943 4030 3898]]
Scaled residual std at t=315: [3.15186415 2.24756885 2.19527637]
start_idx is 0; end_idx is 5000
this is 0 times / overall 2000 times
this is 100 times / overall 2000 times
this is 200 times / overall 2000 times
this is 300 times / overall 2000 times
this is 400 times / overall 2000 times
this is 500 times / overall 2000 times
this is 600 times / overall 2000 times
this is 700 times / overall 2000 times
this is 800 times / overall 2000 times
this is 900 times / overall 2000 times
this is 1000 times / overall 2000 times
this is 1100 times / overall 2000 times
this is 1200 times / overall 2000 times
this is 1300 times / overall 2000 times
this is 1400 times / overall 2000 times
this is 1500 times / overall 2000 times
this is 1600 times / overall 2000 times
this is 1700 times / overall 2000 times
this is 1800 times / overall 2000 times
this is 1900 times / overall 2000 times
this is 315 times which has already done.
----------------------------------------------------------------------------------------------------
this is 316 times / overall 1000 times
1.599259161995797 1.0944106815142767 1.1249635097481447
----------------------------------------------------------------------------------------------------
find index iteration: 0 5000
short indx is [[   0  573 3834 ... 2907 4887 2571]
 [   1  771  685 ... 4035 3844 4012]
 [   2 4949 2640 ...  889 4313 4757]
 ...
 [4997 3112 4089 ... 1097 4150 3189]
 [4998 1435 2870 ...  426 1874 1628]
 [4999 1621 1025 ... 1379 1696 3867]]
Scaled residual std at t=316: [3.19851832 2.18882136 2.24992702]
start_idx is 0; end_idx is 5000
this is 0 times / overall 2000 times
this is 100 times / overall 2000 times
this is 200 times / overall 2000 times
this is 300 times / overall 2000 times
this is 400 times / overall 2000 times
this is 500 times / overall 2000 times
this is 600 times / overall 2000 times
this is 700 times / overall 2000 times
this is 800 times / overall 2000 times
this is 900 times / overall 2000 times
this is 1000 times / overall 2000 times
this is 1100 times / overall 2000 times
this is 1200 times / overall 2000 times
this is 1300 times / overall 2000 times
this is 1400 times / overall 2000 times
this is 1500 times / overall 2000 times
this is 1600 times / overall 2000 times
this is 1700 times / overall 2000 times
this is 1800 times / overall 2000 times
this is 1900 times / overall 2000 times
this is 316 times which has already done.
----------------------------------------------------------------------------------------------------
this is 317 times / overall 1000 times
1.589457124917866 1.122728227986472 1.1304248771627794
----------------------------------------------------------------------------------------------------
find index iteration: 0 5000
short indx is [[   0  573 3834 ... 1138  282 1976]
 [   1  771  685 ... 4958 2208 3155]
 [   2  310 2640 ... 1452 1185 4117]
 ...
 [4997 3112 4089 ... 2088 1523 2042]
 [4998 4086 2064 ...  504  545 4516]
 [4999  587 3175 ... 1535 1102 1356]]
Scaled residual std at t=317: [3.17891425 2.24545646 2.26084975]
start_idx is 0; end_idx is 5000
this is 0 times / overall 2000 times
this is 100 times / overall 2000 times
this is 200 times / overall 2000 times
this is 300 times / overall 2000 times
this is 400 times / overall 2000 times
this is 500 times / overall 2000 times
this is 600 times / overall 2000 times
this is 700 times / overall 2000 times
this is 800 times / overall 2000 times
this is 900 times / overall 2000 times
this is 1000 times / overall 2000 times
this is 1100 times / overall 2000 times
this is 1200 times / overall 2000 times
this is 1300 times / overall 2000 times
this is 1400 times / overall 2000 times
this is 1500 times / overall 2000 times
this is 1600 times / overall 2000 times
this is 1700 times / overall 2000 times
this is 1800 times / overall 2000 times
this is 1900 times / overall 2000 times
this is 317 times which has already done.
----------------------------------------------------------------------------------------------------
this is 318 times / overall 1000 times
1.5625630542850484 1.131092144126281 1.1215926462159687
----------------------------------------------------------------------------------------------------
find index iteration: 0 5000
short indx is [[   0 4577 2333 ... 2710 3430 3616]
 [   1  685  771 ... 2800  649 3333]
 [   2  310 3431 ... 4939 1761 2798]
 ...
 [4997 3112 4089 ... 2226 2802 4513]
 [4998 2064 2620 ... 1503 2745 2580]
 [4999 3175 1025 ... 2024 4566 1375]]
Scaled residual std at t=318: [3.12512611 2.26218429 2.24318529]
start_idx is 0; end_idx is 5000
this is 0 times / overall 2000 times
this is 100 times / overall 2000 times
this is 200 times / overall 2000 times
this is 300 times / overall 2000 times
this is 400 times / overall 2000 times
this is 500 times / overall 2000 times
this is 600 times / overall 2000 times
this is 700 times / overall 2000 times
this is 800 times / overall 2000 times
this is 900 times / overall 2000 times
this is 1000 times / overall 2000 times
this is 1100 times / overall 2000 times
this is 1200 times / overall 2000 times
this is 1300 times / overall 2000 times
this is 1400 times / overall 2000 times
this is 1500 times / overall 2000 times
this is 1600 times / overall 2000 times
this is 1700 times / overall 2000 times
this is 1800 times / overall 2000 times
this is 1900 times / overall 2000 times
this is 318 times which has already done.
----------------------------------------------------------------------------------------------------
this is 319 times / overall 1000 times
1.5886171159769347 1.122597664462931 1.114055849751705
----------------------------------------------------------------------------------------------------
find index iteration: 0 5000
short indx is [[   0 4577  573 ... 1003 4753 1001]
 [   1  771  685 ... 2955  802 4944]
 [   2 1684 2517 ... 2638 3065 4963]
 ...
 [4997 4089 3112 ... 4159 1684  121]
 [4998 2611 4813 ... 4741  944 4415]
 [4999 3175 1025 ... 1628 1295  902]]
Scaled residual std at t=319: [3.17723423 2.24519533 2.2281117 ]
start_idx is 0; end_idx is 5000
this is 0 times / overall 2000 times
this is 100 times / overall 2000 times
this is 200 times / overall 2000 times
this is 300 times / overall 2000 times
this is 400 times / overall 2000 times
this is 500 times / overall 2000 times
this is 600 times / overall 2000 times
this is 700 times / overall 2000 times
this is 800 times / overall 2000 times
this is 900 times / overall 2000 times
this is 1000 times / overall 2000 times
this is 1100 times / overall 2000 times
this is 1200 times / overall 2000 times
this is 1300 times / overall 2000 times
this is 1400 times / overall 2000 times
this is 1500 times / overall 2000 times
this is 1600 times / overall 2000 times
this is 1700 times / overall 2000 times
this is 1800 times / overall 2000 times
this is 1900 times / overall 2000 times
this is 319 times which has already done.
----------------------------------------------------------------------------------------------------
this is 320 times / overall 1000 times
1.586066895204972 1.1163472524386715 1.1141912393992202
----------------------------------------------------------------------------------------------------
find index iteration: 0 5000
short indx is [[   0 4577 2333 ... 3381  379 2416]
 [   1  771  772 ... 4602  759 2636]
 [   2 2517 1672 ... 3065 2822 2460]
 ...
 [4997 3112 4089 ... 2677 4240 1075]
 [4998 2064 1038 ... 1961 4274 2561]
 [4999 4981 1025 ... 2702 4450 4441]]
Scaled residual std at t=320: [3.17213379 2.2326945  2.22838248]
start_idx is 0; end_idx is 5000
this is 0 times / overall 2000 times
this is 100 times / overall 2000 times
this is 200 times / overall 2000 times
this is 300 times / overall 2000 times
this is 400 times / overall 2000 times
this is 500 times / overall 2000 times
this is 600 times / overall 2000 times
this is 700 times / overall 2000 times
this is 800 times / overall 2000 times
this is 900 times / overall 2000 times
this is 1000 times / overall 2000 times
this is 1100 times / overall 2000 times
this is 1200 times / overall 2000 times
this is 1300 times / overall 2000 times
this is 1400 times / overall 2000 times
this is 1500 times / overall 2000 times
this is 1600 times / overall 2000 times
this is 1700 times / overall 2000 times
this is 1800 times / overall 2000 times
this is 1900 times / overall 2000 times
this is 320 times which has already done.
----------------------------------------------------------------------------------------------------
this is 321 times / overall 1000 times
1.5891874249088862 1.1050924962201922 1.128185413087192
----------------------------------------------------------------------------------------------------
find index iteration: 0 5000
short indx is [[   0 4577  573 ... 4123 2543 4013]
 [   1  771  685 ...   66  724 4947]
 [   2 2517 1672 ... 2221 1260 4671]
 ...
 [4997 3112 4089 ... 4628 4117  808]
 [4998 2064 1038 ... 1680   52 1134]
 [4999 1437 4476 ... 3748  901 4050]]
Scaled residual std at t=321: [3.17837485 2.21018499 2.25637083]
start_idx is 0; end_idx is 5000
this is 0 times / overall 2000 times
this is 100 times / overall 2000 times
this is 200 times / overall 2000 times
this is 300 times / overall 2000 times
this is 400 times / overall 2000 times
this is 500 times / overall 2000 times
this is 600 times / overall 2000 times
this is 700 times / overall 2000 times
this is 800 times / overall 2000 times
this is 900 times / overall 2000 times
this is 1000 times / overall 2000 times
this is 1100 times / overall 2000 times
this is 1200 times / overall 2000 times
this is 1300 times / overall 2000 times
this is 1400 times / overall 2000 times
this is 1500 times / overall 2000 times
this is 1600 times / overall 2000 times
this is 1700 times / overall 2000 times
this is 1800 times / overall 2000 times
this is 1900 times / overall 2000 times
this is 321 times which has already done.
----------------------------------------------------------------------------------------------------
this is 322 times / overall 1000 times
1.5755116060805192 1.108721245361033 1.11740816584692
----------------------------------------------------------------------------------------------------
find index iteration: 0 5000
short indx is [[   0 4577 3677 ... 1423  361 4760]
 [   1  771  772 ... 1174 3522 4412]
 [   2 1672 2517 ...  989 4900 1056]
 ...
 [4997 3112 4089 ... 1374 4130 2515]
 [4998 2064 1038 ... 2746 3963 4596]
 [4999 2350 4981 ... 4813 3872 1840]]
Scaled residual std at t=322: [3.15102321 2.21744249 2.23481633]
start_idx is 0; end_idx is 5000
this is 0 times / overall 2000 times
this is 100 times / overall 2000 times
this is 200 times / overall 2000 times
this is 300 times / overall 2000 times
this is 400 times / overall 2000 times
this is 500 times / overall 2000 times
this is 600 times / overall 2000 times
this is 700 times / overall 2000 times
this is 800 times / overall 2000 times
this is 900 times / overall 2000 times
this is 1000 times / overall 2000 times
this is 1100 times / overall 2000 times
this is 1200 times / overall 2000 times
this is 1300 times / overall 2000 times
this is 1400 times / overall 2000 times
this is 1500 times / overall 2000 times
this is 1600 times / overall 2000 times
this is 1700 times / overall 2000 times
this is 1800 times / overall 2000 times
this is 1900 times / overall 2000 times
this is 322 times which has already done.
----------------------------------------------------------------------------------------------------
this is 323 times / overall 1000 times
1.5553040812256895 1.113721098392765 1.1145881163204823
----------------------------------------------------------------------------------------------------
find index iteration: 0 5000
short indx is [[   0 4577  573 ... 4688 4421 1433]
 [   1  771  772 ... 2271 2314 4878]
 [   2 1098 2206 ... 3498  767 4887]
 ...
 [4997 4089 3112 ... 2800 3606 2643]
 [4998 2064 1038 ...  617 1392 4804]
 [4999 4981 2350 ... 1655 3296 2154]]
Scaled residual std at t=323: [3.11060816 2.2274422  2.22917623]
start_idx is 0; end_idx is 5000
this is 0 times / overall 2000 times
this is 100 times / overall 2000 times
this is 200 times / overall 2000 times
this is 300 times / overall 2000 times
this is 400 times / overall 2000 times
this is 500 times / overall 2000 times
this is 600 times / overall 2000 times
this is 700 times / overall 2000 times
this is 800 times / overall 2000 times
this is 900 times / overall 2000 times
this is 1000 times / overall 2000 times
this is 1100 times / overall 2000 times
this is 1200 times / overall 2000 times
this is 1300 times / overall 2000 times
this is 1400 times / overall 2000 times
this is 1500 times / overall 2000 times
this is 1600 times / overall 2000 times
this is 1700 times / overall 2000 times
this is 1800 times / overall 2000 times
this is 1900 times / overall 2000 times
this is 323 times which has already done.
----------------------------------------------------------------------------------------------------
this is 324 times / overall 1000 times
1.596378423954143 1.1079260770250554 1.1195663635292459
----------------------------------------------------------------------------------------------------
find index iteration: 0 5000
short indx is [[   0  573 4577 ... 4694 1272 3423]
 [   1  772  771 ... 1350 2622  154]
 [   2 2206  310 ... 3078 2676  785]
 ...
 [4997 4089 3112 ... 2348  511 1169]
 [4998 2064 1038 ... 2613 3925 3912]
 [4999 4063 4930 ... 2065 1268 2181]]
Scaled residual std at t=324: [3.19275685 2.21585215 2.23913273]
start_idx is 0; end_idx is 5000
this is 0 times / overall 2000 times
this is 100 times / overall 2000 times
this is 200 times / overall 2000 times
this is 300 times / overall 2000 times
this is 400 times / overall 2000 times
this is 500 times / overall 2000 times
this is 600 times / overall 2000 times
this is 700 times / overall 2000 times
this is 800 times / overall 2000 times
this is 900 times / overall 2000 times
this is 1000 times / overall 2000 times
this is 1100 times / overall 2000 times
this is 1200 times / overall 2000 times
this is 1300 times / overall 2000 times
this is 1400 times / overall 2000 times
this is 1500 times / overall 2000 times
this is 1600 times / overall 2000 times
this is 1700 times / overall 2000 times
this is 1800 times / overall 2000 times
this is 1900 times / overall 2000 times
this is 324 times which has already done.
----------------------------------------------------------------------------------------------------
this is 325 times / overall 1000 times
1.5895733643870265 1.1056235529121932 1.1146423188699568
----------------------------------------------------------------------------------------------------
find index iteration: 0 5000
short indx is [[   0 4577  573 ... 2968 2249 4738]
 [   1  772  771 ... 4349 1892 2243]
 [   2 2206 1684 ... 3700 3419 4384]
 ...
 [4997 4089  340 ... 1823 1227 1512]
 [4998 1038 3970 ... 1137 2062 4363]
 [4999 4063 4930 ... 3766 2487 1677]]
Scaled residual std at t=325: [3.17914673 2.21124711 2.22928464]
start_idx is 0; end_idx is 5000
this is 0 times / overall 2000 times
this is 100 times / overall 2000 times
this is 200 times / overall 2000 times
this is 300 times / overall 2000 times
this is 400 times / overall 2000 times
this is 500 times / overall 2000 times
this is 600 times / overall 2000 times
this is 700 times / overall 2000 times
this is 800 times / overall 2000 times
this is 900 times / overall 2000 times
this is 1000 times / overall 2000 times
this is 1100 times / overall 2000 times
this is 1200 times / overall 2000 times
this is 1300 times / overall 2000 times
this is 1400 times / overall 2000 times
this is 1500 times / overall 2000 times
this is 1600 times / overall 2000 times
this is 1700 times / overall 2000 times
this is 1800 times / overall 2000 times
this is 1900 times / overall 2000 times
this is 325 times which has already done.
----------------------------------------------------------------------------------------------------
this is 326 times / overall 1000 times
1.6049107922531864 1.121031595458778 1.1324002413710486
----------------------------------------------------------------------------------------------------
find index iteration: 0 5000
short indx is [[   0 1566 4577 ... 2273 4458 3300]
 [   1  685  771 ... 2969 1182 2363]
 [   2  198 4949 ... 3824 1965 3361]
 ...
 [4997 4089 4744 ... 1284 1102 4165]
 [4998 2725 2870 ... 2751 1765 1206]
 [4999  767 4930 ... 2684 2702 4761]]
Scaled residual std at t=326: [3.20982158 2.24206319 2.26480048]
start_idx is 0; end_idx is 5000
this is 0 times / overall 2000 times
this is 100 times / overall 2000 times
this is 200 times / overall 2000 times
this is 300 times / overall 2000 times
this is 400 times / overall 2000 times
this is 500 times / overall 2000 times
this is 600 times / overall 2000 times
this is 700 times / overall 2000 times
this is 800 times / overall 2000 times
this is 900 times / overall 2000 times
this is 1000 times / overall 2000 times
this is 1100 times / overall 2000 times
this is 1200 times / overall 2000 times
this is 1300 times / overall 2000 times
this is 1400 times / overall 2000 times
this is 1500 times / overall 2000 times
this is 1600 times / overall 2000 times
this is 1700 times / overall 2000 times
this is 1800 times / overall 2000 times
this is 1900 times / overall 2000 times
this is 326 times which has already done.
----------------------------------------------------------------------------------------------------
this is 327 times / overall 1000 times
1.5715180136264788 1.1374227122692109 1.124002571024401
----------------------------------------------------------------------------------------------------
find index iteration: 0 5000
short indx is [[   0 3834  573 ... 1075 3026  423]
 [   1  771  685 ...   78 3185 4957]
 [   2  198 4727 ... 2451 4400  315]
 ...
 [4997 4089 4744 ... 4198 1880 3438]
 [4998 2064 2870 ...  998  430 4268]
 [4999 4930 1749 ...  173 1851   55]]
Scaled residual std at t=327: [3.14303603 2.27484542 2.24800514]
start_idx is 0; end_idx is 5000
this is 0 times / overall 2000 times
this is 100 times / overall 2000 times
this is 200 times / overall 2000 times
this is 300 times / overall 2000 times
this is 400 times / overall 2000 times
this is 500 times / overall 2000 times
this is 600 times / overall 2000 times
this is 700 times / overall 2000 times
this is 800 times / overall 2000 times
this is 900 times / overall 2000 times
this is 1000 times / overall 2000 times
this is 1100 times / overall 2000 times
this is 1200 times / overall 2000 times
this is 1300 times / overall 2000 times
this is 1400 times / overall 2000 times
this is 1500 times / overall 2000 times
this is 1600 times / overall 2000 times
this is 1700 times / overall 2000 times
this is 1800 times / overall 2000 times
this is 1900 times / overall 2000 times
this is 327 times which has already done.
----------------------------------------------------------------------------------------------------
this is 328 times / overall 1000 times
1.585114090192287 1.1254636203373418 1.1186529037636728
----------------------------------------------------------------------------------------------------
find index iteration: 0 5000
short indx is [[   0 3834 1566 ...  290 2500 1558]
 [   1  772  771 ... 2826 4238  883]
 [   2 4727 1180 ... 1934 2165 4695]
 ...
 [4997 4089 4744 ...  897 1431  894]
 [4998 3551 1038 ... 3616 3808 1978]
 [4999 4930 1749 ... 4926    0 1509]]
Scaled residual std at t=328: [3.17022818 2.25092724 2.23730581]
start_idx is 0; end_idx is 5000
this is 0 times / overall 2000 times
this is 100 times / overall 2000 times
this is 200 times / overall 2000 times
this is 300 times / overall 2000 times
this is 400 times / overall 2000 times
this is 500 times / overall 2000 times
this is 600 times / overall 2000 times
this is 700 times / overall 2000 times
this is 800 times / overall 2000 times
this is 900 times / overall 2000 times
this is 1000 times / overall 2000 times
this is 1100 times / overall 2000 times
this is 1200 times / overall 2000 times
this is 1300 times / overall 2000 times
this is 1400 times / overall 2000 times
this is 1500 times / overall 2000 times
this is 1600 times / overall 2000 times
this is 1700 times / overall 2000 times
this is 1800 times / overall 2000 times
this is 1900 times / overall 2000 times
this is 328 times which has already done.
----------------------------------------------------------------------------------------------------
this is 329 times / overall 1000 times
1.5990295503171428 1.112954458937942 1.1321766846794767
----------------------------------------------------------------------------------------------------
find index iteration: 0 5000
short indx is [[   0 3834 1566 ... 3528 3842 1396]
 [   1  771  963 ... 2271  141 1745]
 [   2 1180 4027 ...   41 4279 1811]
 ...
 [4997 4089 4744 ... 1424 3332 2406]
 [4998 3551 1038 ...  806 3906 4788]
 [4999 4930 1749 ... 1330 3759 3373]]
Scaled residual std at t=329: [3.1980591  2.22590892 2.26435337]
start_idx is 0; end_idx is 5000
this is 0 times / overall 2000 times
this is 100 times / overall 2000 times
this is 200 times / overall 2000 times
this is 300 times / overall 2000 times
this is 400 times / overall 2000 times
this is 500 times / overall 2000 times
this is 600 times / overall 2000 times
this is 700 times / overall 2000 times
this is 800 times / overall 2000 times
this is 900 times / overall 2000 times
this is 1000 times / overall 2000 times
this is 1100 times / overall 2000 times
this is 1200 times / overall 2000 times
this is 1300 times / overall 2000 times
this is 1400 times / overall 2000 times
this is 1500 times / overall 2000 times
this is 1600 times / overall 2000 times
this is 1700 times / overall 2000 times
this is 1800 times / overall 2000 times
this is 1900 times / overall 2000 times
this is 329 times which has already done.
----------------------------------------------------------------------------------------------------
this is 330 times / overall 1000 times
1.5679256918244613 1.1050234940332575 1.1212327607134391
----------------------------------------------------------------------------------------------------
find index iteration: 0 5000
short indx is [[   0 3834 1566 ... 4570  545  762]
 [   1  963  771 ... 3585 2471  523]
 [   2 4027 4904 ... 2398 4834 4396]
 ...
 [4997 4089 4744 ... 3546 4529 4666]
 [4998 1038 2620 ... 1798 1377  108]
 [4999 3529 4063 ... 1600 3629  569]]
Scaled residual std at t=330: [3.13585138 2.21004699 2.24246552]
start_idx is 0; end_idx is 5000
this is 0 times / overall 2000 times
this is 100 times / overall 2000 times
this is 200 times / overall 2000 times
this is 300 times / overall 2000 times
this is 400 times / overall 2000 times
this is 500 times / overall 2000 times
this is 600 times / overall 2000 times
this is 700 times / overall 2000 times
this is 800 times / overall 2000 times
this is 900 times / overall 2000 times
this is 1000 times / overall 2000 times
this is 1100 times / overall 2000 times
this is 1200 times / overall 2000 times
this is 1300 times / overall 2000 times
this is 1400 times / overall 2000 times
this is 1500 times / overall 2000 times
this is 1600 times / overall 2000 times
this is 1700 times / overall 2000 times
this is 1800 times / overall 2000 times
this is 1900 times / overall 2000 times
this is 330 times which has already done.
----------------------------------------------------------------------------------------------------
this is 331 times / overall 1000 times
1.5689679360881648 1.1074128600096351 1.1058317275877037
----------------------------------------------------------------------------------------------------
find index iteration: 0 5000
short indx is [[   0 3834 1566 ...  873  914 1515]
 [   1  963 3410 ... 1895  861 4578]
 [   2 4027  986 ... 4274   81  747]
 ...
 [4997 4089 4744 ... 1200  794 3678]
 [4998 2975 3551 ... 1357 2743 1727]
 [4999 4063 1749 ...  462 3949 4798]]
Scaled residual std at t=331: [3.13793587 2.21482572 2.21166346]
start_idx is 0; end_idx is 5000
this is 0 times / overall 2000 times
this is 100 times / overall 2000 times
this is 200 times / overall 2000 times
this is 300 times / overall 2000 times
this is 400 times / overall 2000 times
this is 500 times / overall 2000 times
this is 600 times / overall 2000 times
this is 700 times / overall 2000 times
this is 800 times / overall 2000 times
this is 900 times / overall 2000 times
this is 1000 times / overall 2000 times
this is 1100 times / overall 2000 times
this is 1200 times / overall 2000 times
this is 1300 times / overall 2000 times
this is 1400 times / overall 2000 times
this is 1500 times / overall 2000 times
this is 1600 times / overall 2000 times
this is 1700 times / overall 2000 times
this is 1800 times / overall 2000 times
this is 1900 times / overall 2000 times
this is 331 times which has already done.
----------------------------------------------------------------------------------------------------
this is 332 times / overall 1000 times
1.6017915998824244 1.1162137720250427 1.1266454672559563
----------------------------------------------------------------------------------------------------
find index iteration: 0 5000
short indx is [[   0  573 1566 ...  730 2567 2891]
 [   1  963 3410 ... 3383  977 4706]
 [   2 3692  291 ... 4920  429  919]
 ...
 [4997 4089 4744 ... 4668 3051   60]
 [4998 2870 2975 ... 4007 3926  328]
 [4999 4930 1749 ... 2306  462 1470]]
Scaled residual std at t=332: [3.2035832  2.23242754 2.25329093]
start_idx is 0; end_idx is 5000
this is 0 times / overall 2000 times
this is 100 times / overall 2000 times
this is 200 times / overall 2000 times
this is 300 times / overall 2000 times
this is 400 times / overall 2000 times
this is 500 times / overall 2000 times
this is 600 times / overall 2000 times
this is 700 times / overall 2000 times
this is 800 times / overall 2000 times
this is 900 times / overall 2000 times
this is 1000 times / overall 2000 times
this is 1100 times / overall 2000 times
this is 1200 times / overall 2000 times
this is 1300 times / overall 2000 times
this is 1400 times / overall 2000 times
this is 1500 times / overall 2000 times
this is 1600 times / overall 2000 times
this is 1700 times / overall 2000 times
this is 1800 times / overall 2000 times
this is 1900 times / overall 2000 times
this is 332 times which has already done.
----------------------------------------------------------------------------------------------------
this is 333 times / overall 1000 times
1.5391887171978809 1.1273041717792527 1.117798410461021
----------------------------------------------------------------------------------------------------
find index iteration: 0 5000
short indx is [[   0 3834 4397 ... 3961 2182 3328]
 [   1  963 3410 ... 4576 1693 4995]
 [   2 4727 1519 ... 2069 4984 4201]
 ...
 [4997 4089 4744 ... 2245 2799 3725]
 [4998 2870 2975 ... 4647 3203 4193]
 [4999 1749 4930 ... 3925  324 4898]]
Scaled residual std at t=333: [3.07837743 2.25460834 2.23559682]
start_idx is 0; end_idx is 5000
this is 0 times / overall 2000 times
this is 100 times / overall 2000 times
this is 200 times / overall 2000 times
this is 300 times / overall 2000 times
this is 400 times / overall 2000 times
this is 500 times / overall 2000 times
this is 600 times / overall 2000 times
this is 700 times / overall 2000 times
this is 800 times / overall 2000 times
this is 900 times / overall 2000 times
this is 1000 times / overall 2000 times
this is 1100 times / overall 2000 times
this is 1200 times / overall 2000 times
this is 1300 times / overall 2000 times
this is 1400 times / overall 2000 times
this is 1500 times / overall 2000 times
this is 1600 times / overall 2000 times
this is 1700 times / overall 2000 times
this is 1800 times / overall 2000 times
this is 1900 times / overall 2000 times
this is 333 times which has already done.
----------------------------------------------------------------------------------------------------
this is 334 times / overall 1000 times
1.5972787771541899 1.122786770888169 1.0947015150867307
----------------------------------------------------------------------------------------------------
find index iteration: 0 5000
short indx is [[   0 3834 4397 ... 4919 3229  361]
 [   1  963 3410 ... 3190 2252 2771]
 [   2 1633 4761 ... 2218  664 4044]
 ...
 [4997 4744 4089 ... 2884 3059 4117]
 [4998 2870 2725 ... 4934  760 2393]
 [4999 4930 4063 ... 2920 2696   25]]
Scaled residual std at t=334: [3.19455755 2.24557354 2.18940303]
start_idx is 0; end_idx is 5000
this is 0 times / overall 2000 times
this is 100 times / overall 2000 times
this is 200 times / overall 2000 times
this is 300 times / overall 2000 times
this is 400 times / overall 2000 times
this is 500 times / overall 2000 times
this is 600 times / overall 2000 times
this is 700 times / overall 2000 times
this is 800 times / overall 2000 times
this is 900 times / overall 2000 times
this is 1000 times / overall 2000 times
this is 1100 times / overall 2000 times
this is 1200 times / overall 2000 times
this is 1300 times / overall 2000 times
this is 1400 times / overall 2000 times
this is 1500 times / overall 2000 times
this is 1600 times / overall 2000 times
this is 1700 times / overall 2000 times
this is 1800 times / overall 2000 times
this is 1900 times / overall 2000 times
this is 334 times which has already done.
----------------------------------------------------------------------------------------------------
this is 335 times / overall 1000 times
1.5950232906901367 1.1316362550105665 1.1455632964485587
----------------------------------------------------------------------------------------------------
find index iteration: 0 5000
short indx is [[   0 3834 4397 ...  979 4450 3108]
 [   1  963 3410 ... 1661 2229 4213]
 [   2 1633 2644 ... 2721  265 3861]
 ...
 [4997 4744 3112 ... 3031 3496 3188]
 [4998 2886 2725 ...  766  774 3506]
 [4999 1533  692 ... 1668  212 3968]]
Scaled residual std at t=335: [3.19004658 2.26327251 2.29112659]
start_idx is 0; end_idx is 5000
this is 0 times / overall 2000 times
this is 100 times / overall 2000 times
this is 200 times / overall 2000 times
this is 300 times / overall 2000 times
this is 400 times / overall 2000 times
this is 500 times / overall 2000 times
this is 600 times / overall 2000 times
this is 700 times / overall 2000 times
this is 800 times / overall 2000 times
this is 900 times / overall 2000 times
this is 1000 times / overall 2000 times
this is 1100 times / overall 2000 times
this is 1200 times / overall 2000 times
this is 1300 times / overall 2000 times
this is 1400 times / overall 2000 times
this is 1500 times / overall 2000 times
this is 1600 times / overall 2000 times
this is 1700 times / overall 2000 times
this is 1800 times / overall 2000 times
this is 1900 times / overall 2000 times
this is 335 times which has already done.
----------------------------------------------------------------------------------------------------
this is 336 times / overall 1000 times
1.5641371912354243 1.11472387197915 1.109403182948005
----------------------------------------------------------------------------------------------------
find index iteration: 0 5000
short indx is [[   0 4397 1566 ... 3973  602 4695]
 [   1 3410  963 ... 2072 2493 3457]
 [   2  158  674 ...  346 1386 4885]
 ...
 [4997 4744 3112 ... 2245 2226 2799]
 [4998 2620 2725 ... 1954  337 2291]
 [4999 3477  692 ... 1952 3095 1127]]
Scaled residual std at t=336: [3.12827438 2.22944774 2.21880637]
start_idx is 0; end_idx is 5000
this is 0 times / overall 2000 times
this is 100 times / overall 2000 times
this is 200 times / overall 2000 times
this is 300 times / overall 2000 times
this is 400 times / overall 2000 times
this is 500 times / overall 2000 times
this is 600 times / overall 2000 times
this is 700 times / overall 2000 times
this is 800 times / overall 2000 times
this is 900 times / overall 2000 times
this is 1000 times / overall 2000 times
this is 1100 times / overall 2000 times
this is 1200 times / overall 2000 times
this is 1300 times / overall 2000 times
this is 1400 times / overall 2000 times
this is 1500 times / overall 2000 times
this is 1600 times / overall 2000 times
this is 1700 times / overall 2000 times
this is 1800 times / overall 2000 times
this is 1900 times / overall 2000 times
this is 336 times which has already done.
----------------------------------------------------------------------------------------------------
this is 337 times / overall 1000 times
1.577321874491228 1.1216367063922277 1.1165521311777782
----------------------------------------------------------------------------------------------------
find index iteration: 0 5000
short indx is [[   0 1566 4397 ... 2672 3610 2531]
 [   1 3410  963 ... 4430 1857 2882]
 [   2 4249 4761 ... 1811 2925 4252]
 ...
 [4997 4744 3112 ... 1365  947  216]
 [4998 2725 2064 ... 4443 1011 2749]
 [4999 3477  411 ... 3242 4963 3500]]
Scaled residual std at t=337: [3.15464375 2.24327341 2.23310426]
start_idx is 0; end_idx is 5000
this is 0 times / overall 2000 times
this is 100 times / overall 2000 times
this is 200 times / overall 2000 times
this is 300 times / overall 2000 times
this is 400 times / overall 2000 times
this is 500 times / overall 2000 times
this is 600 times / overall 2000 times
this is 700 times / overall 2000 times
this is 800 times / overall 2000 times
this is 900 times / overall 2000 times
this is 1000 times / overall 2000 times
this is 1100 times / overall 2000 times
this is 1200 times / overall 2000 times
this is 1300 times / overall 2000 times
this is 1400 times / overall 2000 times
this is 1500 times / overall 2000 times
this is 1600 times / overall 2000 times
this is 1700 times / overall 2000 times
this is 1800 times / overall 2000 times
this is 1900 times / overall 2000 times
this is 337 times which has already done.
----------------------------------------------------------------------------------------------------
this is 338 times / overall 1000 times
1.5848542784450925 1.1074317324967402 1.108583922789716
----------------------------------------------------------------------------------------------------
find index iteration: 0 5000
short indx is [[   0 4397 3834 ...  103 3430 2462]
 [   1 3410  175 ... 4688 1597  410]
 [   2 4249 1180 ... 2397 1199 3960]
 ...
 [4997 3112 4744 ...  514 2603 2416]
 [4998 2725 3758 ... 3148 1564  750]
 [4999 3477 1761 ...  102 3348 3898]]
Scaled residual std at t=338: [3.16970856 2.21486346 2.21716785]
start_idx is 0; end_idx is 5000
this is 0 times / overall 2000 times
this is 100 times / overall 2000 times
this is 200 times / overall 2000 times
this is 300 times / overall 2000 times
this is 400 times / overall 2000 times
this is 500 times / overall 2000 times
this is 600 times / overall 2000 times
this is 700 times / overall 2000 times
this is 800 times / overall 2000 times
this is 900 times / overall 2000 times
this is 1000 times / overall 2000 times
this is 1100 times / overall 2000 times
this is 1200 times / overall 2000 times
this is 1300 times / overall 2000 times
this is 1400 times / overall 2000 times
this is 1500 times / overall 2000 times
this is 1600 times / overall 2000 times
this is 1700 times / overall 2000 times
this is 1800 times / overall 2000 times
this is 1900 times / overall 2000 times
this is 338 times which has already done.
----------------------------------------------------------------------------------------------------
this is 339 times / overall 1000 times
1.5873286053633946 1.1065154209343258 1.1059464548429514
----------------------------------------------------------------------------------------------------
find index iteration: 0 5000
short indx is [[   0 2815 4397 ... 4275 2393 1013]
 [   1 3410  175 ...    4 3524 2457]
 [   2 4809 4727 ... 1061 1120 2858]
 ...
 [4997 3112 4744 ... 4623 4758 4503]
 [4998 2725 2064 ...  753  549 1396]
 [4999 3477 1761 ... 1821  804 3004]]
Scaled residual std at t=339: [3.17465721 2.21303084 2.21189291]
start_idx is 0; end_idx is 5000
this is 0 times / overall 2000 times
this is 100 times / overall 2000 times
this is 200 times / overall 2000 times
this is 300 times / overall 2000 times
this is 400 times / overall 2000 times
this is 500 times / overall 2000 times
this is 600 times / overall 2000 times
this is 700 times / overall 2000 times
this is 800 times / overall 2000 times
this is 900 times / overall 2000 times
this is 1000 times / overall 2000 times
this is 1100 times / overall 2000 times
this is 1200 times / overall 2000 times
this is 1300 times / overall 2000 times
this is 1400 times / overall 2000 times
this is 1500 times / overall 2000 times
this is 1600 times / overall 2000 times
this is 1700 times / overall 2000 times
this is 1800 times / overall 2000 times
this is 1900 times / overall 2000 times
this is 339 times which has already done.
----------------------------------------------------------------------------------------------------
this is 340 times / overall 1000 times
1.5855425796867884 1.1215821615859982 1.1163665590298624
----------------------------------------------------------------------------------------------------
find index iteration: 0 5000
short indx is [[   0 4397 2815 ...  538 1949 2466]
 [   1 3410  963 ... 1666 4216 3184]
 [   2 4761 4809 ... 4008 1809 1080]
 ...
 [4997 3112 3836 ... 1684 4105 4111]
 [4998 3758 4876 ...  524 1977 4983]
 [4999 3537 3288 ... 4018 1484 3861]]
Scaled residual std at t=340: [3.17108516 2.24316432 2.23273312]
start_idx is 0; end_idx is 5000
this is 0 times / overall 2000 times
this is 100 times / overall 2000 times
this is 200 times / overall 2000 times
this is 300 times / overall 2000 times
this is 400 times / overall 2000 times
this is 500 times / overall 2000 times
this is 600 times / overall 2000 times
this is 700 times / overall 2000 times
this is 800 times / overall 2000 times
this is 900 times / overall 2000 times
this is 1000 times / overall 2000 times
this is 1100 times / overall 2000 times
this is 1200 times / overall 2000 times
this is 1300 times / overall 2000 times
this is 1400 times / overall 2000 times
this is 1500 times / overall 2000 times
this is 1600 times / overall 2000 times
this is 1700 times / overall 2000 times
this is 1800 times / overall 2000 times
this is 1900 times / overall 2000 times
this is 340 times which has already done.
----------------------------------------------------------------------------------------------------
this is 341 times / overall 1000 times
1.5958520390049338 1.1255417959747591 1.1042577002880094
----------------------------------------------------------------------------------------------------
find index iteration: 0 5000
short indx is [[   0 2815 4397 ... 3776 3237 4364]
 [   1 3410  963 ... 2677  838 2300]
 [   2 3504 3135 ... 4041 2596 1491]
 ...
 [4997 3112 3836 ... 3510 1754  713]
 [4998 4876 3677 ... 2597 3150 4227]
 [4999 2264 2050 ...  753 4906 2530]]
Scaled residual std at t=341: [3.19170408 2.25108359 2.2085154 ]
start_idx is 0; end_idx is 5000
this is 0 times / overall 2000 times
this is 100 times / overall 2000 times
this is 200 times / overall 2000 times
this is 300 times / overall 2000 times
this is 400 times / overall 2000 times
this is 500 times / overall 2000 times
this is 600 times / overall 2000 times
this is 700 times / overall 2000 times
this is 800 times / overall 2000 times
this is 900 times / overall 2000 times
this is 1000 times / overall 2000 times
this is 1100 times / overall 2000 times
this is 1200 times / overall 2000 times
this is 1300 times / overall 2000 times
this is 1400 times / overall 2000 times
this is 1500 times / overall 2000 times
this is 1600 times / overall 2000 times
this is 1700 times / overall 2000 times
this is 1800 times / overall 2000 times
this is 1900 times / overall 2000 times
this is 341 times which has already done.
----------------------------------------------------------------------------------------------------
this is 342 times / overall 1000 times
1.6088254107834146 1.127379036926748 1.1170765363526878
----------------------------------------------------------------------------------------------------
find index iteration: 0 5000
short indx is [[   0 4397 2815 ... 2076  483 1401]
 [   1 3410 4081 ... 2355 2229 1290]
 [   2  198 4949 ... 4509 2021 2311]
 ...
 [4997 3112 1873 ... 2400 4134 4623]
 [4998 4876 3677 ... 2032 2610 3676]
 [4999 2264 1514 ... 2282 1840 4222]]
Scaled residual std at t=342: [3.21765082 2.25475807 2.23415307]
start_idx is 0; end_idx is 5000
this is 0 times / overall 2000 times
this is 100 times / overall 2000 times
this is 200 times / overall 2000 times
this is 300 times / overall 2000 times
this is 400 times / overall 2000 times
this is 500 times / overall 2000 times
this is 600 times / overall 2000 times
this is 700 times / overall 2000 times
this is 800 times / overall 2000 times
this is 900 times / overall 2000 times
this is 1000 times / overall 2000 times
this is 1100 times / overall 2000 times
this is 1200 times / overall 2000 times
this is 1300 times / overall 2000 times
this is 1400 times / overall 2000 times
this is 1500 times / overall 2000 times
this is 1600 times / overall 2000 times
this is 1700 times / overall 2000 times
this is 1800 times / overall 2000 times
this is 1900 times / overall 2000 times
this is 342 times which has already done.
----------------------------------------------------------------------------------------------------
this is 343 times / overall 1000 times
1.5603451313071943 1.1260097924153345 1.1246063528579036
----------------------------------------------------------------------------------------------------
find index iteration: 0 5000
short indx is [[   0 4397 2815 ...   37  492 4598]
 [   1 3410 4081 ...  187  205 2208]
 [   2 4473 2760 ...  556 4202 2683]
 ...
 [4997 3112  613 ...  586  467 4134]
 [4998 3677 1379 ... 1308   42 1653]
 [4999 4847 1514 ...  878 4241 3514]]
Scaled residual std at t=343: [3.12069026 2.25201958 2.24921271]
start_idx is 0; end_idx is 5000
this is 0 times / overall 2000 times
this is 100 times / overall 2000 times
this is 200 times / overall 2000 times
this is 300 times / overall 2000 times
this is 400 times / overall 2000 times
this is 500 times / overall 2000 times
this is 600 times / overall 2000 times
this is 700 times / overall 2000 times
this is 800 times / overall 2000 times
this is 900 times / overall 2000 times
this is 1000 times / overall 2000 times
this is 1100 times / overall 2000 times
this is 1200 times / overall 2000 times
this is 1300 times / overall 2000 times
this is 1400 times / overall 2000 times
this is 1500 times / overall 2000 times
this is 1600 times / overall 2000 times
this is 1700 times / overall 2000 times
this is 1800 times / overall 2000 times
this is 1900 times / overall 2000 times
this is 343 times which has already done.
----------------------------------------------------------------------------------------------------
this is 344 times / overall 1000 times
1.5937478202358384 1.114378729823735 1.121443886993633
----------------------------------------------------------------------------------------------------
find index iteration: 0 5000
short indx is [[   0 4397 2815 ... 4401 4173 4486]
 [   1 3410 4081 ... 2023 1583  910]
 [   2 4904 3504 ... 3323  153 1233]
 ...
 [4997 3112  613 ... 3198 4603 1459]
 [4998 3677 1379 ... 4807 4685 3002]
 [4999 1514  972 ... 3902 4613 2860]]
Scaled residual std at t=344: [3.18749564 2.22875746 2.24288777]
start_idx is 0; end_idx is 5000
this is 0 times / overall 2000 times
this is 100 times / overall 2000 times
this is 200 times / overall 2000 times
this is 300 times / overall 2000 times
this is 400 times / overall 2000 times
this is 500 times / overall 2000 times
this is 600 times / overall 2000 times
this is 700 times / overall 2000 times
this is 800 times / overall 2000 times
this is 900 times / overall 2000 times
this is 1000 times / overall 2000 times
this is 1100 times / overall 2000 times
this is 1200 times / overall 2000 times
this is 1300 times / overall 2000 times
this is 1400 times / overall 2000 times
this is 1500 times / overall 2000 times
this is 1600 times / overall 2000 times
this is 1700 times / overall 2000 times
this is 1800 times / overall 2000 times
this is 1900 times / overall 2000 times
this is 344 times which has already done.
----------------------------------------------------------------------------------------------------
this is 345 times / overall 1000 times
1.5828070410376072 1.1118628308196485 1.117090802836392
----------------------------------------------------------------------------------------------------
find index iteration: 0 5000
short indx is [[   0 4397 2815 ... 3023 2248 1039]
 [   1 4081 3410 ... 3657 1944 4557]
 [   2 4761 3504 ... 4189  922 1171]
 ...
 [4997 3112  613 ... 2884 2997 2799]
 [4998 3677 1379 ... 3908   17 3049]
 [4999 3453  267 ...  998 4764 4454]]
Scaled residual std at t=345: [3.16561408 2.22372566 2.23418161]
start_idx is 0; end_idx is 5000
this is 0 times / overall 2000 times
this is 100 times / overall 2000 times
this is 200 times / overall 2000 times
this is 300 times / overall 2000 times
this is 400 times / overall 2000 times
this is 500 times / overall 2000 times
this is 600 times / overall 2000 times
this is 700 times / overall 2000 times
this is 800 times / overall 2000 times
this is 900 times / overall 2000 times
this is 1000 times / overall 2000 times
this is 1100 times / overall 2000 times
this is 1200 times / overall 2000 times
this is 1300 times / overall 2000 times
this is 1400 times / overall 2000 times
this is 1500 times / overall 2000 times
this is 1600 times / overall 2000 times
this is 1700 times / overall 2000 times
this is 1800 times / overall 2000 times
this is 1900 times / overall 2000 times
this is 345 times which has already done.
----------------------------------------------------------------------------------------------------
this is 346 times / overall 1000 times
1.5819554403546343 1.120212900538932 1.1042280503283082
----------------------------------------------------------------------------------------------------
find index iteration: 0 5000
short indx is [[   0 4397 2815 ... 1226  468 4243]
 [   1 3410 4081 ... 4515 2525 1591]
 [   2 4904 3504 ... 1198 2864 3818]
 ...
 [4997 3112 2666 ... 3888 2468 3606]
 [4998 1379 3677 ... 3391   17  391]
 [4999  972 3579 ... 3544 4517 4909]]
Scaled residual std at t=346: [3.16391088 2.2404258  2.2084561 ]
start_idx is 0; end_idx is 5000
this is 0 times / overall 2000 times
this is 100 times / overall 2000 times
this is 200 times / overall 2000 times
this is 300 times / overall 2000 times
this is 400 times / overall 2000 times
this is 500 times / overall 2000 times
this is 600 times / overall 2000 times
this is 700 times / overall 2000 times
this is 800 times / overall 2000 times
this is 900 times / overall 2000 times
this is 1000 times / overall 2000 times
this is 1100 times / overall 2000 times
this is 1200 times / overall 2000 times
this is 1300 times / overall 2000 times
this is 1400 times / overall 2000 times
this is 1500 times / overall 2000 times
this is 1600 times / overall 2000 times
this is 1700 times / overall 2000 times
this is 1800 times / overall 2000 times
this is 1900 times / overall 2000 times
this is 346 times which has already done.
----------------------------------------------------------------------------------------------------
this is 347 times / overall 1000 times
1.5555003205508167 1.1168385097530478 1.1064290042142135
----------------------------------------------------------------------------------------------------
find index iteration: 0 5000
short indx is [[   0  936 4397 ... 4173 1604 1252]
 [   1 3410 4081 ... 3760 2243 4741]
 [   2 3692 2151 ... 2086 3205 3427]
 ...
 [4997 3112 1873 ...  794 4756  995]
 [4998 1566 3677 ... 2799 4786 2998]
 [4999 1231 2175 ... 3299 2722 2051]]
Scaled residual std at t=347: [3.11100064 2.23367702 2.21285801]
start_idx is 0; end_idx is 5000
this is 0 times / overall 2000 times
this is 100 times / overall 2000 times
this is 200 times / overall 2000 times
this is 300 times / overall 2000 times
this is 400 times / overall 2000 times
this is 500 times / overall 2000 times
this is 600 times / overall 2000 times
this is 700 times / overall 2000 times
this is 800 times / overall 2000 times
this is 900 times / overall 2000 times
this is 1000 times / overall 2000 times
this is 1100 times / overall 2000 times
this is 1200 times / overall 2000 times
this is 1300 times / overall 2000 times
this is 1400 times / overall 2000 times
this is 1500 times / overall 2000 times
this is 1600 times / overall 2000 times
this is 1700 times / overall 2000 times
this is 1800 times / overall 2000 times
this is 1900 times / overall 2000 times
this is 347 times which has already done.
----------------------------------------------------------------------------------------------------
this is 348 times / overall 1000 times
1.6044492667110537 1.107328091961451 1.0946125958824908
----------------------------------------------------------------------------------------------------
find index iteration: 0 5000
short indx is [[   0  936  399 ... 2825 1692 4252]
 [   1  963 4081 ... 1722 4958  361]
 [   2 1016 2272 ... 3427  386 4108]
 ...
 [4997 3112 1873 ... 1865 4353  184]
 [4998 1379 2333 ...  869 3885 4994]
 [4999 2175 3529 ... 2860 2440 1948]]
Scaled residual std at t=348: [3.20889853 2.21465618 2.18922519]
start_idx is 0; end_idx is 5000
this is 0 times / overall 2000 times
this is 100 times / overall 2000 times
this is 200 times / overall 2000 times
this is 300 times / overall 2000 times
this is 400 times / overall 2000 times
this is 500 times / overall 2000 times
this is 600 times / overall 2000 times
this is 700 times / overall 2000 times
this is 800 times / overall 2000 times
this is 900 times / overall 2000 times
this is 1000 times / overall 2000 times
this is 1100 times / overall 2000 times
this is 1200 times / overall 2000 times
this is 1300 times / overall 2000 times
this is 1400 times / overall 2000 times
this is 1500 times / overall 2000 times
this is 1600 times / overall 2000 times
this is 1700 times / overall 2000 times
this is 1800 times / overall 2000 times
this is 1900 times / overall 2000 times
this is 348 times which has already done.
----------------------------------------------------------------------------------------------------
this is 349 times / overall 1000 times
1.5677967448640586 1.1276587822026178 1.081167914378978
----------------------------------------------------------------------------------------------------
find index iteration: 0 5000
short indx is [[   0  936  399 ... 4671 4252 1144]
 [   1  963 4081 ... 2341 2334 4709]
 [   2 1107 3692 ... 3434  657 1711]
 ...
 [4997 3112 1873 ... 1700   60  622]
 [4998 1379 2333 ...  177 2049  764]
 [4999 1377 2175 ...  165  287 3299]]
Scaled residual std at t=349: [3.13559349 2.25531756 2.16233583]
start_idx is 0; end_idx is 5000
this is 0 times / overall 2000 times
this is 100 times / overall 2000 times
this is 200 times / overall 2000 times
this is 300 times / overall 2000 times
this is 400 times / overall 2000 times
this is 500 times / overall 2000 times
this is 600 times / overall 2000 times
this is 700 times / overall 2000 times
this is 800 times / overall 2000 times
this is 900 times / overall 2000 times
this is 1000 times / overall 2000 times
this is 1100 times / overall 2000 times
this is 1200 times / overall 2000 times
this is 1300 times / overall 2000 times
this is 1400 times / overall 2000 times
this is 1500 times / overall 2000 times
this is 1600 times / overall 2000 times
this is 1700 times / overall 2000 times
this is 1800 times / overall 2000 times
this is 1900 times / overall 2000 times
this is 349 times which has already done.
----------------------------------------------------------------------------------------------------
this is 350 times / overall 1000 times
1.5765769790759423 1.1255532352598858 1.103172766942267
----------------------------------------------------------------------------------------------------
find index iteration: 0 5000
short indx is [[   0  936  399 ... 2938 4705 1419]
 [   1  963 4081 ... 2182 3991 4763]
 [   2 1098 1994 ... 4098 3498  470]
 ...
 [4997 3112 1873 ... 2562   64 4147]
 [4998 3998 1379 ... 4070 1964   30]
 [4999  411 2267 ... 2952 3065 2515]]
Scaled residual std at t=350: [3.15315396 2.25110647 2.20634553]
start_idx is 0; end_idx is 5000
this is 0 times / overall 2000 times
this is 100 times / overall 2000 times
this is 200 times / overall 2000 times
this is 300 times / overall 2000 times
this is 400 times / overall 2000 times
this is 500 times / overall 2000 times
this is 600 times / overall 2000 times
this is 700 times / overall 2000 times
this is 800 times / overall 2000 times
this is 900 times / overall 2000 times
this is 1000 times / overall 2000 times
this is 1100 times / overall 2000 times
this is 1200 times / overall 2000 times
this is 1300 times / overall 2000 times
this is 1400 times / overall 2000 times
this is 1500 times / overall 2000 times
this is 1600 times / overall 2000 times
this is 1700 times / overall 2000 times
this is 1800 times / overall 2000 times
this is 1900 times / overall 2000 times
this is 350 times which has already done.
----------------------------------------------------------------------------------------------------
this is 351 times / overall 1000 times
1.602991035366092 1.116032666467964 1.126495821454188
----------------------------------------------------------------------------------------------------
find index iteration: 0 5000
short indx is [[   0  936  399 ... 2105 4881  436]
 [   1  963 4081 ... 2876  454  266]
 [   2 4711 4095 ... 1801  285 4730]
 ...
 [4997 1250 2666 ... 4991 4558 4886]
 [4998 3998  927 ... 3981 1332  693]
 [4999  411 2267 ... 1725 4810 4882]]
Scaled residual std at t=351: [3.20598207 2.23206533 2.25299164]
start_idx is 0; end_idx is 5000
this is 0 times / overall 2000 times
this is 100 times / overall 2000 times
this is 200 times / overall 2000 times
this is 300 times / overall 2000 times
this is 400 times / overall 2000 times
this is 500 times / overall 2000 times
this is 600 times / overall 2000 times
this is 700 times / overall 2000 times
this is 800 times / overall 2000 times
this is 900 times / overall 2000 times
this is 1000 times / overall 2000 times
this is 1100 times / overall 2000 times
this is 1200 times / overall 2000 times
this is 1300 times / overall 2000 times
this is 1400 times / overall 2000 times
this is 1500 times / overall 2000 times
this is 1600 times / overall 2000 times
this is 1700 times / overall 2000 times
this is 1800 times / overall 2000 times
this is 1900 times / overall 2000 times
this is 351 times which has already done.
----------------------------------------------------------------------------------------------------
this is 352 times / overall 1000 times
1.5609844800254185 1.1062394154014177 1.11764303890636
----------------------------------------------------------------------------------------------------
find index iteration: 0 5000
short indx is [[   0  936  399 ... 2332  970  262]
 [   1  963 4081 ...  395  905 4376]
 [   2 4711 4991 ... 3947 3095  401]
 ...
 [4997 1873  427 ... 3483 3028 2468]
 [4998 1379  927 ...   28  676 2422]
 [4999  411 3579 ... 3353 2417 4181]]
Scaled residual std at t=352: [3.12196896 2.21247883 2.23528608]
start_idx is 0; end_idx is 5000
this is 0 times / overall 2000 times
this is 100 times / overall 2000 times
this is 200 times / overall 2000 times
this is 300 times / overall 2000 times
this is 400 times / overall 2000 times
this is 500 times / overall 2000 times
this is 600 times / overall 2000 times
this is 700 times / overall 2000 times
this is 800 times / overall 2000 times
this is 900 times / overall 2000 times
this is 1000 times / overall 2000 times
this is 1100 times / overall 2000 times
this is 1200 times / overall 2000 times
this is 1300 times / overall 2000 times
this is 1400 times / overall 2000 times
this is 1500 times / overall 2000 times
this is 1600 times / overall 2000 times
this is 1700 times / overall 2000 times
this is 1800 times / overall 2000 times
this is 1900 times / overall 2000 times
this is 352 times which has already done.
----------------------------------------------------------------------------------------------------
this is 353 times / overall 1000 times
1.594020153066615 1.1201693368420031 1.1085386789282818
----------------------------------------------------------------------------------------------------
find index iteration: 0 5000
short indx is [[   0  936  399 ... 3245 3061 1337]
 [   1  963 4081 ... 3395 2107 3996]
 [   2 1650 3844 ... 1450 4018  467]
 ...
 [4997 1873 2388 ... 4510 4749 3687]
 [4998  494 3998 ... 4643 4906 4665]
 [4999  411  181 ... 3037 1656 3607]]
Scaled residual std at t=353: [3.18804031 2.24033867 2.21707736]
start_idx is 0; end_idx is 5000
this is 0 times / overall 2000 times
this is 100 times / overall 2000 times
this is 200 times / overall 2000 times
this is 300 times / overall 2000 times
this is 400 times / overall 2000 times
this is 500 times / overall 2000 times
this is 600 times / overall 2000 times
this is 700 times / overall 2000 times
this is 800 times / overall 2000 times
this is 900 times / overall 2000 times
this is 1000 times / overall 2000 times
this is 1100 times / overall 2000 times
this is 1200 times / overall 2000 times
this is 1300 times / overall 2000 times
this is 1400 times / overall 2000 times
this is 1500 times / overall 2000 times
this is 1600 times / overall 2000 times
this is 1700 times / overall 2000 times
this is 1800 times / overall 2000 times
this is 1900 times / overall 2000 times
this is 353 times which has already done.
----------------------------------------------------------------------------------------------------
this is 354 times / overall 1000 times
1.557278667628867 1.1174860956489487 1.1064894590443048
----------------------------------------------------------------------------------------------------
find index iteration: 0 5000
short indx is [[   0  936 4397 ... 4144  651 4193]
 [   1  963 4594 ... 2241 2799 2957]
 [   2 1650 4095 ... 3751 3428 1665]
 ...
 [4997 1873  613 ...  979 4431 4155]
 [4998 3998  494 ... 2597 4850 4781]
 [4999 3519 4982 ... 3192 1570 1156]]
Scaled residual std at t=354: [3.11455734 2.23497219 2.21297892]
start_idx is 0; end_idx is 5000
this is 0 times / overall 2000 times
this is 100 times / overall 2000 times
this is 200 times / overall 2000 times
this is 300 times / overall 2000 times
this is 400 times / overall 2000 times
this is 500 times / overall 2000 times
this is 600 times / overall 2000 times
this is 700 times / overall 2000 times
this is 800 times / overall 2000 times
this is 900 times / overall 2000 times
this is 1000 times / overall 2000 times
this is 1100 times / overall 2000 times
this is 1200 times / overall 2000 times
this is 1300 times / overall 2000 times
this is 1400 times / overall 2000 times
this is 1500 times / overall 2000 times
this is 1600 times / overall 2000 times
this is 1700 times / overall 2000 times
this is 1800 times / overall 2000 times
this is 1900 times / overall 2000 times
this is 354 times which has already done.
----------------------------------------------------------------------------------------------------
this is 355 times / overall 1000 times
1.5735848427831327 1.1115353830866364 1.1115569152373066
----------------------------------------------------------------------------------------------------
find index iteration: 0 5000
short indx is [[   0  399  936 ... 2370  794 4390]
 [   1  963 4081 ...  527 2631 2894]
 [   2 4095 2087 ... 4202 1037 4898]
 ...
 [4997 1873  613 ... 1700 4126 3536]
 [4998 3998  494 ... 3083 3257  848]
 [4999 3579 1437 ... 3682 2074 4810]]
Scaled residual std at t=355: [3.14716969 2.22307077 2.22311383]
start_idx is 0; end_idx is 5000
this is 0 times / overall 2000 times
this is 100 times / overall 2000 times
this is 200 times / overall 2000 times
this is 300 times / overall 2000 times
this is 400 times / overall 2000 times
this is 500 times / overall 2000 times
this is 600 times / overall 2000 times
this is 700 times / overall 2000 times
this is 800 times / overall 2000 times
this is 900 times / overall 2000 times
this is 1000 times / overall 2000 times
this is 1100 times / overall 2000 times
this is 1200 times / overall 2000 times
this is 1300 times / overall 2000 times
this is 1400 times / overall 2000 times
this is 1500 times / overall 2000 times
this is 1600 times / overall 2000 times
this is 1700 times / overall 2000 times
this is 1800 times / overall 2000 times
this is 1900 times / overall 2000 times
this is 355 times which has already done.
----------------------------------------------------------------------------------------------------
this is 356 times / overall 1000 times
1.5990266400015578 1.1200257081956986 1.1264483841370814
----------------------------------------------------------------------------------------------------
find index iteration: 0 5000
short indx is [[   0  399  936 ... 4390 3391 4850]
 [   1  963 4081 ...  505  348 2407]
 [   2 2087 4095 ... 3920 3137 4465]
 ...
 [4997 1873 2339 ...  154  944 3596]
 [4998 3998 2815 ... 3067 1008 4324]
 [4999 4930 3579 ... 3154 1196 3299]]
Scaled residual std at t=356: [3.19805328 2.24005142 2.25289677]
start_idx is 0; end_idx is 5000
this is 0 times / overall 2000 times
this is 100 times / overall 2000 times
this is 200 times / overall 2000 times
this is 300 times / overall 2000 times
this is 400 times / overall 2000 times
this is 500 times / overall 2000 times
this is 600 times / overall 2000 times
this is 700 times / overall 2000 times
this is 800 times / overall 2000 times
this is 900 times / overall 2000 times
this is 1000 times / overall 2000 times
this is 1100 times / overall 2000 times
this is 1200 times / overall 2000 times
this is 1300 times / overall 2000 times
this is 1400 times / overall 2000 times
this is 1500 times / overall 2000 times
this is 1600 times / overall 2000 times
this is 1700 times / overall 2000 times
this is 1800 times / overall 2000 times
this is 1900 times / overall 2000 times
this is 356 times which has already done.
----------------------------------------------------------------------------------------------------
this is 357 times / overall 1000 times
1.5781769915445312 1.1180411149282599 1.1091597367910917
----------------------------------------------------------------------------------------------------
find index iteration: 0 5000
short indx is [[   0  936  399 ... 4565 3619 1965]
 [   1  963 4081 ... 1035 4623 2334]
 [   2 2087 3844 ... 4614 3693 4703]
 ...
 [4997 2339 1873 ... 2374 3536 1408]
 [4998 3998  927 ... 3357 1210 4330]
 [4999 3519 4930 ... 1184 1990 4252]]
Scaled residual std at t=357: [3.15635398 2.23608223 2.21831947]
start_idx is 0; end_idx is 5000
this is 0 times / overall 2000 times
this is 100 times / overall 2000 times
this is 200 times / overall 2000 times
this is 300 times / overall 2000 times
this is 400 times / overall 2000 times
this is 500 times / overall 2000 times
this is 600 times / overall 2000 times
this is 700 times / overall 2000 times
this is 800 times / overall 2000 times
this is 900 times / overall 2000 times
this is 1000 times / overall 2000 times
this is 1100 times / overall 2000 times
this is 1200 times / overall 2000 times
this is 1300 times / overall 2000 times
this is 1400 times / overall 2000 times
this is 1500 times / overall 2000 times
this is 1600 times / overall 2000 times
this is 1700 times / overall 2000 times
this is 1800 times / overall 2000 times
this is 1900 times / overall 2000 times
this is 357 times which has already done.
----------------------------------------------------------------------------------------------------
this is 358 times / overall 1000 times
1.566321918308916 1.123442163374405 1.109145796965301
----------------------------------------------------------------------------------------------------
find index iteration: 0 5000
short indx is [[   0 4397  936 ... 4061 1504 1450]
 [   1 4081  963 ... 1999 3277 2042]
 [   2 4095 2087 ... 4703  278 1228]
 ...
 [4997 2339 3334 ... 1746  799 2784]
 [4998 3998  927 ... 4568 1189 1949]
 [4999  181 2267 ...  499 4834  418]]
Scaled residual std at t=358: [3.13264384 2.24688433 2.21829159]
start_idx is 0; end_idx is 5000
this is 0 times / overall 2000 times
this is 100 times / overall 2000 times
this is 200 times / overall 2000 times
this is 300 times / overall 2000 times
this is 400 times / overall 2000 times
this is 500 times / overall 2000 times
this is 600 times / overall 2000 times
this is 700 times / overall 2000 times
this is 800 times / overall 2000 times
this is 900 times / overall 2000 times
this is 1000 times / overall 2000 times
this is 1100 times / overall 2000 times
this is 1200 times / overall 2000 times
this is 1300 times / overall 2000 times
this is 1400 times / overall 2000 times
this is 1500 times / overall 2000 times
this is 1600 times / overall 2000 times
this is 1700 times / overall 2000 times
this is 1800 times / overall 2000 times
this is 1900 times / overall 2000 times
this is 358 times which has already done.
----------------------------------------------------------------------------------------------------
this is 359 times / overall 1000 times
1.5748065032579508 1.1166078924254403 1.1207445490989782
----------------------------------------------------------------------------------------------------
find index iteration: 0 5000
short indx is [[   0 4397  936 ... 1692 3954 2642]
 [   1  696 4081 ... 2016 2213 3754]
 [   2 2087 4095 ... 2987 4217 2173]
 ...
 [4997 2339 1873 ... 1163 4778 4756]
 [4998 3998  927 ... 2144 3185 3719]
 [4999 4263 4992 ...  104 3524 4786]]
Scaled residual std at t=359: [3.14961301 2.23321578 2.2414891 ]
start_idx is 0; end_idx is 5000
this is 0 times / overall 2000 times
this is 100 times / overall 2000 times
this is 200 times / overall 2000 times
this is 300 times / overall 2000 times
this is 400 times / overall 2000 times
this is 500 times / overall 2000 times
this is 600 times / overall 2000 times
this is 700 times / overall 2000 times
this is 800 times / overall 2000 times
this is 900 times / overall 2000 times
this is 1000 times / overall 2000 times
this is 1100 times / overall 2000 times
this is 1200 times / overall 2000 times
this is 1300 times / overall 2000 times
this is 1400 times / overall 2000 times
this is 1500 times / overall 2000 times
this is 1600 times / overall 2000 times
this is 1700 times / overall 2000 times
this is 1800 times / overall 2000 times
this is 1900 times / overall 2000 times
this is 359 times which has already done.
----------------------------------------------------------------------------------------------------
this is 360 times / overall 1000 times
1.5812257580829598 1.115226334037445 1.103032842097063
----------------------------------------------------------------------------------------------------
find index iteration: 0 5000
short indx is [[   0 4397  936 ... 3446 4877 3148]
 [   1  696  963 ... 4150 2142 3873]
 [   2 2087 4095 ... 3103 1164  755]
 ...
 [4997 2339  613 ... 2087 1239 4373]
 [4998  927  473 ... 3092 4318 2282]
 [4999  181 2267 ... 4906 3753  104]]
Scaled residual std at t=360: [3.16245152 2.23045267 2.20606568]
start_idx is 0; end_idx is 5000
this is 0 times / overall 2000 times
this is 100 times / overall 2000 times
this is 200 times / overall 2000 times
this is 300 times / overall 2000 times
this is 400 times / overall 2000 times
this is 500 times / overall 2000 times
this is 600 times / overall 2000 times
this is 700 times / overall 2000 times
this is 800 times / overall 2000 times
this is 900 times / overall 2000 times
this is 1000 times / overall 2000 times
this is 1100 times / overall 2000 times
this is 1200 times / overall 2000 times
this is 1300 times / overall 2000 times
this is 1400 times / overall 2000 times
this is 1500 times / overall 2000 times
this is 1600 times / overall 2000 times
this is 1700 times / overall 2000 times
this is 1800 times / overall 2000 times
this is 1900 times / overall 2000 times
this is 360 times which has already done.
----------------------------------------------------------------------------------------------------
this is 361 times / overall 1000 times
1.5884094618064792 1.1213580093075675 1.132536836073105
----------------------------------------------------------------------------------------------------
find index iteration: 0 5000
short indx is [[   0  399  936 ...  474 2115  886]
 [   1  696 4081 ...  187 1815   97]
 [   2  422 1697 ... 1851 2055 3633]
 ...
 [4997 2339  613 ... 3382  302 2110]
 [4998  473  927 ...  761 2549  475]
 [4999 4263 2267 ... 2660  100 2706]]
Scaled residual std at t=361: [3.17681892 2.24271602 2.26507367]
start_idx is 0; end_idx is 5000
this is 0 times / overall 2000 times
this is 100 times / overall 2000 times
this is 200 times / overall 2000 times
this is 300 times / overall 2000 times
this is 400 times / overall 2000 times
this is 500 times / overall 2000 times
this is 600 times / overall 2000 times
this is 700 times / overall 2000 times
this is 800 times / overall 2000 times
this is 900 times / overall 2000 times
this is 1000 times / overall 2000 times
this is 1100 times / overall 2000 times
this is 1200 times / overall 2000 times
this is 1300 times / overall 2000 times
this is 1400 times / overall 2000 times
this is 1500 times / overall 2000 times
this is 1600 times / overall 2000 times
this is 1700 times / overall 2000 times
this is 1800 times / overall 2000 times
this is 1900 times / overall 2000 times
this is 361 times which has already done.
----------------------------------------------------------------------------------------------------
this is 362 times / overall 1000 times
1.573079494702128 1.1226384630472128 1.1391801589170034
----------------------------------------------------------------------------------------------------
find index iteration: 0 5000
short indx is [[   0  399  936 ...  369 2079   42]
 [   1  696 4081 ...  736  660 1284]
 [   2 1650 2087 ... 4769 3810 3765]
 ...
 [4997 2339 3262 ... 1550 2974 4764]
 [4998  473 3757 ... 1847  528  749]
 [4999  181 3659 ... 4070 2306 3472]]
Scaled residual std at t=362: [3.14615899 2.24527693 2.27836032]
start_idx is 0; end_idx is 5000
this is 0 times / overall 2000 times
this is 100 times / overall 2000 times
this is 200 times / overall 2000 times
this is 300 times / overall 2000 times
this is 400 times / overall 2000 times
this is 500 times / overall 2000 times
this is 600 times / overall 2000 times
this is 700 times / overall 2000 times
this is 800 times / overall 2000 times
this is 900 times / overall 2000 times
this is 1000 times / overall 2000 times
this is 1100 times / overall 2000 times
this is 1200 times / overall 2000 times
this is 1300 times / overall 2000 times
this is 1400 times / overall 2000 times
this is 1500 times / overall 2000 times
this is 1600 times / overall 2000 times
this is 1700 times / overall 2000 times
this is 1800 times / overall 2000 times
this is 1900 times / overall 2000 times
this is 362 times which has already done.
----------------------------------------------------------------------------------------------------
this is 363 times / overall 1000 times
1.556598553721691 1.1134862428974084 1.1053265549108737
----------------------------------------------------------------------------------------------------
find index iteration: 0 5000
short indx is [[   0  399  936 ... 4862  761 4679]
 [   1  696 4081 ... 3829 4389 1582]
 [   2 1650  422 ... 4217 1955 4561]
 ...
 [4997 2339 3262 ... 1762 1898 2504]
 [4998  473 3764 ... 3667  377 4623]
 [4999 1918 2955 ... 4399 4832 1157]]
Scaled residual std at t=363: [3.11319711 2.22697249 2.21065311]
start_idx is 0; end_idx is 5000
this is 0 times / overall 2000 times
this is 100 times / overall 2000 times
this is 200 times / overall 2000 times
this is 300 times / overall 2000 times
this is 400 times / overall 2000 times
this is 500 times / overall 2000 times
this is 600 times / overall 2000 times
this is 700 times / overall 2000 times
this is 800 times / overall 2000 times
this is 900 times / overall 2000 times
this is 1000 times / overall 2000 times
this is 1100 times / overall 2000 times
this is 1200 times / overall 2000 times
this is 1300 times / overall 2000 times
this is 1400 times / overall 2000 times
this is 1500 times / overall 2000 times
this is 1600 times / overall 2000 times
this is 1700 times / overall 2000 times
this is 1800 times / overall 2000 times
this is 1900 times / overall 2000 times
this is 363 times which has already done.
----------------------------------------------------------------------------------------------------
this is 364 times / overall 1000 times
1.578484233859736 1.0988831034648474 1.126968623047155
----------------------------------------------------------------------------------------------------
find index iteration: 0 5000
short indx is [[   0 2783  399 ... 3269 3872  113]
 [   1  696 4985 ... 3321 4082 3612]
 [   2 1650  422 ... 3396   55 1346]
 ...
 [4997 2339 1873 ... 4202 4967 2949]
 [4998  473 3757 ... 1597 2857 1758]
 [4999 1049 1918 ... 4852 3858 4672]]
Scaled residual std at t=364: [3.15696847 2.19776621 2.25393725]
start_idx is 0; end_idx is 5000
this is 0 times / overall 2000 times
this is 100 times / overall 2000 times
this is 200 times / overall 2000 times
this is 300 times / overall 2000 times
this is 400 times / overall 2000 times
this is 500 times / overall 2000 times
this is 600 times / overall 2000 times
this is 700 times / overall 2000 times
this is 800 times / overall 2000 times
this is 900 times / overall 2000 times
this is 1000 times / overall 2000 times
this is 1100 times / overall 2000 times
this is 1200 times / overall 2000 times
this is 1300 times / overall 2000 times
this is 1400 times / overall 2000 times
this is 1500 times / overall 2000 times
this is 1600 times / overall 2000 times
this is 1700 times / overall 2000 times
this is 1800 times / overall 2000 times
this is 1900 times / overall 2000 times
this is 364 times which has already done.
----------------------------------------------------------------------------------------------------
this is 365 times / overall 1000 times
1.5794830737148382 1.1186591563752333 1.1138652104021405
----------------------------------------------------------------------------------------------------
find index iteration: 0 5000
short indx is [[   0  399  139 ... 4683 2695 3912]
 [   1  696 1541 ... 3675 3510 2782]
 [   2 1923 1650 ... 3839 1861 2419]
 ...
 [4997 2339 1873 ...   55  692 1648]
 [4998 3757  473 ... 1078 3201 4190]
 [4999 1049 4053 ...  100 4297 2389]]
Scaled residual std at t=365: [3.15896615 2.23731831 2.22773042]
start_idx is 0; end_idx is 5000
this is 0 times / overall 2000 times
this is 100 times / overall 2000 times
this is 200 times / overall 2000 times
this is 300 times / overall 2000 times
this is 400 times / overall 2000 times
this is 500 times / overall 2000 times
this is 600 times / overall 2000 times
this is 700 times / overall 2000 times
this is 800 times / overall 2000 times
this is 900 times / overall 2000 times
this is 1000 times / overall 2000 times
this is 1100 times / overall 2000 times
this is 1200 times / overall 2000 times
this is 1300 times / overall 2000 times
this is 1400 times / overall 2000 times
this is 1500 times / overall 2000 times
this is 1600 times / overall 2000 times
this is 1700 times / overall 2000 times
this is 1800 times / overall 2000 times
this is 1900 times / overall 2000 times
this is 365 times which has already done.
----------------------------------------------------------------------------------------------------
this is 366 times / overall 1000 times
1.5782289707788515 1.116386315241391 1.1196713796581699
----------------------------------------------------------------------------------------------------
find index iteration: 0 5000
short indx is [[   0  399 2783 ... 1156 3350 1602]
 [   1  696 2712 ... 3681 2728 2082]
 [   2 4901 2978 ...  238 3890 3633]
 ...
 [4997 2339 1873 ... 4323 4046 4551]
 [4998 3757 3764 ... 3932   54  400]
 [4999 1049 1918 ... 1574 2040 2333]]
Scaled residual std at t=366: [3.15645794 2.23277263 2.23934276]
start_idx is 0; end_idx is 5000
this is 0 times / overall 2000 times
this is 100 times / overall 2000 times
this is 200 times / overall 2000 times
===== JOB FINISHED =====
Tue Jul  1 10:23:00 PM EDT 2025
